network_latency_ms,packet_loss_pct,network_jitter_ms,gateway_latency_ms,gateway_failure_rate_pct,gateway_timeout_rate_pct,bank_latency_ms,bank_failure_rate_pct,bank_timeout_rate_pct,total_latency_ms,payment_stage,transaction_age_ms,retry_count,order_amount_inr,error_code_category,is_timeout_flag,true_network_degradation,true_gateway_degradation,true_bank_degradation,action_label
855.05,6.08,18.85,560.85,8.34,21.33,551.02,13.62,18.01,1966.92,2,3808.86,1,11089.15,0,0,41.26,21.55,18.14,0
563.74,5.13,13.52,989.42,18.53,32.37,557.92,12.88,16.45,2111.08,2,3166.04,1,8720.37,0,0,29.93,36.59,25.88,0
839.9,7.45,16.58,371.67,5.56,11.45,538.63,14.36,10.81,1750.2,1,3442.88,1,5196.96,1,0,46.54,4.61,21.66,1
545.61,4.3,14.28,697.23,14.84,22.67,738.72,21.9,22.0,1981.56,2,1512.51,0,1977.31,0,0,19.05,24.99,29.39,0
1375.28,10.02,26.57,744.44,17.83,32.83,410.19,14.75,7.24,2529.91,1,3333.21,1,10950.26,0,0,64.76,32.45,13.9,2
526.58,0.69,10.15,298.71,2.01,13.62,491.2,22.96,8.6,1316.49,2,3097.49,2,6580.79,1,0,13.5,12.16,23.29,1
1106.29,9.66,25.84,653.05,11.46,28.13,250.36,3.37,0.76,2009.71,3,5638.45,3,9157.81,0,0,57.31,23.64,6.23,0
467.78,3.69,11.03,646.7,9.88,12.82,1314.78,39.8,32.83,2429.25,0,1805.93,0,6740.09,0,0,21.41,18.51,50.37,0
578.66,3.17,16.72,388.71,3.73,9.35,675.19,11.29,9.56,1642.57,2,3652.17,1,10386.37,0,0,24.27,16.72,21.35,0
793.34,6.99,22.22,1347.78,46.33,37.5,888.35,27.61,26.61,3029.46,2,5772.28,2,930.24,0,0,45.3,62.43,37.55,0
1124.71,10.14,24.28,1353.37,44.28,50.67,874.14,27.36,27.47,3352.22,3,5881.26,2,826.43,0,1,62.39,60.89,33.28,0
140.11,1.37,4.62,612.33,16.01,23.94,251.41,13.77,10.56,1003.85,1,2321.91,0,4016.6,0,0,10.44,27.42,8.07,0
889.68,5.71,21.79,859.42,27.11,29.37,1014.35,22.03,20.45,2763.46,1,2677.82,0,12026.44,0,0,41.26,31.27,37.17,0
601.26,5.09,15.75,1183.39,26.25,37.03,549.32,8.27,5.91,2333.97,2,4158.91,1,6457.05,0,0,32.79,41.57,17.79,0
444.08,3.23,12.61,633.28,19.24,26.46,157.29,12.87,0.0,1234.65,2,2450.04,1,14656.91,0,0,15.77,27.71,8.33,0
791.86,6.37,18.81,606.09,22.37,24.97,1191.98,42.25,28.91,2589.93,2,4073.08,2,11731.37,0,0,41.6,24.35,50.79,0
365.87,2.71,11.19,891.27,20.24,12.79,962.87,30.74,17.37,2220.0,1,3543.52,1,9219.13,0,0,15.86,30.89,42.66,0
732.77,5.78,20.38,449.72,6.61,5.66,505.88,15.54,13.16,1688.37,2,3676.33,1,3934.26,0,0,37.03,4.87,19.34,0
464.29,2.29,7.67,517.92,22.47,18.26,911.04,28.27,31.83,1893.25,1,2271.3,1,4033.19,0,0,20.5,28.12,42.56,0
495.11,3.95,18.89,879.48,25.54,23.07,844.63,23.8,22.37,2219.22,0,3898.0,1,5171.63,0,0,25.24,39.28,34.84,0
701.03,4.42,16.59,489.8,9.69,8.63,613.59,10.35,12.73,1804.42,1,3270.82,1,12725.56,0,0,29.88,15.43,24.5,0
893.27,7.96,14.94,686.53,10.63,22.83,854.02,24.82,26.36,2433.82,2,5943.07,3,11999.48,0,0,45.93,23.0,35.3,0
427.15,3.82,15.23,1062.42,13.94,20.41,815.56,22.84,16.87,2305.13,2,4453.09,2,11052.88,0,0,17.67,35.89,31.83,0
742.56,6.52,20.68,1293.58,37.84,39.18,1321.41,52.37,36.45,3357.55,1,6609.26,3,7923.82,0,0,36.32,58.49,62.98,0
433.58,3.28,12.88,625.69,21.88,23.87,1405.81,45.4,33.21,2465.09,0,4754.3,2,5608.27,0,0,24.15,29.9,56.26,0
599.27,2.73,17.19,671.03,16.46,19.39,779.56,21.48,13.13,2049.86,3,5494.56,3,11063.55,0,0,22.85,30.49,27.53,0
785.57,5.52,17.82,624.45,13.63,18.26,764.71,13.24,14.44,2174.73,2,2950.93,1,5056.69,0,0,42.09,15.96,24.28,0
567.26,3.89,12.83,767.07,20.2,22.43,569.86,13.65,17.74,1904.18,1,2754.65,0,11659.1,0,0,23.48,31.4,22.25,0
551.06,3.1,20.06,1066.49,30.83,31.91,746.94,19.21,17.39,2364.48,2,5147.63,2,2360.85,0,0,22.93,38.38,28.68,0
557.05,4.42,18.17,837.88,16.84,22.16,1531.91,46.68,31.08,2926.83,1,4797.25,2,9421.3,0,0,33.16,30.19,60.79,0
294.81,3.61,12.71,177.69,4.57,1.25,978.88,23.91,26.77,1451.37,0,4057.72,2,1565.69,0,0,12.73,6.87,43.6,0
569.21,4.33,16.06,869.23,17.54,22.83,862.34,22.22,21.58,2300.78,1,3586.55,1,8394.09,1,0,24.6,31.96,32.87,1
712.81,6.1,13.6,633.49,4.05,25.91,373.18,11.15,8.36,1719.49,2,2652.41,0,1569.31,0,0,36.44,16.7,16.22,0
170.38,1.12,7.85,277.66,0.53,8.61,619.97,9.33,12.53,1068.01,1,982.57,0,13452.99,0,0,5.59,2.25,21.74,0
349.93,3.54,10.53,303.68,6.82,19.35,866.34,27.27,24.9,1519.95,0,3326.07,1,6110.8,0,0,14.03,16.6,33.5,0
501.22,3.88,17.33,1112.19,32.62,34.86,200.47,0.0,4.3,1813.89,2,1518.23,0,9549.61,0,0,25.07,46.95,9.09,2
838.83,6.99,23.7,428.17,13.86,19.31,645.02,15.17,15.14,1912.02,3,4091.44,2,5192.16,0,0,40.57,17.4,22.91,0
1391.53,12.35,34.3,1052.08,21.96,34.32,994.03,30.01,26.84,3437.64,1,6826.34,3,8197.8,2,1,72.67,39.68,43.08,3
430.92,4.75,10.71,714.88,24.57,24.12,268.18,11.92,0.0,1413.98,2,2116.73,1,10820.51,0,0,20.37,30.36,8.83,0
157.87,1.38,3.71,712.18,15.77,13.94,618.77,17.02,7.63,1488.83,2,2281.42,1,5193.68,0,0,8.64,29.4,20.33,0
273.79,2.42,9.64,558.01,11.6,13.42,721.05,9.39,13.81,1552.85,1,3011.71,1,3267.7,0,0,8.96,20.65,23.79,0
274.84,1.98,12.27,1228.78,37.75,40.57,1316.06,34.03,34.96,2819.68,1,6352.29,3,10438.8,1,0,21.53,57.73,53.84,1
1224.34,11.68,23.69,1651.39,45.39,48.24,774.83,15.65,25.51,3650.56,2,7117.12,3,2015.64,0,1,62.41,63.62,31.07,0
218.74,1.56,5.59,913.5,26.32,23.88,1555.01,43.95,31.76,2687.25,1,4334.21,1,12385.0,0,0,7.64,34.36,63.39,0
507.44,4.98,14.4,896.72,27.49,25.13,1218.7,33.89,25.85,2622.86,3,5995.41,3,8388.33,0,0,27.36,36.3,52.78,0
623.06,4.79,18.5,611.64,6.32,4.66,1236.3,32.77,28.51,2471.0,0,3392.14,1,2249.28,0,0,36.35,13.0,48.04,0
445.44,1.87,9.79,747.55,24.18,25.66,799.44,20.12,23.41,1992.43,1,4830.14,2,7045.3,0,0,18.44,31.51,35.05,0
883.36,6.8,20.96,630.05,24.7,29.91,595.84,13.91,10.68,2109.25,0,4343.24,2,5413.09,0,0,45.73,30.4,23.98,0
1059.99,8.63,23.62,458.7,8.79,17.95,792.27,28.3,23.13,2310.96,1,2735.42,0,2444.85,0,0,53.83,15.97,36.14,2
139.51,1.63,9.84,1376.17,39.82,41.43,1198.73,38.56,33.95,2714.41,1,2818.03,1,679.57,0,0,11.47,65.81,50.78,2
870.86,6.36,16.71,1008.57,23.87,39.95,1182.08,26.05,28.91,3061.51,1,3085.14,0,6765.25,0,0,41.82,36.05,42.75,0
808.37,5.65,15.61,891.69,32.95,34.44,664.13,3.86,20.46,2364.19,1,3698.01,1,9807.76,0,0,36.29,40.55,19.17,0
544.19,2.37,18.31,764.67,28.69,21.46,403.18,9.23,1.67,1712.03,0,3855.91,1,13331.26,0,0,26.47,31.07,6.83,0
348.84,3.37,10.85,1231.23,21.44,30.89,745.67,22.73,10.18,2325.74,2,3911.91,1,5061.49,0,0,18.92,42.83,32.72,0
1080.12,8.45,25.2,751.42,18.47,27.98,1064.75,19.87,16.41,2896.29,3,4541.1,1,4635.53,0,0,53.63,24.87,32.0,0
271.57,2.67,5.51,1154.36,32.55,27.74,1144.35,25.17,29.57,2570.28,1,3749.83,1,7988.31,0,0,11.91,44.39,42.55,0
529.08,3.0,15.95,390.49,19.04,14.86,1043.39,25.84,27.77,1962.96,1,3438.51,1,8558.4,0,0,21.11,18.85,38.7,0
802.15,6.11,22.46,1035.48,37.33,32.46,980.95,26.95,17.1,2818.58,2,4636.14,2,2220.13,0,0,40.03,52.38,39.36,0
542.22,5.76,18.22,545.9,19.33,22.34,1204.28,43.21,40.6,2292.4,2,3270.35,1,1219.7,0,0,35.2,26.56,57.75,0
839.85,8.97,21.59,1199.69,28.8,31.29,1190.41,46.03,25.38,3229.95,3,5739.23,2,2753.75,0,0,52.65,43.17,52.87,0
314.43,3.51,6.35,774.3,19.95,18.84,859.92,23.34,20.74,1948.65,1,4287.59,1,9250.76,0,0,16.18,33.95,36.89,0
981.08,7.66,28.64,521.19,9.63,18.07,1120.87,38.47,30.64,2623.13,1,4278.32,1,5923.61,0,0,48.05,16.99,47.53,2
697.5,6.18,16.56,1562.61,43.95,45.51,632.97,16.53,14.42,2893.08,2,4366.94,1,1499.67,0,1,36.49,60.54,26.62,2
728.31,5.44,12.54,874.38,16.1,16.7,938.91,25.25,25.31,2541.6,1,4266.74,1,11743.43,0,0,33.83,29.7,38.71,0
250.53,1.75,7.56,862.24,29.62,22.38,1265.21,28.35,29.05,2377.97,1,5056.32,2,9546.21,0,0,12.42,35.42,51.24,0
945.82,4.69,19.82,1233.09,33.49,29.74,1019.11,22.66,25.84,3198.01,1,4351.95,1,12543.08,0,0,38.93,46.32,41.89,2
441.48,3.51,8.58,1124.13,29.0,42.89,139.7,0.0,0.0,1705.31,1,5397.08,3,4656.3,0,0,20.92,50.34,3.17,0
1645.43,12.99,33.25,1477.48,40.1,44.73,742.27,26.56,24.83,3865.19,1,4418.41,1,8552.95,1,1,85.77,55.76,30.83,1
281.58,3.17,6.09,476.46,14.59,17.16,2048.3,60.01,48.96,2806.34,2,3363.58,1,10606.46,3,0,15.46,24.06,82.57,0
316.12,1.7,14.57,452.69,21.13,10.49,194.3,10.93,2.64,963.11,2,2402.95,1,13803.84,0,0,14.98,20.71,6.5,0
845.26,6.0,18.86,771.44,14.93,27.76,1071.46,23.36,26.63,2688.16,3,3772.3,1,880.01,0,0,40.32,30.36,41.07,0
153.58,0.03,2.15,1207.81,38.96,25.56,880.47,24.13,16.24,2241.85,1,5503.73,3,13775.94,0,0,4.29,56.38,35.83,0
209.34,3.55,9.14,1588.26,44.27,50.4,932.12,31.35,27.31,2729.71,2,4109.68,1,2906.5,0,1,19.55,68.05,46.76,3
661.97,4.58,13.6,1140.1,32.75,41.46,1649.43,41.88,31.31,3451.5,0,6259.23,2,6147.46,0,0,30.11,42.8,60.34,0
679.59,5.35,15.78,570.2,8.08,14.37,590.92,6.74,7.24,1840.72,2,1735.2,0,1976.38,0,0,30.6,6.12,17.17,0
286.16,0.0,5.14,1669.93,41.6,42.48,1253.65,33.41,25.3,3209.74,0,5556.13,2,13246.78,0,0,8.21,67.26,42.6,0
1079.86,9.7,21.64,1198.37,30.85,34.39,501.98,5.83,10.78,2780.21,1,4816.01,2,4223.08,0,0,50.66,43.1,14.71,0
1195.73,8.98,24.5,609.08,24.51,23.28,999.34,26.87,22.6,2804.15,1,6723.0,3,9131.12,0,0,61.18,25.22,41.08,0
813.47,5.43,11.23,924.96,25.23,19.57,751.41,24.7,15.27,2489.84,1,3929.65,1,7128.56,0,0,30.1,31.07,27.45,0
240.32,1.66,5.01,1003.33,31.48,20.66,212.47,6.26,7.57,1456.11,1,2550.05,1,13165.1,0,0,7.87,36.03,7.74,0
30.0,1.45,4.61,1400.88,46.97,42.29,831.22,30.1,21.43,2262.1,1,2529.82,0,694.39,0,0,5.51,65.02,37.56,2
396.26,2.0,7.14,1001.23,31.31,32.72,1294.68,31.28,24.2,2692.16,1,1544.18,0,6278.89,0,0,16.58,52.55,45.23,2
854.94,5.82,13.99,338.74,0.0,10.83,862.9,29.71,23.57,2056.58,2,2445.64,0,3910.84,0,0,38.07,6.69,36.43,0
217.7,2.52,8.04,882.28,21.6,24.25,344.27,9.51,6.64,1444.26,1,1293.3,0,3955.99,0,0,13.77,34.08,10.92,0
300.12,2.15,12.29,457.01,8.45,16.19,528.63,4.15,10.26,1285.76,2,2221.16,1,8022.13,1,0,13.43,16.11,17.8,1
853.44,5.29,17.71,1291.1,47.06,49.48,1606.49,42.78,46.63,3751.02,3,5475.15,2,3663.72,0,1,37.58,57.44,70.0,0
522.63,4.79,4.94,1151.0,43.22,29.14,652.43,10.89,10.95,2326.06,1,1988.2,0,7882.39,0,0,27.1,50.36,21.18,2
686.55,7.39,20.19,713.08,17.05,27.13,287.33,6.32,8.35,1686.96,2,2395.41,1,2115.18,0,0,34.75,20.48,9.42,0
1001.16,7.3,19.62,988.75,27.99,36.87,928.17,11.58,4.35,2918.08,2,5876.07,2,13877.96,0,0,47.71,36.41,22.1,0
379.48,3.96,17.13,1493.8,38.78,43.88,550.93,25.45,16.57,2424.2,1,3688.45,1,12350.46,0,0,22.34,60.47,29.61,2
573.18,4.57,17.03,1219.9,35.6,32.94,870.13,29.17,23.32,2663.21,2,5510.75,2,1413.63,0,0,27.45,47.93,38.5,0
372.22,2.99,11.27,733.17,16.03,21.0,1259.64,33.24,28.35,2365.03,0,5195.95,2,12203.95,1,0,20.55,31.04,48.27,1
604.8,5.5,15.04,778.46,14.21,26.29,443.66,16.86,11.0,1826.92,1,3178.94,1,11564.33,0,0,30.35,26.67,23.21,0
605.69,5.14,11.43,983.73,29.78,24.56,733.21,25.82,10.89,2322.62,2,6722.47,3,1128.63,1,0,28.15,33.95,28.34,1
874.24,5.87,20.75,1510.79,46.98,39.26,882.33,20.15,20.12,3267.36,1,5090.04,1,7465.55,0,0,39.41,65.37,37.52,2
985.39,8.97,26.97,739.52,18.79,22.85,1131.99,37.19,26.67,2856.9,1,2887.36,0,2379.8,0,0,48.91,22.77,47.89,2
834.37,7.12,18.37,1085.96,26.37,37.48,1113.3,30.05,25.39,3033.62,1,4329.43,1,928.48,0,0,44.42,51.73,41.01,2
381.18,2.69,7.18,261.21,5.22,12.56,854.21,35.18,24.45,1496.6,2,1371.75,0,10111.15,0,0,11.41,10.06,34.07,0
574.45,4.23,19.58,984.86,27.86,25.1,1104.23,39.24,25.33,2663.53,2,3792.52,1,6968.0,0,0,24.73,42.77,49.51,0
284.86,3.23,12.26,193.4,10.15,18.75,1022.13,28.03,23.91,1500.39,0,2865.26,1,8641.41,1,0,20.01,8.28,37.74,1
648.07,4.45,10.17,1057.64,34.98,32.03,1117.26,31.45,25.02,2822.97,2,4729.79,2,2244.5,0,0,27.84,44.55,45.63,0
1100.42,9.57,20.65,1394.11,38.02,33.99,295.59,13.72,12.1,2790.12,0,4443.3,1,6395.66,1,0,56.4,49.26,15.62,1
345.56,1.5,15.33,538.02,14.24,14.89,455.85,10.24,15.78,1339.43,1,1541.51,0,2007.53,0,0,14.9,19.62,19.67,0
538.21,3.52,13.48,1467.59,47.76,41.87,1469.08,37.22,40.5,3474.89,3,5345.29,2,7598.28,0,0,20.17,60.17,63.07,0
581.99,5.66,11.93,1241.62,32.31,41.17,1068.88,29.39,26.71,2892.49,2,3498.44,1,6149.02,0,0,28.8,50.72,41.0,2
573.08,4.16,14.21,898.56,19.37,22.55,1578.6,49.27,32.07,3050.24,3,7294.98,3,14758.93,0,0,23.42,29.31,68.25,0
523.66,1.64,9.14,1136.12,42.53,34.89,842.77,15.66,15.92,2502.54,1,4454.14,2,388.63,0,0,18.97,50.77,29.87,0
719.83,4.54,11.58,177.21,2.79,9.42,406.75,2.56,12.03,1303.79,1,1348.24,0,4516.91,0,0,35.27,3.42,14.07,0
677.12,5.01,14.88,1514.47,49.69,39.59,1607.37,52.72,50.45,3798.96,3,6524.36,2,9211.41,0,0,31.18,63.63,72.05,0
497.18,2.59,12.01,175.94,5.28,10.21,1108.13,35.17,31.12,1781.25,1,3928.74,2,9365.36,0,0,20.09,10.12,46.02,0
264.02,2.02,3.16,491.97,12.32,11.65,1349.05,34.74,34.68,2105.04,2,4552.32,2,8384.36,1,0,8.17,16.89,53.91,1
1003.53,7.2,17.8,45.37,6.12,8.29,459.67,6.6,10.95,1508.57,1,3336.89,1,12888.67,0,0,47.35,2.7,17.64,2
352.66,3.61,8.92,746.92,29.99,17.53,1277.74,46.3,33.6,2377.32,3,5689.19,3,11223.72,0,0,19.79,35.24,59.0,0
1310.92,12.95,29.32,524.69,6.87,18.89,712.68,23.07,22.51,2548.29,3,5256.62,3,13991.96,2,1,71.24,10.3,27.41,0
1036.74,9.42,25.95,1041.92,26.79,41.87,1325.43,42.9,38.27,3404.1,2,4451.53,1,10192.42,0,0,58.75,46.15,60.28,2
1030.97,6.44,16.54,838.32,19.92,35.15,481.34,18.06,5.78,2350.62,3,1157.02,0,4016.63,0,0,45.34,33.66,10.97,0
794.94,7.86,19.76,248.3,4.33,13.65,765.17,19.56,16.5,1808.41,1,3543.44,2,8554.88,0,0,47.17,8.4,25.51,0
1162.56,8.91,22.58,1000.52,26.28,31.17,1311.84,39.51,35.03,3474.92,2,6021.59,2,11451.57,0,0,54.27,34.83,56.6,0
1036.14,8.36,17.64,768.44,12.05,22.03,1087.03,27.31,27.62,2891.6,3,3944.74,1,12470.34,1,0,51.02,21.59,43.24,1
686.3,7.11,18.83,1175.36,36.58,38.51,194.35,2.38,6.1,2056.0,1,2156.14,0,1434.38,0,0,37.58,49.61,5.14,2
699.25,5.46,20.81,699.55,11.31,14.75,853.2,13.87,11.89,2252.0,2,2720.49,0,6732.37,0,0,40.05,14.48,27.86,0
1204.88,10.83,27.87,762.18,16.62,30.61,874.3,27.2,21.01,2841.35,1,5252.23,2,3554.14,0,0,62.66,26.38,42.97,0
679.32,5.0,13.04,537.44,9.89,12.59,1243.26,43.09,35.71,2460.02,2,3971.08,1,12436.66,0,0,34.29,24.9,51.53,0
409.05,3.75,12.58,732.11,28.45,28.16,431.17,14.72,8.93,1572.34,1,2829.55,1,1140.98,0,0,16.52,37.77,19.84,0
810.11,6.36,22.31,636.9,8.3,21.21,358.01,9.7,5.27,1805.02,0,5214.13,2,5515.39,0,0,50.34,21.52,10.26,0
792.49,8.25,22.09,1420.84,45.29,43.51,212.86,2.73,10.12,2426.18,2,2952.53,1,1878.39,0,0,40.42,59.86,14.14,2
151.51,1.04,9.19,1306.05,42.33,24.04,352.84,14.76,6.36,1810.4,1,2749.14,0,9945.34,0,0,7.87,48.13,10.45,2
656.6,3.25,15.16,873.48,29.19,30.09,1596.82,44.83,36.39,3126.89,2,6392.15,3,237.57,0,0,26.36,41.57,59.68,0
577.6,4.86,13.19,1348.32,42.19,45.18,536.38,14.77,11.32,2462.3,2,4371.15,2,12599.41,0,1,25.83,63.2,22.77,0
1162.61,10.39,29.71,412.2,9.83,20.22,795.53,34.05,30.07,2370.34,2,3073.11,0,7763.86,0,0,62.4,5.36,38.92,2
662.43,4.53,10.68,1080.96,31.22,32.95,860.4,15.48,22.03,2603.78,2,2319.03,0,6240.8,0,0,26.04,46.16,32.02,2
350.18,3.46,7.14,1095.42,37.29,35.73,537.45,25.28,13.23,1983.05,2,2956.47,1,5622.42,0,0,16.95,51.74,21.78,2
1045.04,8.68,32.15,685.75,18.69,27.03,614.02,12.91,21.52,2344.81,1,2358.74,1,4883.27,0,0,54.08,22.89,19.53,2
452.26,2.88,5.99,783.8,23.69,23.93,1407.97,32.69,30.46,2644.03,1,5123.61,2,4724.74,0,0,19.48,38.44,54.91,0
276.72,0.17,3.84,885.53,35.46,31.72,730.82,14.2,16.69,1893.07,1,4009.24,1,14239.03,0,0,6.89,41.98,24.44,0
815.63,6.44,21.7,335.09,13.43,10.35,926.51,21.4,23.65,2077.23,3,3495.4,1,6957.89,0,0,40.82,12.69,38.14,0
844.74,5.38,12.78,1170.21,40.03,37.1,816.82,21.29,16.37,2831.77,2,5243.56,2,1408.42,1,0,36.17,44.37,24.75,1
655.53,5.39,19.03,1362.39,41.41,35.73,1016.43,25.23,24.29,3034.36,2,4771.25,1,7020.23,0,0,33.76,55.85,38.5,2
744.42,6.69,23.13,749.17,18.28,19.53,1296.68,31.57,45.95,2790.28,2,6357.58,3,10940.39,0,0,41.27,28.03,58.14,0
1031.72,8.72,25.07,467.42,4.17,13.56,549.31,9.97,15.85,2048.46,2,4310.73,2,8724.67,0,0,45.8,12.92,23.83,0
739.16,5.48,18.5,429.23,8.32,16.67,629.21,5.81,13.01,1797.59,2,3822.21,2,12581.0,0,0,38.01,11.14,18.58,0
539.37,3.55,9.49,538.38,16.0,13.77,757.37,23.24,12.93,1835.12,2,3037.78,1,5699.36,0,0,22.88,22.26,27.29,0
396.11,1.92,7.21,1175.99,48.19,43.24,644.47,21.4,15.4,2216.57,1,3241.97,1,13280.13,0,0,14.15,61.62,28.48,2
377.79,0.04,11.35,859.42,27.3,25.64,754.43,17.69,21.09,1991.64,3,3713.93,1,10131.19,0,0,7.29,40.08,31.83,0
860.6,9.48,15.04,986.22,22.77,26.31,141.29,0.07,0.42,1988.11,2,4470.19,2,8288.48,0,0,44.69,36.67,2.62,0
625.8,3.73,17.26,1070.45,21.58,29.23,278.37,3.18,5.54,1974.62,1,4808.33,2,11281.73,0,0,27.98,41.06,4.83,0
376.85,3.49,7.17,1205.93,37.01,39.17,655.74,16.8,15.33,2238.51,3,4186.59,2,1316.54,1,0,19.97,53.44,26.73,1
189.44,2.68,7.59,793.27,23.72,29.58,700.04,12.62,10.46,1682.75,2,2712.55,1,3892.03,1,0,8.22,37.95,21.75,1
477.61,3.08,12.04,1844.34,55.88,57.29,1354.74,36.46,26.82,3676.68,2,3623.42,0,5681.78,2,1,25.46,82.1,55.84,3
921.53,7.58,18.72,919.55,23.8,33.52,1149.51,36.91,30.4,2990.59,1,2164.67,0,9237.65,0,0,42.99,35.16,41.96,0
848.61,4.95,22.54,1270.83,42.0,43.44,515.49,15.09,13.49,2634.93,2,4584.33,2,2464.51,0,0,38.61,59.46,24.55,0
401.25,1.95,9.06,1252.46,42.34,40.96,955.68,29.74,18.63,2609.39,2,5560.23,2,14829.95,1,0,16.21,65.69,32.53,1
473.82,4.5,16.99,928.68,26.53,29.34,1332.25,34.19,34.13,2734.76,2,3064.18,0,14189.9,0,0,25.33,41.83,51.15,0
321.47,2.39,8.55,843.28,25.82,26.13,693.44,21.71,13.87,1858.19,1,2464.46,1,6600.92,0,0,16.31,28.6,27.09,0
166.99,2.44,8.57,611.02,15.11,12.04,1728.0,58.45,52.73,2506.02,1,3564.24,1,13446.3,1,0,7.95,23.08,76.84,1
1308.75,10.77,27.96,1008.21,23.5,31.24,1260.8,33.29,30.12,3577.77,1,4902.71,1,13094.91,0,0,66.68,29.49,47.3,2
319.41,3.67,8.0,767.29,20.85,24.82,1300.03,38.27,39.06,2386.73,3,3571.68,1,5602.99,0,0,20.33,31.99,57.09,0
1047.74,8.33,20.38,1194.31,32.63,39.03,986.24,31.37,28.15,3228.28,2,7047.22,3,8199.25,0,0,55.53,48.08,40.76,0
430.71,3.24,13.11,333.81,20.08,24.06,379.12,5.95,9.67,1143.64,2,2486.88,1,722.77,0,0,25.44,22.85,10.85,0
902.47,6.03,19.02,420.1,12.27,22.5,355.84,11.4,8.46,1678.41,1,2546.5,0,7715.47,0,0,43.44,20.56,17.25,0
819.64,6.53,22.95,471.24,11.14,16.47,930.79,30.78,19.19,2221.66,2,1869.92,0,7693.94,0,0,45.5,10.93,39.05,2
858.21,4.97,11.52,1388.62,44.22,43.61,194.31,3.59,9.25,2441.14,1,3605.23,1,12531.97,0,0,34.53,59.79,8.93,2
923.25,7.68,17.28,677.11,23.21,34.22,325.51,17.97,4.48,1925.87,1,3104.11,1,1199.97,1,0,42.2,35.36,17.78,1
852.47,7.25,21.45,343.92,0.0,11.01,973.92,22.98,13.29,2170.31,0,2501.72,0,9100.75,0,0,43.31,6.54,30.71,0
1011.03,6.96,21.71,897.72,23.33,24.63,498.75,15.05,11.96,2407.5,2,4919.43,1,12405.21,0,0,49.89,28.88,21.56,2
260.36,0.94,3.41,516.77,11.22,15.21,668.14,17.9,12.99,1445.28,2,1788.08,1,6264.38,0,0,7.94,19.58,23.44,0
320.32,2.79,12.25,921.09,28.64,31.49,1815.82,43.58,36.44,3057.23,1,7279.91,3,8429.88,0,0,17.62,42.57,68.93,0
1578.7,14.79,34.76,56.01,0.0,17.82,441.56,17.26,10.58,2076.27,1,2733.72,0,9875.81,2,1,77.76,0.09,18.86,3
177.9,0.95,4.06,608.95,9.95,6.3,1003.82,34.71,27.92,1790.68,1,3333.47,1,1033.3,0,0,5.86,24.04,47.27,0
393.94,3.7,15.2,305.77,9.25,11.97,1468.9,47.15,31.31,2168.62,0,2137.7,0,6873.71,0,0,20.85,13.11,54.67,0
725.82,4.56,14.93,748.86,10.07,22.79,586.47,21.22,16.79,2061.16,3,2984.17,1,3527.54,0,0,33.47,26.37,26.8,0
681.16,6.72,17.37,1123.96,32.9,36.53,982.61,28.13,16.12,2787.73,2,3175.33,0,13712.91,1,0,38.39,43.45,42.44,1
1123.29,9.91,22.67,1262.14,35.32,34.72,449.84,8.23,14.9,2835.28,3,5507.16,2,14150.05,0,0,55.05,46.75,18.95,0
810.53,6.13,21.71,1029.16,27.69,34.39,1498.05,41.56,45.07,3337.74,0,3675.77,1,11484.59,0,0,39.06,40.19,63.3,0
1049.68,9.57,24.38,534.81,6.59,18.76,960.31,37.45,27.98,2544.8,0,6934.37,3,1962.66,0,0,56.76,16.46,47.84,0
532.33,3.8,14.63,523.83,13.83,13.88,718.75,19.0,15.76,1774.9,2,3094.93,1,14965.75,0,0,20.88,16.63,25.75,0
198.79,0.61,4.76,276.49,0.0,15.19,199.55,0.0,0.5,674.83,2,1373.03,1,848.55,0,0,3.46,14.88,2.86,0
988.03,9.33,24.23,854.69,17.35,26.12,1139.92,23.99,28.31,2982.64,1,4737.61,1,14054.11,0,0,51.88,24.85,43.79,2
585.66,3.47,10.73,186.0,8.92,9.15,480.15,15.48,11.68,1251.81,1,3322.87,2,3543.56,0,0,25.7,5.36,13.89,0
249.14,1.75,13.36,488.54,7.91,11.11,687.9,16.98,10.52,1425.58,0,2967.97,1,3361.7,1,0,15.32,9.57,25.11,1
1250.21,10.06,26.07,287.73,0.0,17.01,1102.99,32.89,26.55,2640.93,2,4719.64,1,8379.19,0,0,62.83,2.71,47.43,2
263.83,2.37,14.59,351.02,1.57,0.0,690.29,18.01,12.66,1305.14,1,1415.06,0,8822.23,0,0,16.7,9.07,27.02,0
485.35,1.18,12.53,475.88,21.35,17.68,1020.35,32.64,32.68,1981.58,2,4590.44,2,7589.02,0,0,21.95,16.37,45.25,0
739.7,4.79,17.04,340.02,10.57,22.24,799.54,24.67,18.8,1879.26,3,1559.66,0,12846.96,0,0,33.59,17.47,31.37,0
713.23,3.68,23.65,343.54,3.33,10.81,524.8,14.28,12.8,1581.57,0,3787.4,1,207.4,0,0,33.68,5.94,23.36,0
609.12,3.34,15.11,736.1,21.56,17.53,204.15,7.89,5.34,1549.36,2,2130.4,0,4390.81,0,0,22.49,33.78,4.57,0
877.62,8.22,22.33,1168.25,30.02,35.74,1204.69,31.26,30.09,3250.56,3,4251.15,1,11677.31,0,0,47.84,48.34,52.67,0
398.36,2.58,6.9,1358.36,33.27,35.58,836.26,31.83,20.02,2592.98,3,3167.72,1,8101.77,0,0,15.87,61.8,37.64,0
863.94,8.59,21.29,1130.41,32.76,40.95,1642.84,47.65,33.18,3637.19,3,5867.11,2,2434.25,1,0,53.03,50.21,65.81,1
1245.44,10.6,30.81,605.84,13.44,25.81,304.91,0.0,8.79,2156.2,1,2558.27,0,6717.28,0,0,67.02,19.76,6.16,2
709.15,5.98,16.71,1317.75,31.3,42.19,425.48,16.79,10.6,2452.38,0,6245.27,3,812.29,0,0,36.3,50.66,14.99,0
878.29,8.24,17.46,783.06,15.27,35.07,590.43,23.13,16.55,2251.78,0,3418.56,1,2971.18,0,0,37.38,36.63,30.67,0
358.41,2.21,7.2,976.55,29.02,37.3,528.79,20.76,23.5,1863.75,2,3551.24,1,9954.85,0,0,15.57,40.04,23.94,0
1594.58,12.8,34.24,666.69,13.68,25.08,622.01,8.76,17.06,2883.29,2,6703.82,3,2516.57,2,1,80.08,19.71,24.53,3
284.06,1.77,10.69,469.68,14.82,10.7,459.24,7.13,5.87,1212.98,2,1875.4,0,8212.47,0,0,15.36,12.68,14.63,0
635.11,3.65,18.45,719.08,16.31,20.85,886.83,22.82,28.05,2241.02,2,4830.55,2,8137.93,0,0,32.32,24.08,33.99,0
1082.31,9.72,29.5,370.0,0.0,14.92,991.52,28.16,23.32,2443.83,1,5081.34,2,1745.62,0,0,59.4,9.56,39.92,0
336.91,3.9,12.89,1014.71,33.81,29.46,733.67,23.74,16.05,2085.29,3,3232.7,1,14015.3,0,0,18.69,41.01,29.12,0
572.45,6.89,12.5,654.45,24.39,25.69,1398.45,45.89,36.1,2625.35,2,5564.3,2,9356.08,0,0,31.47,27.35,60.45,0
324.93,2.46,6.18,913.8,16.3,31.21,1033.57,22.73,29.18,2272.3,0,2788.8,1,12328.89,0,0,16.34,31.19,45.75,0
1056.03,7.02,22.99,1460.4,45.59,48.84,717.15,12.21,11.0,3233.57,3,5449.1,2,8078.58,0,1,45.14,62.15,20.98,0
1061.01,9.51,24.53,452.8,14.54,14.22,672.2,13.45,20.29,2186.0,2,4236.85,2,11326.4,0,0,54.76,12.62,21.77,0
243.62,3.79,15.54,154.26,9.41,0.11,646.53,17.43,12.61,1044.41,2,1493.51,0,8063.8,0,0,15.1,4.05,22.65,0
158.91,0.09,7.42,862.97,33.64,22.32,789.4,29.66,20.64,1811.29,2,4830.62,2,7686.83,0,0,6.71,40.42,36.95,0
197.8,0.86,1.0,540.8,18.5,17.92,663.93,25.43,14.49,1402.53,1,1128.38,0,2699.58,0,0,2.03,24.7,31.46,0
367.29,4.51,7.88,880.76,23.63,24.56,754.29,24.78,18.68,2002.34,2,2460.29,0,573.64,0,0,19.08,34.08,30.34,0
765.27,4.83,13.76,1037.23,29.89,28.81,1051.05,30.96,19.64,2853.56,2,4043.42,1,3701.38,0,0,31.46,46.13,46.02,2
1283.29,9.04,32.02,1738.21,52.21,55.94,1357.83,46.4,33.6,4379.33,3,6992.82,3,2843.57,2,1,62.27,78.27,62.81,0
718.3,6.44,21.22,1363.47,32.57,43.91,1470.3,36.49,38.77,3552.08,0,6033.83,2,9989.99,0,0,36.32,53.86,62.27,0
584.82,3.88,14.23,839.51,20.78,27.55,463.94,20.08,15.96,1888.27,2,3741.53,1,2927.61,0,0,30.96,27.03,25.56,0
867.8,8.63,21.22,463.73,10.74,10.62,963.61,34.29,25.19,2295.14,0,4638.23,2,2012.14,0,0,47.99,16.38,40.12,0
853.18,8.33,15.65,843.14,22.0,29.81,1208.67,27.72,28.76,2904.99,1,5284.33,2,12857.05,0,0,42.1,33.8,48.53,0
572.87,3.69,9.75,598.4,10.86,18.36,652.38,16.23,11.19,1823.65,0,1767.46,0,4640.14,0,0,25.54,16.37,23.39,0
408.01,3.29,12.65,1026.1,34.99,27.33,1002.17,39.64,17.42,2436.28,0,3367.87,2,12828.4,0,0,12.27,43.67,49.67,0
1005.43,8.48,25.26,1742.55,50.51,55.01,748.25,29.79,23.19,3496.23,2,5652.11,2,12048.18,0,1,49.83,68.16,38.34,3
747.78,7.3,17.7,1890.78,49.27,63.88,1011.74,35.12,18.24,3650.3,1,5724.97,2,12326.64,2,1,38.67,81.75,42.86,3
375.3,1.13,14.13,880.65,35.36,28.13,1282.43,41.06,29.35,2538.38,2,2187.66,0,2772.18,0,0,10.3,36.56,57.07,0
815.08,6.45,19.32,568.53,19.31,21.85,1380.54,50.81,39.92,2764.15,1,2970.01,1,471.56,0,0,37.2,21.16,64.19,0
400.22,3.53,12.93,715.97,21.86,21.08,531.18,23.24,19.63,1647.37,2,2853.07,1,4808.31,0,0,20.85,34.06,29.84,0
1143.55,8.88,26.46,713.03,20.5,36.35,917.77,28.59,27.21,2774.35,3,4787.2,2,12359.1,0,0,59.46,29.27,41.64,0
429.77,2.36,7.59,334.01,7.17,6.09,1100.71,33.54,25.39,1864.49,1,4706.09,2,14762.99,0,0,16.5,10.87,46.4,0
1015.27,8.56,25.54,1070.7,20.62,33.59,796.86,26.76,18.72,2882.83,2,6542.97,3,7198.3,0,0,50.6,35.4,33.2,0
1168.18,9.49,30.58,538.32,11.72,21.87,255.74,8.65,8.28,1962.23,0,3306.11,2,2664.32,0,0,64.93,18.91,13.0,0
525.48,2.87,14.11,700.95,15.97,17.83,541.58,16.62,15.41,1768.01,1,2519.19,1,3806.38,0,0,23.97,28.57,25.08,0
579.93,3.9,12.42,719.36,28.99,33.19,366.63,9.86,8.5,1665.92,1,3094.11,1,12878.87,0,0,30.78,36.15,14.12,0
792.73,5.67,22.03,1626.46,38.86,52.46,392.29,5.34,6.44,2811.48,2,5316.5,2,1807.66,1,1,39.31,65.0,17.51,1
622.35,5.97,12.17,1296.2,39.38,38.84,728.62,13.89,14.18,2647.17,0,4585.29,2,5035.74,0,0,35.91,59.97,27.56,0
176.46,1.09,5.94,742.41,10.66,16.35,1080.27,24.64,26.95,1999.14,0,3753.76,1,12564.44,0,0,9.32,20.88,42.47,0
678.94,4.85,15.12,1041.13,36.95,29.81,841.74,24.57,21.87,2561.81,2,2890.37,0,4184.98,0,0,23.95,42.66,32.11,0
1010.91,7.42,22.54,1530.49,43.26,40.39,759.9,31.75,22.19,3301.31,2,5402.92,2,8404.23,0,0,53.61,57.27,35.42,0
660.47,4.78,11.59,356.94,15.26,13.29,970.72,24.07,24.06,1988.12,2,3011.58,1,3954.08,0,0,27.3,18.93,38.52,0
1216.34,9.9,31.44,783.05,31.34,34.28,470.94,10.92,17.56,2470.33,1,1961.45,0,983.86,0,0,63.69,38.49,15.68,2
912.08,8.17,26.45,582.11,14.02,23.21,1630.95,45.4,43.5,3125.14,2,5583.21,2,5170.18,0,0,51.57,19.79,63.29,0
470.52,4.79,17.47,828.46,23.02,33.62,646.62,2.7,8.01,1945.61,2,4312.46,2,338.79,0,0,26.5,33.74,16.33,0
421.86,1.5,13.88,993.7,27.27,32.43,352.58,5.6,11.52,1768.14,0,1259.5,0,13788.52,0,0,22.52,39.68,6.3,0
490.63,0.41,9.75,1374.36,37.0,37.01,1403.85,48.17,40.53,3268.84,2,5663.9,2,2386.79,0,0,13.28,55.53,61.8,0
309.98,2.16,15.05,1444.39,50.51,43.24,489.68,11.58,19.73,2244.05,2,4257.09,2,9238.84,0,0,13.8,68.19,21.68,0
584.94,4.18,18.84,1277.85,44.74,34.02,741.58,20.82,21.06,2604.37,1,5238.12,2,14356.61,0,0,27.25,58.43,30.53,0
532.8,2.4,12.49,1241.61,42.2,35.79,752.12,25.96,16.83,2526.52,2,5589.92,2,13823.83,0,0,22.13,56.4,32.7,0
627.69,6.11,23.0,814.88,20.05,28.91,692.67,8.81,13.23,2135.23,1,2813.8,0,1692.59,0,0,28.18,31.19,17.88,0
1051.36,7.09,22.17,399.4,8.35,22.93,651.92,14.67,11.03,2102.68,0,2040.62,0,11249.77,0,0,50.12,15.16,21.2,2
679.22,5.27,18.63,146.47,14.17,6.52,560.69,16.59,14.44,1386.38,2,3858.55,2,6133.82,0,0,35.63,7.46,18.56,0
850.95,8.61,26.0,1363.65,37.64,41.96,1097.04,21.61,19.35,3311.64,0,5569.57,2,1316.14,0,0,48.09,55.84,42.12,0
532.9,4.16,16.39,1119.22,43.99,33.43,407.2,6.79,6.42,2059.32,2,3279.64,1,10406.8,0,0,29.36,54.81,8.19,2
575.59,4.8,16.23,973.47,22.44,30.25,675.38,14.48,15.85,2224.44,0,4366.87,1,13828.97,0,0,34.34,34.31,23.8,0
535.5,4.73,15.81,1156.15,41.37,43.85,529.64,18.57,17.02,2221.29,1,3589.6,1,3049.73,0,0,27.62,61.21,20.85,2
248.53,3.55,14.06,672.18,22.84,17.56,943.05,32.12,25.09,1863.76,0,4187.81,2,2059.8,0,0,25.92,30.15,35.4,0
1337.84,10.98,21.94,955.09,34.83,40.36,675.49,10.61,12.34,2968.42,3,5592.33,3,4507.48,0,0,66.66,41.02,23.28,0
526.45,3.97,15.8,1460.59,50.24,49.7,1095.35,29.61,28.29,3082.39,1,4797.84,2,2417.83,0,1,22.26,69.56,50.78,0
704.48,6.55,16.79,212.44,1.58,14.25,545.04,4.03,3.28,1461.95,3,2564.72,1,2996.58,0,0,39.03,5.67,9.77,0
308.11,3.95,8.13,911.32,33.15,22.98,43.79,2.84,0.0,1263.22,2,1962.61,0,6214.45,0,0,18.79,33.62,0.69,0
1379.57,10.16,31.51,965.85,15.59,28.03,1002.64,23.86,19.86,3348.06,3,2728.99,0,1772.26,0,0,65.41,20.94,34.47,0
432.17,2.04,11.48,619.64,20.99,25.7,750.48,27.76,22.32,1802.29,1,2747.86,1,1396.66,0,0,15.27,31.32,30.75,0
370.11,2.69,13.08,633.59,22.82,12.34,952.23,18.25,12.7,1955.92,0,3467.76,1,6858.62,1,0,17.26,29.06,33.92,1
965.39,6.09,22.89,713.62,13.4,28.04,788.56,18.5,13.0,2467.56,1,1679.49,0,6028.56,0,0,52.19,25.08,31.51,2
790.86,6.46,19.44,258.4,9.42,5.68,30.0,7.89,0.0,1079.27,2,2705.32,1,11248.86,0,0,39.32,8.82,0.65,0
425.82,3.83,13.06,925.86,21.14,24.83,879.13,21.15,18.11,2230.82,3,3474.73,1,11476.57,0,0,25.62,36.16,31.01,0
898.04,7.37,17.87,379.43,13.69,17.35,1184.66,38.36,28.18,2462.13,0,3466.52,1,7814.34,0,0,44.14,15.78,43.06,0
517.72,4.03,17.44,1051.77,35.49,33.19,802.03,25.81,20.86,2371.52,2,4001.36,1,12824.06,0,0,29.66,41.59,32.4,0
302.86,4.76,13.77,925.6,23.69,27.57,995.83,26.78,18.5,2224.29,0,4634.92,2,1509.17,0,0,23.01,38.88,37.27,0
473.88,3.91,19.09,983.08,27.13,30.74,763.71,26.09,24.04,2220.67,2,3461.57,1,1833.5,0,0,25.5,38.06,33.77,0
1083.05,10.31,19.38,921.1,24.92,30.2,306.85,0.0,10.26,2310.99,2,5200.18,2,6816.37,0,0,60.24,33.58,9.57,0
1095.22,7.33,25.47,1182.29,35.1,39.2,1258.48,38.67,31.87,3535.98,2,6110.99,2,14154.78,0,0,48.37,44.7,48.07,0
934.36,6.78,17.84,570.97,13.54,19.8,1142.56,33.6,25.8,2647.88,2,4142.18,1,7992.82,0,0,40.02,16.39,46.11,0
583.81,4.03,15.08,785.53,22.56,26.57,252.02,0.0,2.98,1621.36,2,2732.34,1,5858.4,0,0,32.95,31.74,5.04,0
528.46,2.3,15.63,1197.76,40.28,33.57,1528.7,42.66,40.48,3254.92,1,2794.48,1,3052.43,1,0,25.36,49.79,60.73,1
433.79,3.45,10.24,1486.48,43.13,39.87,610.6,10.23,9.44,2530.87,0,3109.18,0,14603.45,0,0,22.57,60.32,15.99,2
1141.2,8.11,21.43,893.61,27.12,35.45,1209.75,36.57,28.01,3244.56,2,7583.5,3,5261.25,0,0,50.79,42.49,45.75,0
138.67,1.74,10.76,152.76,4.42,6.85,569.07,11.44,13.71,860.5,2,415.32,0,4155.66,0,0,11.35,12.58,20.27,0
264.65,1.08,6.26,698.86,21.35,15.61,1038.51,31.9,25.17,2002.02,2,2951.07,0,5752.75,0,0,8.19,23.72,43.18,0
961.19,6.6,18.03,735.47,21.44,23.21,1550.22,43.12,37.35,3246.88,3,4519.18,1,9430.9,0,0,43.28,22.28,65.5,0
437.15,4.1,10.67,1196.05,32.77,32.12,1136.37,28.87,33.72,2769.57,3,3122.2,1,1015.3,0,0,22.27,45.81,53.4,0
1075.93,10.26,25.38,648.17,8.92,19.56,296.77,0.0,7.69,2020.86,3,3246.03,1,1820.94,0,0,55.22,21.17,8.18,0
1058.94,10.02,18.78,478.2,0.74,11.4,701.17,22.57,14.8,2238.31,1,3325.98,1,14826.36,0,0,49.71,4.19,32.98,2
560.26,5.93,18.33,1700.33,49.0,43.98,1056.4,30.44,27.25,3316.99,1,4159.38,1,5607.77,0,0,31.6,62.31,45.63,2
1029.02,6.15,28.81,636.98,12.77,17.31,992.91,27.84,18.96,2658.91,1,5278.08,2,8550.29,0,0,49.89,15.1,37.63,0
897.36,9.21,23.31,863.26,14.24,28.63,1045.77,29.79,27.0,2806.38,2,3856.25,1,5623.99,1,0,52.29,28.91,45.23,1
982.38,9.99,26.33,1169.27,31.91,35.03,518.25,4.8,13.09,2669.9,3,4693.73,2,168.97,0,0,57.22,42.71,13.06,0
588.84,3.84,14.37,688.94,18.3,21.45,1422.24,41.36,38.61,2700.01,2,7121.08,3,11300.7,0,0,24.49,26.43,60.74,0
133.01,1.9,4.73,658.98,22.27,20.18,972.01,17.27,20.1,1764.0,2,4554.31,2,7246.39,0,0,7.24,26.75,34.62,0
123.05,0.54,6.51,1850.3,58.82,50.84,689.54,19.58,25.39,2662.89,3,3473.2,1,7338.48,2,1,1.59,86.53,28.51,0
920.46,8.3,23.84,914.85,21.48,25.73,910.59,17.31,15.94,2745.9,3,4630.75,1,7814.28,0,0,51.93,23.09,37.79,0
651.39,5.08,20.99,1306.63,41.75,47.5,336.0,5.5,1.37,2294.02,0,2131.32,0,3078.32,0,1,30.5,61.06,5.94,2
216.74,1.95,10.98,530.55,3.49,15.47,562.37,17.16,13.99,1309.66,3,1714.57,0,12398.16,0,0,14.97,21.89,22.28,0
806.82,4.07,20.84,1292.38,36.65,43.02,442.88,14.95,4.63,2542.09,3,5552.1,2,12078.03,0,0,34.62,55.91,14.34,0
705.15,3.48,17.18,474.52,9.7,11.43,933.19,26.14,18.42,2112.86,0,5951.96,3,3914.89,0,0,31.12,12.42,40.26,0
629.03,6.04,15.08,490.07,10.9,16.52,1203.0,45.27,40.68,2322.1,3,2996.95,0,12547.31,0,0,33.17,14.8,61.02,0
404.92,3.39,10.66,1076.17,35.02,35.59,815.88,18.25,27.83,2296.97,2,3129.3,0,14228.21,0,0,26.33,52.79,35.71,2
884.11,6.07,21.88,721.5,11.53,16.81,1074.87,27.86,20.41,2680.48,2,3862.23,1,313.56,0,0,45.58,25.37,38.12,2
313.04,1.09,12.37,1622.36,57.78,54.33,1133.98,29.24,36.67,3069.37,3,7466.33,3,10077.16,2,1,14.54,75.96,45.93,0
537.62,4.07,14.48,867.28,31.53,25.57,240.33,0.0,0.0,1645.22,1,1187.06,0,10918.0,0,0,27.84,35.73,2.77,0
511.26,4.3,9.85,1043.62,25.33,30.73,424.15,14.15,7.04,1979.02,2,3590.07,1,6770.2,0,0,19.29,41.59,10.96,0
952.84,6.78,24.3,769.01,19.24,21.18,1982.59,54.5,44.98,3704.44,2,4582.46,1,1088.38,3,0,43.1,22.51,82.49,0
456.16,1.89,10.32,283.54,10.91,6.81,746.29,17.7,13.45,1485.99,2,2041.46,0,2177.0,0,0,19.0,12.03,22.58,0
403.06,3.0,5.51,815.75,13.16,22.86,747.02,21.95,19.07,1965.83,2,2268.8,0,14452.06,0,0,11.32,25.95,31.31,0
540.41,6.35,18.12,131.79,4.9,13.19,779.06,20.78,14.35,1451.26,2,3364.41,1,7984.27,0,0,38.04,4.87,24.57,0
710.32,5.54,17.96,1036.77,43.89,31.7,1627.44,42.37,35.02,3374.53,3,6834.5,3,10236.33,0,0,36.37,46.44,66.83,0
228.91,1.96,6.24,485.17,8.98,17.51,1562.6,39.48,39.46,2276.68,1,4313.07,1,7271.98,0,0,9.84,20.39,64.91,0
1101.15,8.49,23.27,998.54,29.88,38.02,705.64,21.2,22.42,2805.32,2,5306.94,2,7840.03,0,0,52.99,34.96,37.33,0
697.79,5.14,12.42,836.89,28.98,33.28,922.53,19.11,22.49,2457.21,2,2291.06,0,3000.96,0,0,35.74,41.63,36.02,0
560.25,3.44,14.75,761.21,12.78,20.57,682.32,14.33,7.8,2003.78,1,3407.12,1,4001.6,0,0,24.21,19.85,22.75,0
123.45,0.0,3.44,649.69,31.19,28.66,714.59,18.43,21.86,1487.73,3,2592.29,1,5181.65,0,0,4.55,37.29,27.33,0
871.43,7.14,20.29,919.18,16.87,22.86,1144.16,32.07,22.53,2934.76,0,3447.71,1,4868.59,0,0,46.96,27.66,42.23,2
790.3,6.49,15.54,619.29,17.26,24.07,643.97,15.83,13.02,2053.56,1,3215.44,1,1497.65,0,0,35.9,24.15,19.29,0
813.9,7.25,23.48,895.39,23.75,23.51,981.47,23.06,27.13,2690.75,2,6882.04,3,10543.17,0,0,40.78,34.68,41.79,0
812.78,6.15,17.86,425.13,12.17,21.33,391.29,11.28,10.05,1629.2,2,3078.97,1,1199.32,0,0,39.35,22.96,13.2,0
109.79,1.01,4.98,1481.7,51.02,38.88,1278.99,35.69,28.76,2870.48,2,6727.48,3,8279.17,0,0,7.17,65.8,55.25,0
595.89,3.28,20.25,333.32,8.96,9.35,839.03,27.58,13.68,1768.24,2,3443.0,1,6159.7,1,0,25.65,10.09,35.96,1
906.76,8.43,28.14,944.85,30.27,25.03,1020.19,19.3,31.89,2871.8,0,4430.86,2,7272.02,0,0,50.72,30.27,41.83,0
413.75,0.64,11.33,210.01,9.23,6.05,1481.65,42.59,41.9,2105.41,2,4745.07,2,10315.21,0,0,10.93,12.32,62.19,0
585.98,5.35,16.92,1805.79,52.24,46.51,220.21,11.68,15.99,2611.98,1,4732.17,2,9018.33,2,1,29.25,75.25,15.42,0
266.34,2.29,6.67,1174.96,42.07,33.01,621.67,15.23,14.71,2062.97,1,2245.1,0,13781.41,0,0,12.19,62.0,24.35,2
960.33,6.98,23.99,1413.86,40.3,42.91,556.49,13.89,15.02,2930.69,2,3141.87,0,14496.06,0,0,44.94,59.19,19.36,2
624.35,5.22,16.76,62.93,7.74,1.86,1350.78,43.96,30.2,2038.06,2,2917.25,1,14801.83,0,0,30.47,2.37,56.72,0
936.02,6.83,18.62,1246.44,27.4,31.3,685.69,17.96,17.83,2868.15,1,5436.36,2,6671.26,1,0,44.37,42.36,27.4,1
810.2,6.85,20.09,850.12,21.4,21.35,578.24,22.3,16.13,2238.56,1,3028.73,1,5589.6,0,0,41.9,27.97,26.79,0
1290.66,10.43,26.04,1470.1,35.3,38.47,1188.28,41.9,34.66,3949.04,3,5843.05,1,6456.93,0,0,64.09,52.42,55.86,0
1221.81,11.14,22.75,877.73,17.3,33.26,955.83,26.29,24.93,3055.37,2,3738.56,1,3198.82,0,0,63.77,32.14,41.77,2
332.48,2.02,12.66,578.41,19.12,17.64,858.95,19.94,29.97,1769.85,1,4847.67,2,6716.05,0,0,10.17,25.46,43.19,0
882.01,7.15,13.36,1051.16,24.16,34.87,295.8,6.78,1.96,2228.97,1,4392.53,2,9498.82,0,0,39.44,43.35,9.55,0
1152.02,10.97,34.78,1228.56,35.02,42.67,1028.58,37.5,26.25,3409.15,0,5740.48,2,10468.7,0,0,66.6,48.62,46.49,0
747.0,5.63,16.77,777.4,20.59,28.8,1299.43,42.36,32.6,2823.82,2,5586.94,2,1371.55,1,0,35.47,32.02,54.06,1
1518.92,11.9,31.49,1214.05,31.69,41.95,783.31,25.07,23.56,3516.27,1,4896.87,2,12882.67,2,1,71.81,47.5,34.06,0
611.57,4.56,15.98,849.34,19.85,29.1,531.45,17.94,19.49,1992.36,3,4228.56,1,4282.13,0,0,26.79,29.07,28.91,0
1187.89,7.82,19.78,1157.44,29.43,29.87,1236.27,42.42,39.12,3581.59,1,6571.04,2,10482.91,0,0,50.71,41.92,56.56,0
1222.87,9.69,28.04,1680.99,52.57,53.33,1607.37,42.33,47.77,4511.24,1,7676.84,2,12014.98,2,1,67.62,76.27,68.12,3
385.23,2.11,10.23,831.31,24.59,13.94,1016.61,28.6,25.97,2233.15,1,1903.41,0,6377.73,0,0,15.81,32.13,38.57,0
626.92,4.09,13.07,1095.83,37.86,30.59,830.49,28.41,21.94,2553.23,0,4732.21,2,3904.35,0,0,28.22,54.05,34.9,0
1250.31,11.22,31.69,1314.15,42.47,38.42,496.0,11.8,5.81,3060.46,2,4482.14,2,2592.82,0,0,67.36,44.64,17.31,0
642.21,5.82,14.23,584.01,13.07,21.28,1133.15,29.48,22.77,2359.37,3,5774.25,3,13743.42,0,0,36.73,24.96,48.25,0
1057.68,6.5,21.23,981.88,19.94,33.71,657.84,18.5,10.26,2697.4,2,5756.56,3,2091.85,1,0,44.67,34.92,26.79,1
1098.55,8.12,17.93,718.31,13.5,22.03,958.53,31.57,21.78,2775.39,0,5513.13,2,5704.27,0,0,51.6,21.49,43.17,0
571.06,3.71,14.4,521.38,10.8,23.34,720.03,16.12,19.78,1812.48,2,4104.55,1,13021.5,0,0,24.8,20.37,28.78,0
915.28,6.66,21.68,738.61,24.69,27.31,1014.9,29.7,21.3,2668.79,1,4203.05,2,9294.43,0,0,46.19,28.42,44.83,0
815.76,7.61,24.81,412.23,15.55,17.46,1339.44,38.73,35.81,2567.43,1,4486.7,1,2097.57,0,0,40.25,12.22,50.53,0
519.48,3.31,10.72,1050.17,28.72,33.86,285.6,12.21,7.25,1855.25,1,2871.75,1,9262.93,1,0,21.62,43.32,11.96,1
668.03,3.57,13.68,802.01,21.97,20.77,595.86,16.02,8.67,2065.9,3,3422.74,1,12237.83,0,0,26.26,28.44,22.19,0
1268.46,9.74,28.49,1953.33,52.55,64.18,292.5,6.56,14.69,3514.29,2,4814.17,1,11285.49,1,1,69.17,72.73,14.05,1
404.5,2.88,16.19,676.97,11.49,16.52,1433.22,34.72,42.37,2514.68,2,4423.66,1,12785.48,0,0,17.56,19.02,61.96,0
988.56,8.75,21.51,1475.11,44.15,52.81,705.46,23.91,23.32,3169.13,2,4692.4,1,10559.91,0,1,52.12,59.54,32.57,3
641.52,5.22,18.24,1849.08,60.89,60.66,414.04,6.04,10.8,2904.64,2,4193.76,1,10687.33,2,1,35.89,82.24,17.32,3
955.01,8.33,22.09,976.23,21.54,36.7,1083.43,29.1,26.88,3014.67,2,5265.71,2,7787.69,0,0,51.34,40.3,40.72,0
995.67,7.11,22.01,812.07,13.74,24.37,851.62,21.85,13.83,2659.36,1,4451.73,1,3368.3,1,0,49.91,26.37,34.83,1
685.83,5.41,17.28,950.6,21.17,25.82,1733.75,52.25,39.93,3370.18,3,3713.43,1,6612.43,0,0,34.99,31.91,70.95,0
491.93,4.51,16.26,1337.15,36.64,38.43,1116.53,28.84,26.18,2945.61,1,4964.45,2,668.4,1,0,22.76,54.18,47.62,1
1267.16,9.85,31.32,1095.96,28.64,32.26,966.34,19.72,14.81,3329.47,0,5512.16,2,12303.6,1,0,62.73,40.47,36.49,1
1170.94,8.36,20.25,386.33,3.67,8.4,379.3,8.05,5.08,1936.57,1,4349.19,2,14913.78,0,0,55.47,10.49,9.43,0
969.04,7.09,20.5,467.85,5.33,14.07,1224.77,33.67,30.12,2661.66,3,2591.29,0,9077.68,0,0,37.6,13.56,48.34,0
780.22,5.83,21.18,1571.94,44.85,45.46,496.48,12.72,4.92,2848.65,2,5845.95,2,9944.87,0,1,35.47,66.14,14.15,0
321.69,2.18,11.68,361.36,0.0,9.03,936.93,30.57,20.88,1619.98,0,4209.23,2,6056.41,0,0,16.17,6.2,36.28,0
1062.36,7.26,25.94,655.11,19.22,27.7,796.79,21.93,18.37,2514.25,2,3409.77,1,4980.36,0,0,49.67,20.62,34.07,2
1210.45,9.36,23.73,1613.31,48.09,50.44,1119.73,40.25,26.89,3943.49,3,6505.64,2,12374.01,0,1,64.22,62.76,53.24,0
297.97,2.78,11.85,939.36,27.55,19.78,746.07,16.74,22.22,1983.4,0,4899.35,2,3170.5,0,0,15.22,35.87,33.28,0
439.02,3.36,14.76,1369.21,48.76,41.77,1038.11,23.9,28.59,2846.34,2,4206.74,1,12115.82,0,0,17.18,63.84,41.32,2
659.44,4.15,12.18,917.26,27.23,30.64,1305.1,35.1,33.35,2881.8,2,5572.14,2,9415.3,0,0,25.91,41.36,50.17,0
423.61,3.33,8.76,766.63,14.41,17.31,1393.42,38.4,34.18,2583.67,2,3759.56,1,3700.18,0,0,21.78,23.09,57.02,0
679.37,5.57,19.59,898.46,24.75,22.57,221.2,0.0,0.57,1799.03,1,1895.34,0,10649.89,0,0,31.9,33.06,7.38,0
667.91,3.77,14.45,454.5,11.38,21.13,859.88,32.89,20.69,1982.29,1,3014.22,1,12892.59,0,0,30.63,11.83,36.93,0
272.9,2.45,8.49,826.59,28.25,29.13,2074.92,54.4,57.3,3174.41,0,4438.58,2,4070.58,3,0,14.93,38.3,90.07,0
1158.3,10.62,22.55,838.39,28.29,39.02,1124.54,29.1,27.97,3121.23,0,6132.87,3,4331.92,0,0,66.27,38.75,44.27,0
265.41,2.98,9.25,202.88,2.64,0.0,585.68,19.36,8.84,1053.98,2,2193.6,0,671.37,0,0,16.54,1.76,22.37,0
748.36,5.41,13.91,473.98,13.03,9.23,1044.92,31.06,27.91,2267.26,1,3847.25,1,701.28,0,0,31.45,13.05,45.68,0
402.77,2.87,6.59,315.31,8.45,1.37,413.78,15.35,11.02,1131.86,2,2597.88,1,11249.28,0,0,19.99,5.83,18.58,0
1070.26,10.73,23.48,1181.06,31.88,38.53,1265.43,36.53,32.63,3516.76,2,3448.85,0,1075.49,1,0,57.82,46.87,56.68,1
627.04,3.77,18.7,1244.97,42.55,44.82,599.7,18.91,15.88,2471.7,1,3078.42,1,1237.05,0,0,28.98,57.21,26.33,2
815.69,5.23,18.31,490.83,1.63,14.88,642.27,23.27,11.87,1948.79,0,2773.49,0,10716.67,0,0,35.09,14.43,25.4,0
1173.47,11.23,23.16,415.67,0.0,12.55,827.92,24.12,26.15,2417.06,1,5579.37,2,9100.02,1,0,65.92,1.1,37.22,1
412.14,3.79,15.57,1067.08,28.75,24.57,1153.54,37.48,31.52,2632.76,2,5940.84,3,7640.12,0,0,26.84,43.08,50.89,0
896.21,6.3,20.76,727.39,21.09,29.22,941.36,23.83,25.51,2564.95,0,5143.24,2,8819.07,0,0,38.79,33.77,35.58,0
461.9,2.6,11.94,1212.54,45.65,34.95,1468.93,42.5,30.5,3143.37,2,3814.69,1,10801.38,1,0,18.93,55.19,60.01,1
559.02,4.71,15.88,578.87,15.6,25.06,626.4,13.51,10.28,1764.28,0,3363.97,1,8885.68,0,0,31.38,23.98,16.67,0
846.71,6.09,18.21,1040.5,25.19,26.07,1533.99,39.91,45.49,3421.19,0,4855.51,1,13761.84,0,0,44.54,33.86,64.09,0
279.57,3.1,11.69,389.05,11.14,11.2,185.82,3.2,3.84,854.45,2,1115.6,0,3586.0,0,0,15.54,14.7,10.75,0
627.3,5.04,16.4,1601.68,39.85,42.12,450.05,13.82,18.24,2679.03,0,4090.18,1,9391.24,0,0,27.56,64.96,23.37,2
868.08,6.9,19.57,1433.55,43.98,43.12,244.43,7.2,4.45,2546.07,0,3323.53,1,3548.73,0,0,39.24,61.18,6.44,2
309.96,1.22,13.67,1303.25,43.7,42.12,1421.42,46.28,40.77,3034.64,2,4795.93,1,13438.26,0,0,9.8,62.24,60.74,2
884.58,7.3,19.77,639.89,24.95,20.07,542.66,22.05,11.04,2067.13,1,3772.02,1,12725.47,0,0,43.96,26.7,21.71,0
792.34,7.66,14.35,874.85,23.21,28.61,1418.3,44.4,44.79,3085.5,2,4654.3,2,14219.52,0,0,37.89,36.32,65.74,0
455.7,4.1,18.48,236.91,5.75,7.44,1344.74,40.76,39.08,2037.36,3,2237.6,0,1245.34,1,0,24.17,4.66,61.4,1
654.5,4.5,11.19,507.89,18.0,22.68,1226.01,33.2,24.22,2388.4,0,5361.3,2,13134.59,0,0,33.89,22.4,46.75,0
1309.48,10.24,27.7,615.43,6.3,20.41,523.66,6.13,12.44,2448.57,3,4838.93,2,1952.23,0,0,68.28,13.83,15.08,0
277.28,1.23,6.5,769.05,16.77,29.02,368.88,11.85,11.44,1415.21,2,1732.97,0,14015.57,0,0,12.19,37.36,11.47,0
650.39,6.13,15.78,936.32,32.24,25.76,607.31,10.63,17.55,2194.02,1,3384.49,1,13404.31,0,0,31.69,45.85,20.68,2
1082.5,10.38,26.6,1008.6,35.86,40.88,477.54,11.44,8.54,2568.65,3,4418.93,2,11217.82,0,0,62.88,44.1,22.83,0
494.59,1.8,8.82,864.13,28.71,27.28,1215.0,29.26,30.66,2573.71,0,5409.66,2,511.46,0,0,19.12,39.24,49.7,0
447.63,5.07,17.02,1006.25,31.86,33.08,1625.17,48.22,52.61,3079.06,3,5341.39,2,1147.23,1,0,25.19,40.29,72.73,1
857.74,8.87,23.0,1225.28,26.64,31.39,356.01,3.21,5.24,2439.02,2,5037.09,2,12299.4,0,0,52.58,41.68,6.43,0
639.62,5.62,20.65,879.74,28.66,35.55,356.69,3.86,0.0,1876.06,1,2278.52,0,14382.46,0,0,34.27,36.55,9.92,0
508.53,5.18,10.16,626.13,8.5,23.87,1472.52,44.69,44.34,2607.18,2,3307.99,1,4926.31,0,0,24.77,22.43,69.88,0
484.6,1.98,6.49,384.0,12.13,9.26,819.05,33.02,27.03,1687.65,3,2681.8,1,5140.81,0,0,13.51,14.03,38.69,0
923.67,8.94,18.85,796.24,21.09,35.28,1459.03,42.55,43.11,3178.94,1,4226.78,1,7491.04,0,0,49.04,39.61,62.6,2
1366.87,9.52,31.25,507.77,8.98,15.36,644.48,21.84,15.18,2519.11,1,5632.74,2,352.81,2,1,70.56,9.42,29.33,0
726.88,4.94,22.32,1025.37,27.65,35.0,453.46,9.85,1.56,2205.71,2,3018.34,1,8375.62,0,0,34.51,42.7,11.45,0
825.0,8.33,20.93,1169.81,42.35,39.68,427.52,14.35,18.98,2422.32,1,5142.13,2,7359.78,0,0,48.12,55.66,23.77,0
494.48,5.1,6.28,716.22,14.08,18.14,149.71,0.0,1.44,1360.41,0,1494.75,0,4843.38,1,0,23.49,20.34,3.03,1
383.22,1.91,12.73,1006.96,33.19,24.29,443.05,13.99,13.08,1833.23,2,2836.29,1,10054.25,0,0,18.02,41.14,23.25,0
300.92,1.57,11.16,1103.75,42.5,42.03,1566.87,49.68,37.8,2971.54,1,6202.55,3,519.94,0,0,11.9,58.23,68.85,0
861.88,6.78,16.44,383.58,5.14,14.69,695.97,19.17,21.02,1941.43,3,2381.27,0,5181.94,1,0,41.56,6.83,33.18,1
1191.7,8.53,26.99,950.86,18.89,31.67,1003.84,31.38,22.54,3146.41,0,5538.24,2,2706.38,0,0,57.98,20.21,41.86,0
526.06,4.36,17.44,487.98,13.4,16.37,651.32,9.91,11.31,1665.36,2,1450.47,0,10042.36,1,0,28.59,16.58,29.67,1
974.51,8.87,15.49,781.66,24.45,18.4,252.82,7.21,3.45,2009.0,2,3333.57,1,3710.87,0,0,47.55,25.0,10.55,2
559.97,3.96,18.81,973.59,30.34,33.23,1611.06,47.46,35.82,3144.63,3,4967.48,2,7234.04,0,0,29.9,43.53,64.3,0
807.73,6.92,24.1,1186.46,35.14,49.92,1356.61,46.02,29.08,3350.8,2,5286.02,1,2404.43,0,1,44.47,51.4,59.61,2
733.54,4.78,14.06,442.66,0.98,8.68,672.32,21.24,22.44,1848.53,3,3966.97,2,4314.93,0,0,28.52,6.54,38.92,0
38.45,1.29,8.95,746.76,18.63,21.01,453.07,13.37,5.94,1238.28,2,5011.47,3,11570.55,0,0,5.75,29.8,17.26,0
386.34,2.4,17.69,354.82,3.24,9.99,673.95,20.73,10.99,1415.12,1,1285.31,0,7055.2,0,0,19.32,6.0,20.12,0
517.85,3.59,11.2,1536.45,46.93,42.23,912.4,34.14,23.27,2966.69,2,4235.53,1,14996.32,0,0,23.34,71.0,35.75,2
581.19,4.65,19.16,1627.06,52.27,49.75,1856.68,53.29,48.06,4064.93,2,5593.2,1,2617.11,0,1,30.51,71.02,76.11,2
831.62,6.82,20.12,692.99,12.73,26.26,667.22,16.5,11.21,2191.83,2,2224.38,0,4151.43,0,0,41.09,25.37,29.01,0
149.96,0.64,5.03,339.7,2.79,10.24,475.28,16.27,12.57,964.94,1,2070.73,1,12532.26,0,0,9.86,8.93,14.62,0
161.23,3.05,3.99,555.74,7.53,14.72,1826.33,59.39,55.4,2543.31,3,5272.92,2,1536.45,0,0,12.71,22.95,81.01,0
532.12,4.85,17.32,485.88,2.53,6.62,373.1,15.91,8.86,1391.1,2,1660.31,0,5701.96,0,0,29.0,7.55,11.42,0
1162.65,10.37,21.9,910.19,28.86,29.48,895.72,29.2,25.23,2968.57,3,4114.74,1,3569.22,0,0,59.47,34.27,31.3,0
774.13,5.84,21.67,868.81,20.28,26.03,499.96,9.86,15.8,2142.9,3,2672.79,1,9938.1,0,0,39.33,31.91,23.52,0
382.49,1.26,3.34,890.49,30.19,32.01,287.67,13.93,10.1,1560.65,2,4700.55,2,10693.08,0,0,13.98,47.93,17.15,0
130.37,0.7,8.64,650.04,12.19,9.49,702.32,21.99,15.84,1482.73,2,2507.95,0,9818.87,0,0,9.13,21.68,29.75,0
495.39,4.66,13.01,391.38,14.07,20.19,607.98,19.17,16.06,1494.75,3,1483.95,0,4160.51,0,0,25.64,18.1,22.05,0
608.83,4.4,20.43,472.4,18.34,20.79,1154.12,28.73,19.28,2235.36,1,2183.77,0,1744.94,0,0,29.7,18.9,40.88,0
982.95,7.42,24.74,455.79,15.61,31.27,400.82,17.63,10.73,1839.56,1,3332.98,1,2998.53,0,0,54.47,17.31,13.73,2
317.89,2.16,11.25,670.41,19.38,24.87,731.31,17.64,22.28,1719.6,3,3348.99,1,9055.8,0,0,12.6,35.25,26.3,0
839.17,6.69,18.91,1162.32,35.84,33.9,1316.2,40.4,37.3,3317.7,1,5201.6,2,12131.78,0,0,43.43,43.24,58.86,0
401.4,2.27,9.96,875.84,33.39,22.2,534.71,20.54,6.41,1811.94,1,3362.39,1,2115.45,0,0,15.69,41.89,23.21,0
1163.83,8.06,28.78,1194.25,40.16,38.5,941.14,25.52,20.97,3299.22,0,5810.82,2,5412.44,0,0,58.93,54.67,37.11,0
840.53,6.87,22.72,803.69,21.17,27.95,967.32,22.89,23.16,2611.54,1,5167.8,2,3927.28,0,0,50.49,36.71,32.66,0
1085.0,7.45,19.49,862.44,15.07,20.73,442.15,6.91,7.97,2389.59,3,4555.2,2,2756.84,0,0,49.29,26.69,15.9,0
850.99,7.66,26.79,1463.49,41.46,46.73,572.81,11.3,15.17,2887.29,1,5036.11,1,7509.38,0,1,52.49,63.62,20.74,2
393.9,3.44,18.58,965.15,26.8,26.67,388.78,6.52,4.31,1747.83,3,3722.45,2,6443.67,0,0,24.34,41.36,16.68,0
1210.29,10.77,31.6,508.97,6.28,21.77,1212.72,35.53,24.2,2931.98,0,6360.72,3,10070.1,0,0,63.13,7.87,53.6,0
624.39,3.78,19.0,1303.65,27.16,40.54,1106.92,25.2,24.76,3034.96,1,2910.92,0,7539.92,0,0,28.93,54.39,41.13,2
825.54,6.1,19.09,402.49,1.35,16.66,861.67,24.75,16.32,2089.71,2,1620.33,0,13932.41,0,0,42.67,9.26,41.69,0
1159.5,9.56,23.89,796.82,13.52,18.42,997.28,29.9,31.68,2953.61,2,3206.17,0,12803.05,0,0,62.38,20.63,44.71,2
210.78,0.45,4.11,919.91,37.39,30.33,724.45,24.81,14.93,1855.14,2,4604.74,2,4699.01,0,0,7.63,47.78,29.93,0
1087.3,8.41,19.84,748.4,17.97,20.6,1045.75,25.5,27.17,2881.46,0,3611.08,0,9790.89,0,0,53.62,27.42,42.95,2
799.67,8.03,20.5,608.17,11.68,20.75,593.24,17.74,19.03,2001.08,1,4188.36,2,9785.81,0,0,45.08,15.61,23.28,0
835.61,7.28,26.74,887.02,21.61,21.2,1008.93,30.31,23.07,2731.56,3,5340.06,2,9086.21,1,0,46.93,24.59,38.18,1
308.99,2.86,5.84,1361.29,33.43,29.38,1727.59,37.07,33.25,3397.87,0,3233.99,0,8948.19,1,0,16.57,52.3,61.0,1
505.79,0.99,11.28,371.67,8.84,12.86,344.99,6.91,7.1,1222.45,2,3663.79,2,1405.87,0,0,17.79,18.4,16.4,0
657.26,4.93,14.68,632.05,11.8,17.43,434.38,17.36,9.78,1723.69,2,2629.68,0,13860.52,0,0,30.41,23.17,14.41,0
699.84,6.28,12.64,1739.04,52.23,55.03,388.6,12.67,6.46,2827.48,3,2576.04,0,8565.14,1,1,31.89,76.21,16.63,1
638.46,3.91,12.62,633.93,15.19,17.85,502.78,12.43,8.08,1775.17,1,3673.66,1,6209.89,0,0,23.95,25.42,14.54,0
1192.16,9.43,29.27,730.68,21.22,24.24,1284.29,30.14,27.8,3207.13,3,2753.37,0,12242.84,0,0,58.29,20.82,45.92,0
119.96,0.47,6.22,1781.27,52.8,41.06,481.94,10.76,9.25,2383.17,2,4343.32,1,3859.04,0,0,1.52,74.04,18.07,2
690.52,5.57,16.33,925.21,32.94,29.2,1005.29,17.73,14.07,2621.02,0,3716.48,1,784.92,0,0,26.99,43.21,37.04,0
207.86,2.91,12.2,1122.72,36.62,32.56,1123.34,34.02,31.92,2453.91,3,3173.01,1,4897.5,0,0,11.42,57.2,51.37,0
1183.51,9.18,28.03,880.83,19.39,27.79,994.71,28.53,23.43,3059.04,0,5107.65,1,8903.54,0,0,62.49,27.98,35.36,2
882.51,7.27,17.7,932.09,26.43,33.68,932.59,19.6,14.54,2747.19,0,5337.53,2,13829.33,0,0,39.45,39.51,30.46,0
401.68,5.52,14.97,1552.6,47.39,46.8,349.18,16.7,8.71,2303.47,0,2826.15,0,11202.65,0,1,27.62,66.61,12.38,2
286.61,1.03,7.04,1192.21,38.55,40.0,1199.58,31.6,26.42,2678.4,1,3370.97,1,5446.89,1,0,15.02,52.89,47.39,1
841.14,6.23,18.74,1019.18,28.39,27.94,955.43,24.68,20.01,2815.75,1,6255.6,3,11933.75,0,0,38.78,42.57,45.01,0
306.8,2.36,9.61,491.47,15.06,15.51,329.41,12.61,5.97,1127.68,1,1129.58,0,14100.05,0,0,12.13,22.71,13.7,0
815.02,3.93,22.44,818.1,26.31,24.13,679.66,21.69,7.45,2312.79,3,4667.62,2,6315.61,0,0,38.55,31.14,24.33,0
1083.44,9.74,26.52,1134.34,28.21,40.52,614.66,5.94,8.57,2832.45,2,4826.45,2,14890.06,0,0,64.26,45.53,13.06,0
1125.01,9.31,25.65,844.73,19.6,27.15,277.22,16.13,13.01,2246.95,1,2284.82,0,6398.75,0,0,61.79,23.89,16.78,2
448.34,2.3,6.61,565.26,16.29,12.84,1263.23,34.73,42.78,2276.83,2,3192.54,1,12808.46,0,0,17.58,21.6,52.45,0
1093.61,10.49,28.06,1133.95,38.36,43.52,662.42,19.82,17.69,2889.98,1,4629.86,1,3989.57,1,0,60.32,50.52,20.28,1
252.32,0.9,2.66,1273.33,35.35,31.97,1560.71,45.14,39.96,3086.36,0,3387.75,1,5343.96,0,0,5.91,52.28,58.53,2
586.57,4.64,12.91,764.8,26.11,29.59,312.9,8.14,0.0,1664.27,0,3470.97,1,12972.2,0,0,26.87,31.4,11.04,0
316.09,3.0,9.28,692.43,10.01,8.67,986.44,28.34,22.1,1994.97,1,3284.5,1,623.58,0,0,18.33,17.95,34.86,0
190.78,2.71,9.29,1215.11,42.54,33.33,731.97,22.05,17.36,2137.85,2,5128.06,2,4177.24,0,0,4.62,57.91,25.81,0
1001.35,8.45,23.21,918.15,29.45,38.32,1064.21,36.18,19.68,2983.7,2,4481.33,1,11011.12,0,0,47.86,39.22,36.21,2
1083.0,8.64,26.06,540.49,12.46,21.77,1379.94,41.6,29.79,3003.43,3,4712.44,1,8178.5,0,0,54.12,16.9,59.53,0
1067.52,8.18,26.2,1714.15,56.49,51.71,317.54,0.25,7.68,3099.22,1,5457.91,2,8574.46,0,1,52.48,74.84,9.9,3
590.63,5.21,15.7,1093.59,37.36,35.19,1019.42,28.66,19.67,2703.64,2,7212.15,3,5033.24,0,0,36.05,47.06,45.06,0
944.34,5.3,15.7,473.09,15.07,10.54,306.25,10.68,5.35,1723.67,2,734.42,0,8477.84,0,0,38.0,17.62,11.17,0
1531.19,9.94,23.78,583.26,19.51,26.77,650.57,16.66,18.25,2765.02,2,5181.13,2,4841.5,1,0,68.08,17.73,26.85,1
665.25,4.97,14.54,728.07,12.91,14.2,872.93,24.93,24.87,2266.26,1,5357.91,2,1099.55,0,0,26.16,20.73,39.29,0
789.58,5.51,16.27,964.07,27.02,32.0,871.96,19.03,17.54,2625.62,1,3444.12,1,292.97,0,0,38.91,40.13,27.38,0
439.13,3.99,13.97,758.05,15.43,17.24,139.82,9.27,0.35,1337.0,1,2862.26,1,4300.08,0,0,21.75,20.41,1.98,0
1017.58,8.2,27.31,1181.28,28.89,34.95,1701.11,48.81,42.29,3899.97,0,5912.61,3,9195.72,0,0,53.79,42.27,75.42,0
1083.2,7.76,26.08,1035.26,27.06,24.6,708.29,13.54,15.89,2826.75,1,5579.97,3,3141.67,0,0,52.25,40.74,29.93,0
857.01,5.88,18.81,576.96,5.54,16.19,1423.16,54.69,29.87,2857.13,1,3586.93,1,10234.04,0,0,38.42,16.29,67.63,0
672.75,7.16,17.77,647.51,21.42,12.86,1176.17,35.11,23.46,2496.44,2,5337.06,2,6861.79,0,0,35.82,26.15,46.59,0
686.19,7.83,16.79,746.24,15.96,27.06,77.29,0.0,5.16,1509.73,2,1762.1,0,9592.67,0,0,33.77,23.41,3.35,0
869.32,5.83,24.77,887.16,19.7,23.49,1075.83,31.64,28.27,2832.32,3,2411.65,0,6578.49,0,0,38.26,28.47,47.6,0
215.93,0.91,6.06,461.38,6.7,7.2,391.79,8.28,9.95,1069.11,1,1200.13,0,11980.29,0,0,8.01,15.39,8.55,0
794.81,7.04,18.96,543.05,12.64,11.63,1310.01,39.81,33.23,2647.86,3,4432.06,1,1336.65,1,0,39.21,20.3,57.89,1
1361.01,10.53,27.22,653.28,12.45,25.22,260.9,1.77,11.5,2275.19,1,3520.2,1,1154.25,0,0,65.05,16.43,5.68,2
560.26,2.88,10.1,753.3,19.3,26.62,806.69,25.1,20.36,2120.26,1,3637.73,1,14356.39,0,0,21.28,34.45,35.08,0
821.0,6.41,17.02,613.14,19.24,23.81,1161.1,44.43,35.81,2595.24,2,3447.41,0,4728.37,0,0,37.59,28.45,51.0,0
528.55,5.36,15.47,1384.66,40.25,41.65,567.77,16.31,18.29,2480.98,2,3809.11,2,3963.17,0,0,29.67,59.98,24.58,0
423.34,3.61,9.77,1146.66,40.48,36.47,135.96,0.0,3.76,1705.96,1,1163.56,0,10533.9,0,0,23.77,58.42,2.92,2
934.34,7.95,27.7,864.58,23.22,27.5,1115.99,36.61,37.19,2914.91,3,3932.07,1,10772.22,0,0,50.73,34.2,52.95,0
459.06,5.11,15.36,1116.78,27.51,37.72,559.27,9.96,15.89,2135.11,3,6690.45,3,2869.85,0,0,23.38,46.99,17.86,0
975.98,7.15,25.36,1212.16,32.77,33.39,1009.56,13.19,16.6,3197.71,2,2910.01,0,2049.7,0,0,48.82,41.97,29.03,2
722.79,5.35,17.16,406.63,0.37,17.36,1408.58,39.76,33.71,2537.99,2,3779.69,1,12289.71,0,0,36.12,14.61,57.23,0
257.02,1.32,7.75,542.7,19.84,16.8,292.59,8.89,9.87,1092.32,2,2535.87,1,13681.68,0,0,10.55,27.11,13.4,0
430.08,4.65,11.57,840.3,26.2,22.25,1019.27,24.51,30.04,2289.64,1,3877.45,1,3746.35,0,0,20.59,31.48,39.17,0
630.9,3.94,14.99,1007.89,28.11,39.66,56.7,0.47,5.56,1695.48,2,1969.36,0,2551.98,0,0,34.5,40.63,5.5,0
484.55,4.58,17.48,756.83,15.69,28.5,851.3,24.88,29.19,2092.67,1,3733.06,1,10501.77,0,0,24.52,30.29,38.1,0
790.5,4.56,19.22,953.07,36.26,36.89,224.65,11.83,6.36,1968.22,1,3934.05,2,10043.5,0,0,28.66,47.29,8.11,0
701.33,6.48,17.64,636.38,6.27,16.82,1103.57,38.48,22.12,2441.28,3,3939.54,1,10062.74,0,0,31.41,18.18,41.32,0
470.97,3.75,17.67,1248.29,45.01,47.23,1294.46,39.52,25.35,3013.72,2,3844.84,1,10830.52,0,1,21.63,66.22,51.57,2
230.67,0.69,17.45,958.83,33.4,20.64,852.19,27.81,27.23,2041.68,3,3353.44,1,11014.64,0,0,15.04,41.21,41.13,0
738.04,7.84,24.88,1302.98,34.12,37.52,1334.32,32.82,29.56,3375.35,2,5499.63,2,11739.05,0,0,40.96,49.38,52.86,0
92.61,0.0,3.9,265.26,6.42,2.61,633.81,18.06,19.31,991.68,2,1793.02,0,1068.68,0,0,0.89,9.06,27.24,0
652.02,2.49,6.75,929.38,33.17,32.13,780.43,27.44,17.97,2361.83,2,5408.46,3,14554.53,0,0,25.74,40.34,28.62,0
836.88,6.24,21.59,1385.7,39.29,50.3,1333.28,44.59,34.19,3555.86,1,6919.59,3,6112.41,1,1,41.03,64.82,59.96,1
1109.25,9.02,25.96,565.22,13.63,27.38,1359.58,43.84,31.17,3034.05,2,4326.96,1,5600.42,0,0,56.22,19.19,58.19,2
670.59,3.62,15.08,1143.55,27.0,28.41,345.12,8.71,7.28,2159.26,1,3876.2,1,3750.08,0,0,27.88,38.53,15.35,0
1211.32,9.52,27.81,884.16,20.28,33.1,886.33,27.11,17.65,2981.81,2,5352.41,2,3445.76,0,0,67.17,33.37,36.66,0
446.57,2.5,13.99,752.91,18.33,23.11,806.41,29.64,18.98,2005.89,1,3042.75,1,7715.35,0,0,14.12,29.75,37.96,0
713.32,4.91,13.27,730.93,26.19,31.48,372.06,10.69,0.0,1816.3,2,3131.23,1,7722.55,0,0,36.89,31.68,16.7,0
694.32,3.82,19.74,355.12,0.56,6.94,1152.19,29.81,21.69,2201.63,1,1729.03,0,3454.99,0,0,28.98,11.42,51.17,0
420.93,2.93,14.23,806.21,29.52,27.59,783.73,24.37,22.11,2010.87,3,2227.86,0,7234.53,0,0,11.52,43.23,35.94,0
795.16,6.74,20.77,578.57,10.56,11.06,851.22,18.49,29.87,2224.96,3,6805.38,3,8199.7,0,0,43.76,19.11,36.32,0
634.21,3.95,16.63,1015.34,31.89,36.75,1505.71,47.71,39.32,3155.26,3,4962.98,2,5384.98,0,0,30.79,44.46,63.97,0
367.1,1.27,5.8,1275.32,34.04,30.67,1777.91,47.67,43.2,3420.34,1,5601.92,2,11288.34,0,0,12.44,51.65,70.69,0
789.33,6.82,22.25,547.66,16.1,23.0,487.15,18.94,18.58,1824.13,1,2766.36,1,11775.37,0,0,40.68,22.01,23.14,0
207.39,1.65,11.69,817.15,26.56,19.24,737.8,23.98,21.2,1762.34,1,1924.27,0,2611.01,0,0,8.23,38.27,34.16,0
878.65,7.91,23.44,1790.87,52.36,53.64,324.81,13.72,6.9,2994.34,1,5873.85,3,9554.27,0,1,46.14,74.6,10.52,3
281.84,3.76,8.1,861.86,25.36,23.91,1032.15,37.77,24.67,2175.86,1,4973.22,2,10270.74,0,0,19.48,36.84,50.26,0
1561.99,12.69,27.34,888.92,21.47,30.51,729.79,25.3,16.69,3180.71,1,7081.58,3,14973.08,2,1,77.63,30.12,27.97,3
374.13,3.82,11.57,571.09,16.78,21.7,180.68,5.66,0.06,1125.9,3,1047.69,1,12479.08,0,0,20.83,22.8,4.05,0
448.64,4.52,15.97,738.93,23.91,22.82,1423.38,37.18,34.34,2610.95,1,4914.31,1,13186.34,0,0,30.65,33.8,58.13,0
880.77,5.48,21.99,366.04,6.93,19.33,889.45,13.47,13.63,2136.26,2,2237.98,0,11456.17,0,0,39.83,10.99,26.17,0
524.52,4.69,12.17,886.89,29.98,33.02,674.5,22.54,13.72,2085.9,2,4893.44,2,8153.89,0,0,22.54,37.06,26.3,0
915.99,9.07,26.49,733.97,18.1,27.07,1191.21,37.94,30.67,2841.16,3,2389.84,0,6774.93,0,0,52.3,31.17,52.51,0
789.3,5.31,20.49,428.51,21.3,24.52,1242.28,29.23,29.44,2460.09,1,5020.17,2,6237.32,0,0,34.58,18.05,48.0,0
230.12,0.33,8.3,452.33,5.05,12.08,531.86,13.47,8.25,1214.31,3,1364.2,0,12379.09,0,0,5.38,12.23,20.14,0
262.61,3.45,11.16,570.1,12.75,23.69,996.12,28.33,24.05,1828.83,1,2091.53,0,5398.34,0,0,10.14,20.98,41.93,0
1052.44,8.17,23.21,570.69,3.33,27.43,736.89,19.96,12.34,2360.02,2,4468.15,2,10101.27,0,0,55.58,15.19,21.28,0
627.98,5.14,12.42,975.01,29.11,32.96,1052.25,27.57,24.79,2655.24,2,5612.59,2,5980.3,0,0,30.99,43.32,40.33,0
610.29,4.03,13.28,305.71,8.0,13.81,429.77,15.57,16.52,1345.76,2,3342.06,2,107.22,0,0,28.54,6.4,19.77,0
562.68,4.52,13.11,107.79,2.71,10.75,473.43,14.12,17.17,1143.9,1,5470.19,3,5473.02,0,0,30.32,9.36,21.62,0
416.34,1.59,13.43,1037.1,42.1,39.53,380.19,10.81,15.91,1833.63,3,2112.36,0,2030.89,0,0,13.72,52.33,19.26,0
623.01,2.7,17.28,638.85,14.11,13.65,811.28,31.17,25.67,2073.13,1,3260.29,1,529.93,0,0,27.7,21.16,37.79,0
606.43,5.09,9.35,1076.34,28.8,33.77,1379.9,35.35,43.32,3062.67,0,5244.77,2,3219.06,0,0,29.85,49.21,53.5,0
1594.79,12.75,32.28,503.52,4.55,19.29,689.79,24.0,18.37,2788.1,0,2345.5,0,14883.39,1,1,76.41,11.26,29.57,1
628.42,4.56,10.78,1393.63,43.61,40.65,432.33,22.43,10.17,2454.38,2,5544.43,3,2156.36,0,0,31.81,59.62,23.68,0
750.2,6.94,12.37,796.62,22.75,26.08,407.76,10.83,14.69,1954.59,0,4539.82,2,10251.9,0,0,30.35,35.54,12.36,0
681.18,5.36,18.73,902.0,34.35,30.35,566.62,12.39,13.18,2149.79,1,3145.47,0,14649.92,0,0,32.1,39.88,20.89,0
723.2,5.31,11.16,693.38,16.9,25.97,1075.09,27.52,34.89,2491.68,2,3984.85,2,8598.54,0,0,32.37,28.11,46.81,0
552.11,4.77,10.66,467.85,10.02,15.05,1511.11,57.93,39.84,2531.08,1,2675.36,0,13542.35,1,0,27.86,14.96,67.49,1
787.56,7.14,18.59,598.19,16.65,27.81,616.53,20.71,20.65,2002.28,2,4372.11,2,8181.55,0,0,47.62,27.42,23.85,0
601.63,3.51,9.64,1113.19,36.31,29.42,778.91,24.3,28.3,2493.72,2,5731.23,2,5995.15,0,0,26.85,46.62,30.98,0
991.86,8.34,20.32,630.36,7.85,20.43,685.84,26.23,9.45,2308.06,3,2748.0,1,7868.32,0,0,55.94,19.74,25.26,0
516.6,3.88,14.27,305.84,0.0,7.95,1315.85,50.24,34.77,2138.29,3,3315.74,1,3093.86,0,0,26.98,7.2,63.67,0
994.56,8.52,17.61,736.93,18.48,27.38,754.23,28.35,24.21,2485.72,2,5030.32,2,12392.32,0,0,50.47,29.48,35.18,0
908.28,7.52,21.36,619.12,13.4,26.98,341.24,9.99,11.98,1868.64,1,2283.54,1,1764.88,0,0,48.87,20.38,13.46,2
499.41,4.25,13.23,1071.63,22.47,30.05,225.28,8.49,7.87,1796.32,1,3000.77,0,1088.46,0,0,23.44,41.78,12.21,0
287.58,0.69,10.98,954.66,29.18,22.7,645.68,22.4,14.62,1887.92,3,4752.76,2,13087.65,0,0,10.65,39.23,23.09,0
1161.85,10.15,31.12,658.73,12.14,23.77,739.1,13.92,12.79,2559.68,2,2841.13,0,11953.81,0,0,66.65,13.3,26.44,2
585.56,3.73,10.28,995.73,31.32,33.73,717.57,26.23,23.74,2298.86,1,5301.07,2,12736.73,0,0,26.87,46.76,31.28,0
666.83,2.6,13.41,1101.78,27.28,31.84,580.63,6.27,16.56,2349.23,2,3040.59,1,179.27,0,0,35.36,42.87,19.29,0
345.93,2.76,7.69,1030.94,39.62,38.36,524.33,8.27,13.97,1901.21,2,3584.47,1,4215.4,0,0,19.52,48.24,18.71,2
311.45,2.65,14.99,810.58,27.13,34.56,775.61,21.16,12.62,1897.64,1,3041.72,1,3401.73,0,0,21.75,45.11,30.11,2
987.93,9.54,26.11,1223.56,33.21,37.9,206.3,19.35,11.97,2417.79,2,5296.02,3,1039.24,0,0,57.35,44.41,18.37,0
1153.52,10.11,24.78,1454.01,37.58,45.28,1022.85,30.7,25.51,3630.38,0,7482.76,3,10647.37,0,1,59.53,56.41,43.29,0
812.86,5.36,15.61,1591.83,44.54,44.4,564.67,16.34,14.31,2969.36,2,5227.48,3,14974.64,0,0,40.53,62.59,24.3,0
648.88,4.49,15.72,753.07,29.11,22.59,466.48,9.83,4.36,1868.43,1,3445.59,1,13715.83,0,0,29.3,37.07,17.76,0
1018.07,6.09,24.68,1038.32,29.92,32.32,785.86,28.39,17.93,2842.24,0,2917.38,0,10874.36,0,0,44.49,40.92,33.56,0
604.19,3.95,16.99,591.19,9.35,18.87,381.21,14.81,11.89,1576.6,2,2869.46,0,527.74,0,0,23.09,23.71,18.69,0
800.41,5.15,13.04,526.88,11.9,8.89,902.55,26.95,23.71,2229.84,1,1721.47,0,10558.47,0,0,35.6,11.78,38.46,0
462.1,2.13,13.8,820.83,21.79,24.04,661.16,26.28,16.46,1944.09,1,3185.34,1,9139.22,0,0,15.95,42.09,27.85,0
363.77,2.22,5.78,905.85,31.22,36.79,1058.48,22.36,21.79,2328.11,2,3561.7,1,11547.57,0,0,14.96,40.82,39.92,0
821.85,6.71,17.96,952.7,28.12,37.15,1016.54,36.31,26.23,2791.09,3,4205.54,1,14535.87,0,0,40.49,37.59,42.75,0
869.18,5.97,16.39,1377.08,38.13,38.12,995.62,25.17,22.53,3241.87,2,5870.81,2,11296.85,1,0,37.01,56.09,43.76,1
737.2,6.0,18.24,364.52,6.98,8.56,383.15,10.7,13.19,1484.86,0,4029.76,2,10978.41,0,0,35.55,7.32,18.99,0
568.96,4.75,11.13,1080.31,28.28,35.46,1325.79,33.96,28.41,2975.05,1,3089.38,0,11184.51,0,0,26.11,46.76,43.78,2
852.47,5.93,18.52,427.95,4.32,14.16,805.22,22.49,13.59,2085.64,3,3653.16,1,2950.53,0,0,37.73,13.79,27.99,0
440.39,2.57,9.19,992.69,32.58,30.63,1131.25,34.98,31.51,2564.33,1,5351.73,2,2706.02,1,0,21.25,43.39,46.58,1
162.09,0.0,7.32,304.86,3.71,5.17,1160.36,37.7,30.11,1627.31,2,1944.69,0,13919.68,1,0,5.16,7.21,55.1,1
540.58,4.45,12.12,873.16,33.65,28.08,1433.44,52.13,41.63,2847.18,0,6227.87,3,1548.13,1,0,31.64,39.54,67.97,1
263.32,2.14,8.09,1662.02,53.8,43.82,699.19,17.06,15.39,2624.53,0,3811.84,0,14101.64,2,1,12.24,78.94,20.09,2
907.18,6.48,21.61,687.99,13.38,21.15,853.33,24.69,16.29,2448.5,1,4541.96,2,5922.14,0,0,47.42,24.96,27.37,0
1134.17,10.42,25.17,512.46,27.08,24.55,590.5,14.78,10.79,2237.13,1,1911.33,0,251.65,0,0,59.78,23.59,21.5,2
1421.01,10.5,32.35,1084.19,29.2,41.55,587.36,21.04,15.83,3092.56,2,5387.89,2,6527.11,2,1,70.9,49.86,26.29,0
574.09,5.02,9.4,862.11,30.19,26.73,438.11,18.82,13.9,1874.32,1,5451.81,3,9553.18,1,0,31.93,42.27,18.32,1
545.39,4.26,12.26,503.84,14.34,22.43,832.12,34.1,24.16,1881.35,2,4518.73,1,9169.45,0,0,19.24,19.87,37.68,0
545.33,5.46,14.76,943.96,28.01,30.55,1328.59,30.81,26.31,2817.89,3,2257.03,0,3258.29,0,0,35.01,35.94,46.85,0
676.54,4.0,17.44,785.22,22.64,25.78,1328.1,35.68,32.73,2789.86,2,2476.05,0,7204.0,0,0,30.48,34.27,57.21,0
758.67,3.44,17.02,924.18,30.91,36.81,615.39,10.43,12.02,2298.24,2,5983.26,3,8164.91,0,0,34.07,45.72,20.19,0
1102.96,8.93,27.08,1383.02,36.41,41.43,660.3,10.41,16.47,3146.27,0,4970.0,1,3862.6,0,0,53.76,52.87,21.59,2
626.27,4.32,13.22,1039.39,37.47,40.52,945.91,44.05,28.29,2611.57,1,2000.41,0,4825.18,0,0,25.48,43.25,44.74,0
641.33,5.6,19.95,1046.6,35.06,45.11,706.55,28.34,15.84,2394.48,1,5328.54,2,9363.04,0,1,32.13,45.14,27.67,0
473.78,2.7,11.18,648.12,14.26,25.19,693.92,20.98,15.88,1815.82,2,3608.47,1,7416.49,0,0,16.31,25.24,28.73,0
567.72,4.4,11.68,1388.82,44.57,50.05,1181.05,27.31,20.9,3137.6,1,4417.21,1,3621.79,0,1,30.17,66.69,43.74,3
1268.88,10.37,26.62,1051.83,23.01,32.41,523.68,11.63,19.2,2844.39,0,4814.56,2,12761.19,0,0,68.75,33.62,16.97,0
613.06,3.3,10.39,987.44,25.27,21.1,468.36,13.31,9.24,2068.86,2,1792.44,0,8863.56,1,0,20.42,41.22,17.44,1
992.61,8.78,22.81,1289.07,31.51,47.84,690.34,12.17,13.35,2972.02,3,2768.74,0,14856.5,0,1,49.91,54.2,26.62,0
659.99,2.11,17.5,672.01,16.6,20.18,1143.19,36.36,35.89,2475.19,2,5093.3,2,6617.65,0,0,27.99,27.6,50.99,0
1030.16,8.84,24.54,1033.66,24.52,34.36,634.66,22.66,15.64,2698.49,1,5550.88,2,8295.17,0,0,50.58,40.24,29.07,0
1013.88,7.55,24.03,1084.1,35.0,36.03,1190.35,34.59,33.3,3288.33,2,4141.08,1,1637.4,1,0,48.67,40.99,53.45,1
202.89,2.38,8.27,1325.29,48.72,46.98,666.46,16.19,13.88,2194.65,2,2898.52,1,4970.09,0,1,15.74,69.12,23.95,2
946.51,7.99,23.91,477.91,6.14,21.11,620.32,17.31,10.86,2044.74,1,1747.9,0,13685.39,0,0,46.47,17.34,19.93,2
266.68,1.51,8.92,258.38,5.44,4.68,1645.22,48.22,42.75,2170.27,2,4484.18,2,10523.83,0,0,10.3,9.53,67.82,0
381.89,2.17,11.74,736.99,25.09,21.86,30.0,0.25,3.98,1148.88,2,2916.19,1,1068.6,0,0,12.45,33.34,4.02,0
541.11,3.36,10.77,794.05,27.7,25.81,1214.76,35.39,25.86,2549.93,2,2147.26,0,10725.33,0,0,29.15,35.39,49.65,0
1274.17,9.54,27.72,412.94,3.67,18.97,890.25,29.84,19.21,2577.36,0,2061.36,0,6946.18,0,0,61.04,4.1,33.59,2
716.46,6.92,17.42,934.32,30.5,31.16,705.66,20.57,14.83,2356.44,2,3481.27,1,12426.14,0,0,40.72,40.56,20.24,0
355.15,2.45,7.26,106.75,2.65,5.13,326.29,7.88,12.03,788.19,1,1256.72,0,8633.36,0,0,17.29,4.59,16.81,0
63.89,0.71,9.08,628.67,20.0,19.21,1086.34,34.29,23.52,1778.9,1,3327.97,1,14897.63,0,0,6.12,29.36,40.41,0
783.08,7.15,19.06,1258.15,44.88,34.77,2215.68,61.98,49.87,4256.91,3,7314.24,3,4844.29,3,0,43.86,45.3,89.38,0
660.33,5.5,17.86,458.95,7.78,15.15,756.31,26.54,26.3,1875.6,2,2005.89,0,10925.7,0,0,32.21,14.55,35.27,0
823.01,6.85,14.38,981.67,24.86,28.41,677.15,20.14,17.12,2481.82,2,5436.35,3,5008.14,0,0,35.2,42.71,23.73,0
798.86,6.72,25.02,727.73,18.25,20.59,256.5,4.86,19.57,1783.09,0,2979.61,1,7436.4,0,0,39.78,28.57,15.27,0
938.4,9.62,23.33,748.89,23.85,29.18,565.99,16.66,13.35,2253.29,2,3497.65,1,12959.04,0,0,53.4,34.7,21.75,2
454.47,4.75,14.16,978.81,23.03,32.46,574.63,24.02,18.51,2007.9,2,4109.18,1,8027.95,0,0,30.19,41.85,26.75,0
1200.61,7.59,28.71,922.89,24.8,27.85,677.31,17.37,15.4,2800.81,1,4447.0,1,9451.92,0,0,59.26,32.57,23.6,2
367.72,2.68,11.36,1118.46,30.74,33.26,1405.85,43.51,30.18,2892.03,0,5389.03,2,11680.05,0,0,18.91,47.4,60.04,0
180.35,0.62,17.26,893.03,19.28,29.91,741.49,25.68,19.86,1814.87,2,3677.7,2,11338.94,0,0,7.9,40.76,31.2,0
1123.69,8.46,27.11,1127.05,33.94,33.87,811.92,20.09,10.66,3062.66,1,3168.18,0,12383.8,0,0,53.2,48.61,30.04,2
300.84,1.8,8.08,311.62,0.69,2.14,926.98,29.72,21.97,1539.44,2,3809.21,2,8755.09,0,0,12.87,5.63,41.92,0
679.84,5.75,17.35,1272.46,43.81,35.54,194.9,4.87,3.99,2147.2,2,3425.17,2,8243.96,0,0,34.65,56.8,4.68,0
1188.71,9.2,26.51,767.24,17.4,24.94,1714.49,51.52,42.32,3670.44,0,5114.41,1,13329.25,0,0,60.88,30.64,70.68,2
342.59,1.45,4.63,393.94,11.02,3.72,1399.44,40.75,25.19,2135.98,2,3729.97,1,13868.41,0,0,8.0,18.84,61.03,0
832.84,6.81,23.09,438.96,11.2,17.29,217.23,8.11,3.93,1489.03,2,1311.79,0,2026.63,0,0,40.7,14.03,5.19,0
44.77,1.25,6.39,465.21,12.59,9.99,923.72,24.74,18.83,1433.7,0,1906.13,0,6801.88,0,0,7.64,20.09,39.05,0
593.35,3.97,15.51,821.74,21.05,28.5,1247.47,29.69,30.4,2662.57,0,5037.83,2,930.18,0,0,32.15,35.47,46.11,0
88.43,0.99,6.26,549.89,11.73,17.46,1069.31,26.86,22.52,1707.63,1,1605.28,0,2109.77,0,0,1.73,22.18,38.1,0
359.73,2.37,6.35,1109.63,40.27,28.88,699.03,23.23,21.65,2168.39,2,2503.2,0,4233.53,0,0,11.7,50.66,28.06,2
327.2,2.93,12.37,564.96,10.07,17.41,213.53,0.08,0.0,1105.68,1,3167.98,1,4783.68,0,0,19.26,17.44,6.15,0
214.41,0.0,5.87,883.87,22.69,29.46,528.38,16.2,7.39,1626.66,1,2774.75,1,9005.49,0,0,6.81,39.28,24.52,0
849.29,7.14,18.66,1047.81,29.94,32.47,1062.11,20.1,24.81,2959.21,0,3637.37,1,8017.84,0,0,43.1,44.21,33.93,0
847.06,5.67,17.85,927.51,27.2,23.52,646.04,13.75,18.21,2420.6,1,5434.61,2,889.66,0,0,38.1,39.69,21.72,0
1103.8,9.37,24.25,767.18,21.66,24.02,750.82,15.24,25.73,2621.8,2,4608.33,1,204.84,0,0,61.31,27.66,25.94,2
332.42,2.06,4.95,451.14,10.58,25.92,796.7,18.23,16.65,1580.26,2,3825.71,1,12222.48,0,0,13.28,22.45,25.64,0
672.39,5.34,14.66,985.87,36.94,30.05,1405.09,35.22,37.08,3063.34,1,3390.11,0,1676.63,1,0,26.1,43.06,60.0,1
322.27,1.63,1.44,627.83,14.69,20.4,621.07,20.31,16.51,1571.17,1,2455.31,1,2547.05,0,0,9.46,24.08,25.36,0
509.71,3.3,5.66,696.35,23.88,18.86,494.41,11.68,10.01,1700.48,1,1190.75,0,13974.99,0,0,21.21,24.25,11.6,0
1234.9,10.07,28.07,769.98,17.8,20.66,1270.02,34.35,33.81,3274.9,2,7343.08,3,12736.98,1,0,65.54,24.27,56.1,1
918.02,7.37,20.51,1582.39,38.54,42.29,531.33,14.88,4.94,3031.74,2,5539.43,2,14182.11,0,0,45.88,51.82,20.88,0
293.2,1.97,10.1,1033.95,34.61,26.83,1799.22,57.9,44.2,3126.36,1,4528.14,1,12959.56,0,0,12.35,44.73,76.28,0
215.96,1.08,8.3,74.79,4.19,13.62,1422.34,40.31,37.48,1713.09,3,3545.75,2,13041.64,1,0,3.75,8.35,65.48,1
182.91,0.12,1.0,980.75,24.64,23.48,1268.15,42.35,27.7,2431.81,2,2727.34,0,3600.98,0,0,3.38,42.96,49.91,0
825.58,6.42,18.63,492.15,9.05,20.94,822.43,22.89,21.59,2140.17,2,6300.66,3,11807.34,0,0,44.21,8.82,30.79,0
558.84,2.66,10.25,718.04,30.31,29.04,982.22,27.39,32.97,2259.09,2,4031.4,2,5947.11,0,0,18.84,30.9,43.01,0
1620.88,12.77,34.02,1121.62,33.55,38.99,801.39,16.65,15.96,3543.89,1,6071.12,2,13553.2,2,1,80.25,47.86,27.04,3
572.44,4.98,16.61,554.1,20.23,26.15,1124.56,37.42,27.03,2251.1,3,3106.37,1,7282.03,0,0,31.21,28.57,52.36,0
412.85,3.2,10.79,206.37,4.34,5.16,496.96,13.64,10.89,1116.18,1,2303.06,1,12012.73,0,0,20.02,4.3,20.18,0
248.39,0.82,8.65,1118.57,33.35,40.26,1160.69,31.84,20.69,2527.66,2,3847.72,1,14582.68,0,0,10.06,55.99,41.88,2
1071.54,8.16,22.19,1254.64,41.5,43.45,1611.07,46.74,41.56,3937.26,2,6354.97,2,13977.91,0,0,51.46,52.56,69.74,0
424.7,4.19,10.22,750.13,17.76,24.78,963.37,30.31,21.35,2138.19,3,1914.38,0,3813.4,0,0,22.75,32.47,46.44,0
644.62,6.51,17.18,995.17,29.62,25.43,1041.49,30.54,23.62,2681.28,2,6068.24,2,8365.6,0,0,34.34,33.77,42.15,0
736.87,6.0,9.97,1217.08,34.84,37.83,899.56,23.96,25.85,2853.51,0,5640.89,2,4990.21,0,0,32.59,48.28,38.08,0
676.45,4.86,16.46,359.59,14.01,8.11,637.01,14.58,13.49,1673.05,1,3263.53,1,7377.69,0,0,30.65,12.7,22.48,0
764.51,7.34,25.58,529.61,5.5,23.95,1050.27,30.73,25.09,2344.38,2,5670.29,3,1135.53,0,0,46.69,18.06,38.66,0
327.1,2.72,7.74,678.54,20.42,20.01,710.8,13.23,19.15,1716.43,1,3600.12,1,6520.81,0,0,10.81,24.15,28.52,0
530.87,4.97,22.25,1844.61,59.13,58.41,91.29,8.45,2.53,2466.77,2,1648.4,0,8711.77,2,1,31.6,83.39,10.84,3
474.56,4.65,15.47,897.75,24.26,22.83,1215.67,36.63,28.92,2587.99,2,1969.82,0,9907.07,0,0,24.74,36.09,48.63,0
896.5,7.49,25.82,1316.94,39.16,35.16,1592.63,55.82,48.17,3806.07,2,5755.25,2,8069.0,0,0,46.98,49.4,72.89,0
989.99,6.5,24.58,1055.04,34.76,35.02,1178.98,33.42,29.31,3224.02,2,4131.25,1,292.18,0,0,52.64,45.21,47.18,2
305.72,3.0,12.05,960.69,26.93,21.94,554.24,11.6,11.74,1820.64,0,1453.37,0,6161.91,0,0,15.43,37.46,17.17,0
814.58,8.04,21.33,321.88,0.0,14.95,523.58,5.6,7.87,1660.04,1,3517.3,1,8504.92,0,0,45.42,7.75,14.88,2
325.48,1.56,4.27,76.0,5.59,6.11,1672.11,45.85,37.26,2073.59,1,3964.09,2,13976.62,0,0,11.36,9.82,68.06,0
470.55,3.69,9.21,969.58,36.17,32.14,1700.34,56.21,44.2,3140.48,2,6225.68,2,14028.48,0,0,28.87,46.49,74.6,0
610.44,6.31,15.42,1004.22,30.1,32.44,1085.55,27.97,28.51,2700.2,3,4114.7,1,2043.09,0,0,31.83,46.58,45.78,0
1054.55,7.98,20.91,975.34,22.89,24.05,758.08,11.66,16.95,2787.97,3,2750.09,0,8810.7,1,0,50.63,30.97,28.42,1
934.7,7.04,19.29,800.83,23.82,25.17,269.07,8.07,1.95,2004.59,2,4520.89,2,5969.77,0,0,45.72,30.31,4.44,0
181.52,2.25,5.34,228.89,10.42,11.4,433.51,13.03,11.62,843.93,1,655.33,0,11836.54,0,0,11.79,7.7,20.11,0
720.03,9.25,23.77,663.4,11.79,21.51,1140.23,34.26,28.75,2523.65,2,4510.5,1,14093.8,0,0,44.13,15.57,43.55,0
608.83,5.86,13.88,950.89,26.28,34.47,149.8,3.55,5.83,1709.52,2,1919.23,1,8525.11,0,0,34.22,42.8,10.97,0
1119.11,10.93,25.31,764.44,23.56,35.41,421.6,17.07,11.05,2305.15,2,5891.86,3,10123.92,0,0,67.41,26.59,24.56,0
464.03,3.4,12.44,1054.76,31.2,29.63,384.8,12.51,10.45,1903.58,1,1957.89,0,14671.35,0,0,20.93,45.95,20.91,2
494.61,5.34,17.03,888.33,28.25,26.08,886.12,25.25,24.33,2269.06,3,4878.17,2,9216.65,0,0,25.08,37.42,33.82,0
1340.27,11.9,32.65,964.5,20.04,37.71,1078.5,30.03,26.01,3383.28,3,4579.91,1,11452.48,2,1,71.72,32.28,42.1,0
1119.84,9.57,22.48,563.54,4.33,19.14,540.03,16.53,7.31,2223.41,1,1440.31,0,6903.65,0,0,55.5,13.61,19.54,2
354.73,2.06,8.35,564.89,14.03,14.92,762.86,22.31,21.34,1682.47,2,4073.1,2,9638.04,0,0,11.38,27.18,33.15,0
612.26,4.99,19.9,542.29,25.77,18.16,329.19,10.32,2.1,1483.74,2,1388.57,0,12961.42,1,0,28.51,28.7,8.72,1
787.43,6.22,22.42,896.82,23.16,24.35,843.84,23.27,22.64,2528.09,1,5507.34,2,12931.58,0,0,40.29,33.31,37.31,0
884.68,7.79,24.37,469.88,18.36,27.92,959.7,32.33,28.71,2314.26,1,4611.27,2,8739.16,0,0,47.83,22.08,41.01,0
323.14,1.86,11.43,975.87,37.24,28.71,1190.6,42.66,29.32,2489.61,1,4958.38,2,14837.41,0,0,15.07,41.42,53.83,0
1219.6,9.58,27.14,1608.34,48.47,52.06,433.86,9.96,3.31,3261.8,2,4672.65,1,6622.7,0,1,62.39,63.89,12.69,3
297.04,1.66,13.81,620.29,22.08,14.2,431.35,9.23,12.65,1348.69,1,1834.1,1,4604.91,0,0,7.94,20.7,18.16,0
228.67,1.75,13.44,1574.76,47.4,44.32,1387.63,32.38,33.88,3191.06,2,5608.46,3,6845.45,1,0,14.44,73.72,57.22,1
1062.56,9.64,26.23,1342.32,31.26,28.17,383.99,8.1,8.35,2788.87,0,3863.38,1,7586.44,1,0,59.6,44.64,12.96,1
650.07,4.78,18.26,407.04,9.78,11.19,1460.89,34.14,37.52,2518.0,1,5142.34,2,13766.89,0,0,31.7,19.05,55.04,0
506.95,4.4,15.84,632.69,6.86,21.09,577.53,13.16,10.55,1717.16,2,3223.56,1,1000.79,0,0,33.1,15.89,21.84,0
806.54,6.44,13.87,1332.77,40.34,47.52,759.42,26.18,16.03,2898.73,1,4657.23,2,7705.31,0,1,39.1,61.11,24.77,0
475.05,3.38,7.97,308.74,3.43,15.39,734.33,17.05,16.21,1518.13,3,1880.8,0,2321.51,0,0,17.25,9.17,25.61,0
432.48,0.4,6.8,681.39,17.55,19.92,1133.93,31.08,26.28,2247.79,2,3193.55,1,1951.65,0,0,9.1,28.42,52.56,0
793.75,6.77,17.17,884.94,20.03,27.53,760.38,20.69,22.46,2439.08,2,2252.72,0,13404.08,0,0,39.29,28.11,33.0,0
942.51,6.16,18.27,710.13,22.91,22.22,1243.96,41.46,34.04,2896.6,2,7071.56,3,7310.6,0,0,44.1,30.88,53.69,0
718.55,6.74,15.35,1329.32,36.79,28.91,1065.36,30.29,24.38,3113.24,3,4576.0,1,1027.77,0,0,35.38,46.98,41.86,0
629.06,4.18,17.08,304.69,15.53,20.33,393.78,9.97,10.03,1327.52,2,4464.7,2,6951.77,0,0,23.31,18.96,10.28,0
285.57,1.08,15.15,617.81,25.88,19.29,611.09,21.97,5.0,1514.47,1,1267.22,0,10048.73,1,0,13.3,25.79,20.72,1
577.1,4.87,18.09,967.72,35.12,28.1,695.69,21.53,16.71,2240.51,0,4368.99,1,1858.64,0,0,26.15,38.09,31.15,0
1420.17,10.99,23.65,1139.81,24.32,34.88,453.07,17.62,12.59,3013.04,3,5198.25,2,5977.88,2,1,71.77,37.56,16.59,0
612.83,3.69,17.99,1130.88,40.22,46.41,1020.36,33.65,23.97,2764.07,0,4246.75,1,14880.76,1,1,27.87,56.01,44.19,1
486.0,4.73,16.3,215.16,9.33,9.75,839.88,20.32,15.63,1541.03,1,3687.9,1,12453.83,0,0,25.98,13.21,32.41,0
506.37,5.73,15.32,1171.78,26.77,38.39,398.63,20.72,14.32,2076.78,0,2908.55,1,6836.14,1,0,29.79,44.06,21.42,1
643.65,4.67,12.88,762.79,24.25,23.1,634.35,18.28,11.18,2040.79,2,2914.63,1,10598.24,0,0,26.77,29.41,24.85,0
1178.41,9.29,25.05,837.43,30.54,27.3,975.41,39.14,31.4,2991.26,0,4648.65,1,5072.82,0,0,59.91,38.91,48.26,2
918.23,7.53,24.15,620.88,19.03,25.63,1184.48,37.55,36.46,2723.59,1,5341.17,2,13045.71,0,0,46.23,23.16,54.68,0
524.19,2.85,13.41,1021.26,37.46,32.75,1021.57,17.1,20.14,2567.02,2,5191.34,2,13613.47,0,0,20.71,48.15,34.92,0
603.2,3.91,17.52,687.6,12.5,16.18,1716.52,37.6,39.04,3007.32,0,2885.51,0,8535.57,0,0,25.31,21.41,66.23,0
644.34,5.09,17.86,1021.03,36.68,33.33,461.97,16.03,9.54,2127.35,2,3097.57,1,218.11,0,0,29.76,44.9,19.87,0
733.99,4.22,21.05,996.8,34.6,21.7,1653.19,46.06,41.11,3383.97,3,4997.53,2,12223.0,0,0,33.51,42.23,68.81,0
362.13,3.24,13.2,592.14,8.68,19.19,795.34,13.61,16.3,1749.6,2,3489.76,1,7992.8,0,0,18.01,24.68,29.87,0
516.46,2.37,9.24,1708.01,47.44,46.93,927.91,24.36,24.18,3152.38,2,4912.78,2,1552.92,1,1,21.88,70.26,31.88,1
1069.06,8.89,21.87,1192.58,31.61,45.19,1310.29,41.28,37.93,3571.93,0,7213.17,3,1001.73,0,1,61.92,42.3,54.35,0
1210.43,10.56,28.89,696.9,24.41,32.97,132.08,5.05,3.51,2039.42,3,3345.61,1,7424.02,0,0,62.71,18.48,6.68,0
560.29,3.06,14.98,861.85,25.61,24.6,948.05,29.33,29.14,2370.18,1,2310.94,0,10162.18,1,0,23.36,35.08,42.73,1
455.85,3.06,11.58,532.16,14.33,19.88,1107.94,34.22,28.59,2095.96,2,5735.85,3,7643.43,0,0,24.08,18.54,44.47,0
901.53,6.96,21.49,968.42,28.89,40.01,707.51,24.77,18.24,2577.46,1,5793.88,3,4235.68,0,0,45.01,42.72,36.38,0
231.75,0.66,6.12,1181.83,34.81,31.91,89.08,4.03,0.07,1502.66,2,4399.31,2,11751.96,0,0,7.09,50.17,7.76,0
1047.72,9.42,23.72,557.85,18.5,23.1,1263.02,30.01,28.08,2868.59,1,5151.55,2,1263.25,0,0,57.72,17.61,49.48,0
526.36,3.3,7.62,138.19,5.24,6.56,710.7,5.95,6.26,1375.26,2,2800.95,1,2914.86,0,0,19.78,6.85,16.2,0
846.33,5.8,19.54,299.55,10.21,6.62,761.13,23.45,21.15,1907.01,1,2699.95,1,11402.52,1,0,41.15,6.04,33.34,1
76.57,0.0,5.99,1316.89,41.98,42.61,363.95,6.04,9.87,1757.41,1,4173.68,2,11708.57,1,0,7.26,61.19,13.18,1
900.19,7.06,21.94,1041.02,26.2,26.15,1578.04,54.38,37.93,3519.25,0,7011.19,3,7614.29,0,0,45.16,35.05,68.01,0
951.02,7.59,14.42,1012.52,18.37,29.29,768.37,21.12,21.26,2731.91,0,4076.58,1,1630.74,0,0,41.93,36.55,29.72,0
792.47,6.28,20.67,612.25,15.99,27.8,1437.5,41.27,45.62,2842.22,2,2832.58,0,536.54,0,0,39.6,26.11,65.14,0
301.5,2.15,8.77,620.95,12.84,9.56,1267.82,38.83,30.44,2190.27,3,2241.14,0,6171.17,0,0,15.2,20.08,54.0,0
436.22,4.94,9.57,41.68,5.59,8.19,638.04,14.4,14.38,1115.93,1,2425.74,1,5164.71,0,0,22.21,8.23,21.28,0
709.36,6.31,16.17,1449.74,42.67,49.76,1406.64,45.45,39.49,3565.74,1,6804.73,3,9652.27,0,1,35.68,61.55,62.48,0
344.16,1.83,7.23,340.56,9.17,6.71,628.36,18.85,14.72,1313.08,1,4115.95,2,8735.26,0,0,20.06,13.96,24.42,0
521.4,2.7,10.53,762.49,32.26,25.26,579.11,9.29,16.95,1863.0,2,2562.88,0,5797.9,1,0,18.29,38.9,17.53,1
1163.84,9.16,25.01,1042.23,30.47,33.76,142.54,2.83,4.38,2348.61,3,4581.84,1,10966.24,0,0,56.11,46.09,2.53,0
249.58,0.0,6.84,727.38,20.01,19.75,1293.88,51.26,39.94,2270.84,1,4073.7,1,5519.95,0,0,4.63,24.85,61.71,0
1016.51,9.16,26.93,626.9,11.93,29.57,30.0,0.0,0.0,1673.42,1,2298.81,0,2483.69,0,0,58.71,16.78,2.38,2
356.26,2.38,8.47,973.07,27.5,32.41,608.12,18.45,20.96,1937.45,1,5151.16,2,3586.18,1,0,14.78,41.05,28.74,1
914.53,6.47,21.89,719.03,23.53,22.6,1485.02,35.48,33.71,3118.59,2,5648.24,2,10929.63,0,0,41.57,21.37,58.03,0
682.7,5.06,18.99,453.34,12.78,15.61,733.74,26.37,20.99,1869.77,1,2225.48,0,11189.88,0,0,37.69,14.69,30.45,0
342.2,3.56,12.66,580.06,10.99,15.9,695.28,17.88,9.14,1617.54,1,4027.66,2,10589.49,1,0,14.89,16.38,25.93,1
360.83,3.49,17.15,559.19,18.26,20.21,562.98,4.79,12.04,1483.0,3,2825.1,1,426.03,0,0,20.49,22.5,15.61,0
1018.49,7.06,17.3,65.58,8.14,9.62,456.57,10.77,16.05,1540.63,2,3025.32,1,12764.81,0,0,48.43,8.26,22.33,2
545.61,4.99,13.24,392.28,2.48,3.38,1189.24,22.95,23.85,2127.13,2,3284.42,1,6158.29,0,0,26.82,4.05,37.86,0
1518.64,12.79,30.83,142.52,0.51,13.61,327.57,12.92,0.0,1988.74,1,1677.16,0,13151.61,2,1,80.34,6.32,11.27,3
351.58,4.01,18.45,727.37,20.31,23.7,951.73,26.28,25.69,2030.68,1,2114.69,0,5646.59,0,0,20.1,31.19,36.73,0
557.3,3.06,13.66,284.39,0.0,5.24,501.63,14.55,17.84,1343.32,1,2673.02,1,14715.63,0,0,19.64,4.01,21.92,0
312.24,0.85,10.3,30.0,0.65,7.65,917.89,26.45,20.44,1260.13,1,2192.75,1,8380.67,0,0,12.68,4.48,42.02,0
485.53,2.19,15.24,589.15,19.32,23.03,1464.17,43.69,41.24,2538.85,3,5638.12,2,3003.93,1,0,19.01,23.83,62.35,1
648.96,5.7,15.5,1122.54,35.46,36.73,897.54,25.15,19.28,2669.05,3,4608.11,2,8309.89,0,0,29.9,48.96,39.48,0
1420.04,13.38,33.87,949.44,18.26,31.92,1167.25,39.34,26.7,3536.72,3,5929.19,2,2058.8,2,1,78.49,27.61,48.55,0
302.51,2.08,10.51,633.19,17.88,22.76,528.24,21.34,16.92,1463.95,1,4201.85,2,887.96,0,0,19.66,22.8,29.6,0
143.49,1.81,2.44,322.05,16.92,5.95,1064.05,31.25,34.24,1529.6,2,1166.24,0,1654.31,0,0,4.38,18.65,50.52,0
579.48,4.47,15.68,751.99,24.26,25.17,257.88,4.14,8.32,1589.34,2,3111.84,1,4419.54,0,0,22.83,33.92,9.98,0
494.14,4.57,13.24,853.02,26.79,29.34,672.22,28.85,18.82,2019.39,2,3513.56,1,5511.29,0,0,31.76,39.75,31.64,0
1287.45,9.29,27.69,943.98,30.02,37.6,783.19,11.56,9.7,3014.62,1,5268.96,2,10092.2,0,0,58.42,44.22,17.69,0
749.02,3.59,19.96,575.47,12.91,18.71,868.95,30.38,22.47,2193.44,1,4623.65,2,4051.21,0,0,33.46,23.51,34.58,0
534.32,3.34,6.8,1127.57,32.5,35.17,586.51,15.83,13.3,2248.39,3,3206.94,1,14210.74,0,0,24.39,41.8,21.35,0
431.71,3.04,15.15,214.4,9.7,0.0,877.79,30.29,28.4,1523.9,2,3023.82,0,2273.77,0,0,20.05,1.99,40.77,0
956.86,7.43,21.48,339.94,0.0,14.46,1116.79,32.74,26.44,2413.59,2,2397.22,0,9398.14,0,0,44.9,4.63,49.84,0
540.49,4.87,12.94,855.89,26.32,26.59,533.14,18.94,21.02,1929.52,0,5872.18,3,2923.79,1,0,31.01,40.69,22.43,1
921.3,7.27,15.45,487.05,17.96,15.14,664.24,9.83,16.13,2072.59,1,3186.89,1,356.62,0,0,44.77,23.89,20.89,0
334.89,1.27,9.26,860.67,23.12,25.19,632.24,18.78,11.05,1827.81,1,2656.58,1,9811.54,0,0,12.79,34.77,31.09,0
650.63,4.05,12.77,517.07,12.14,15.06,264.8,8.05,6.38,1432.5,2,1626.46,0,4344.04,0,0,23.72,13.75,9.5,0
839.62,8.36,23.61,1001.51,23.98,37.76,1163.99,31.6,23.25,3005.12,1,4988.78,2,1549.91,0,0,43.82,39.19,46.81,0
248.54,1.82,8.4,1360.53,33.29,37.63,280.65,13.56,11.1,1889.73,2,3606.94,1,11283.5,0,0,9.17,59.35,19.17,2
338.23,2.37,6.86,652.99,23.8,23.91,1005.88,36.56,20.12,1997.1,2,4383.41,2,8929.86,1,0,14.64,28.62,49.19,1
546.43,3.92,10.21,853.14,27.33,29.97,1181.24,39.04,28.1,2580.81,3,5006.74,2,483.75,0,0,28.21,34.65,55.98,0
1180.4,8.44,24.54,816.02,26.34,31.17,388.68,10.45,8.39,2385.1,3,5057.33,3,728.7,0,0,54.56,32.72,14.42,0
1135.16,9.02,27.05,607.2,18.69,16.77,560.02,23.79,12.04,2302.38,1,3819.92,1,491.46,0,0,62.95,15.49,23.44,2
243.04,1.37,14.49,600.67,15.65,21.1,733.27,9.53,19.16,1576.98,1,4614.53,2,1512.25,0,0,15.8,25.09,25.01,0
804.92,6.21,17.24,410.27,13.09,16.28,720.86,25.19,21.62,1936.04,2,4409.31,2,12151.38,1,0,39.19,8.11,38.77,1
1110.38,10.12,27.42,1741.64,55.51,50.86,729.27,20.9,20.38,3581.29,3,7413.55,3,4487.98,0,1,60.46,70.6,30.94,0
936.67,6.75,20.86,1035.46,28.97,33.69,1385.35,41.25,37.1,3357.48,1,5969.76,2,9544.92,0,0,46.46,43.07,53.54,0
727.83,6.26,8.5,1026.35,23.53,23.77,231.01,12.53,2.64,1985.19,2,6090.19,3,341.47,0,0,33.18,40.27,13.57,0
747.35,5.38,19.9,774.44,19.35,30.94,944.81,17.55,19.18,2466.61,0,2488.69,0,2901.67,0,0,36.43,33.24,39.38,0
391.47,2.68,9.74,1774.9,54.32,43.77,324.61,9.55,1.74,2490.98,1,2214.94,0,11920.69,0,0,17.2,73.69,7.25,2
329.21,4.44,15.03,342.89,0.0,9.0,1443.68,39.02,32.78,2115.78,3,2617.23,1,10851.64,0,0,23.01,3.14,55.13,0
621.02,4.16,15.16,398.38,8.49,15.31,664.56,25.18,21.84,1683.96,2,2846.84,1,6722.11,0,0,27.57,10.81,31.82,0
571.16,4.73,11.28,1115.41,35.61,39.04,720.81,16.72,10.45,2407.39,2,2498.27,0,12296.19,0,0,26.41,52.11,26.98,2
678.55,4.45,13.2,1229.62,38.15,37.23,781.18,24.31,13.77,2689.34,1,3577.66,1,299.23,0,0,24.92,53.02,31.23,2
427.2,1.74,9.89,548.79,23.17,23.54,1414.57,47.09,39.18,2390.56,0,3434.02,1,5211.76,0,0,14.23,27.87,64.93,0
1044.79,9.11,26.62,1593.33,47.19,50.72,639.94,20.97,12.49,3278.06,2,5493.74,2,1803.75,0,1,60.19,65.09,30.6,3
712.76,5.85,17.19,745.3,31.38,34.16,534.27,24.68,12.79,1992.34,3,3172.05,1,13286.66,0,0,30.44,39.86,25.94,0
442.87,5.21,14.17,1568.44,61.18,49.32,947.13,24.69,10.13,2958.44,2,5533.11,2,13131.38,2,1,25.94,76.42,22.08,0
344.84,2.26,14.09,1182.37,28.82,38.44,457.45,7.76,5.29,1984.65,1,3788.06,1,581.75,0,0,11.01,52.13,11.34,2
931.49,5.84,21.82,1097.17,27.9,32.09,520.33,6.99,17.75,2548.98,2,4047.42,1,11368.83,0,0,40.84,38.27,19.25,0
565.71,3.68,14.53,673.06,17.69,18.95,561.46,19.79,12.38,1800.24,2,3112.13,1,5008.08,0,0,18.69,25.52,25.27,0
409.78,2.99,14.5,1085.06,34.58,33.72,1208.73,30.81,25.06,2703.57,1,4450.65,2,5182.45,0,0,20.08,49.34,48.3,0
536.5,2.54,13.01,302.87,0.99,17.16,842.24,29.13,21.41,1681.62,1,1400.57,0,10016.73,0,0,22.22,13.13,39.72,0
965.12,6.64,22.84,550.4,14.78,19.12,731.14,21.16,13.74,2246.67,1,4021.14,1,6037.54,0,0,44.69,19.88,27.66,0
793.83,5.83,21.89,571.7,17.78,25.56,615.58,14.74,14.57,1981.11,2,3341.76,1,10414.72,0,0,37.57,28.29,20.09,0
65.46,1.93,7.7,1187.68,42.63,31.5,1095.86,28.4,29.63,2349.0,2,3124.34,1,8852.6,0,0,6.62,56.88,46.45,2
1114.44,8.44,28.03,1295.14,39.48,34.51,566.31,11.31,11.91,2975.89,1,4677.17,2,12437.13,0,0,56.78,41.73,24.38,0
803.85,5.26,14.28,1150.03,29.0,38.29,544.8,11.71,13.23,2498.68,2,1389.76,0,1747.28,0,0,37.69,47.71,23.01,2
695.98,5.09,20.28,1172.38,34.99,33.1,418.21,6.97,3.6,2286.57,3,4558.48,2,8549.32,1,0,34.23,47.9,10.51,1
309.62,2.55,8.49,1044.06,31.7,40.5,986.77,34.44,25.23,2340.45,2,4167.14,1,1868.79,0,0,16.57,55.52,40.98,2
995.64,8.82,19.2,1021.37,23.54,35.88,899.26,19.29,21.89,2916.27,1,6925.3,3,2632.83,0,0,51.76,32.78,29.26,0
696.7,5.3,14.75,1178.94,34.11,29.75,583.46,25.93,22.63,2459.09,2,4976.06,2,11955.88,0,0,30.26,43.3,30.74,0
485.86,1.53,12.9,933.55,29.22,25.35,820.7,19.54,25.11,2240.1,3,5351.01,2,11023.32,0,0,20.8,38.98,38.98,0
299.5,1.34,9.55,1251.49,43.59,38.31,1312.22,40.53,30.79,2863.21,1,6801.93,3,2394.66,0,0,10.13,54.48,55.18,0
562.4,4.56,18.64,655.23,22.57,23.87,1163.69,39.25,25.2,2381.32,2,1778.35,0,6512.78,0,0,27.91,28.42,46.75,0
1133.45,8.36,23.15,635.95,7.84,18.18,1805.45,51.24,41.29,3574.85,0,6536.99,2,8680.82,0,0,56.63,21.18,78.28,0
297.91,2.81,17.45,550.15,12.64,5.37,912.19,21.01,18.17,1760.25,2,1778.67,0,5213.12,0,0,21.47,7.32,31.0,0
239.53,1.95,13.11,590.56,12.98,18.63,600.51,19.82,13.77,1430.61,2,1205.41,0,5206.78,0,0,9.06,27.01,27.5,0
454.08,4.14,13.54,727.37,21.64,24.53,480.96,15.26,14.57,1662.4,2,1649.33,0,5397.12,0,0,22.48,20.35,17.7,0
456.79,3.19,9.8,1015.39,26.43,28.36,1517.56,37.47,30.37,2989.73,0,2932.64,0,10187.26,0,0,20.81,33.88,59.96,0
567.12,5.49,23.77,379.3,7.35,21.62,539.43,3.72,10.36,1485.85,0,1765.55,0,2264.13,0,0,32.27,8.41,12.33,0
400.51,2.96,15.83,263.58,12.4,8.05,355.47,11.85,2.04,1019.56,2,2576.58,1,7107.07,0,0,16.16,7.86,13.0,0
574.85,2.15,12.2,297.17,12.93,3.39,1237.74,30.09,19.88,2109.75,1,4616.3,2,10447.79,1,0,18.95,15.14,39.97,1
273.11,0.79,4.54,1512.28,51.41,52.76,571.34,11.17,9.79,2356.73,2,3346.69,1,10884.52,0,1,10.37,67.86,21.46,3
799.62,6.05,20.78,682.99,18.0,18.94,559.36,12.04,4.73,2041.96,1,2111.33,0,2840.98,1,0,39.77,24.61,13.62,1
629.76,2.55,10.02,771.09,20.37,17.81,358.59,9.12,12.62,1759.44,1,3450.59,1,2042.34,0,0,19.4,32.68,13.77,0
304.39,2.19,13.46,1198.62,35.25,40.65,599.67,13.12,14.05,2102.69,2,4462.85,2,13142.38,0,0,16.68,56.32,23.87,0
1050.33,8.2,23.79,927.59,31.97,36.18,396.85,2.74,9.81,2374.76,0,3746.66,1,5411.64,1,0,51.71,33.62,8.62,1
1273.29,9.41,20.96,983.3,30.21,37.53,747.73,17.12,15.94,3004.32,1,4267.5,2,4722.48,0,0,59.27,34.44,26.18,0
798.75,4.62,16.04,515.24,10.82,19.8,786.32,33.59,15.86,2100.32,0,4407.37,2,11399.16,0,0,41.67,16.18,31.73,0
1204.95,9.47,23.26,1620.02,41.49,41.94,798.26,26.72,16.56,3623.23,1,5442.19,1,7841.97,0,0,58.71,62.81,36.94,2
998.23,7.84,27.52,628.14,20.75,23.74,1031.46,18.33,17.02,2657.83,0,5208.09,2,8960.68,0,0,50.27,20.46,30.86,0
476.35,4.47,12.43,538.52,17.9,22.98,1305.3,36.37,31.39,2320.18,2,2471.47,1,8073.8,1,0,26.8,20.16,56.48,1
299.21,1.55,2.7,791.24,32.15,28.29,821.52,25.56,21.73,1911.97,3,3121.74,1,10429.27,0,0,12.91,39.75,32.93,0
468.85,2.97,12.01,1066.71,38.64,32.85,236.87,10.51,13.23,1772.43,1,3240.71,1,1497.14,0,0,21.74,47.62,15.43,2
364.62,2.67,10.74,654.95,23.56,23.94,356.26,10.09,14.37,1375.83,0,4403.27,2,7533.29,0,0,18.64,26.78,14.65,0
707.66,7.58,24.47,258.45,18.64,21.58,579.45,10.96,12.79,1545.56,2,2424.24,0,5524.61,0,0,42.01,15.41,18.21,0
537.53,4.03,19.08,626.35,18.22,16.55,1252.73,32.65,28.27,2416.61,1,4487.99,1,3831.19,0,0,27.25,21.17,53.51,0
64.68,1.82,3.1,766.94,15.3,20.72,861.17,16.47,16.51,1692.8,2,3256.56,1,911.64,1,0,5.79,29.4,23.0,1
524.77,4.35,13.99,1155.05,26.6,28.08,857.86,31.81,22.91,2537.68,0,3664.81,1,12703.0,0,0,22.3,39.91,33.58,0
339.65,1.65,11.57,387.12,15.12,14.68,530.72,15.45,10.33,1257.5,1,5146.62,3,6331.66,0,0,11.98,18.71,22.72,0
492.91,4.17,14.65,1948.73,64.48,59.69,1163.77,28.35,25.46,3605.4,3,4672.12,1,14264.61,1,1,28.6,90.19,41.03,1
1012.53,7.85,23.53,1617.62,50.42,49.61,591.35,10.58,4.85,3221.5,1,4703.09,2,5419.54,0,1,51.44,67.4,11.63,0
190.64,1.82,12.56,692.46,20.88,17.29,827.4,19.15,12.97,1710.5,2,3899.34,2,11694.05,0,0,12.12,29.58,27.39,0
1102.76,8.9,26.33,466.0,4.55,22.26,604.24,12.42,17.5,2173.0,2,3389.6,1,5398.05,0,0,58.43,14.78,22.76,2
575.69,5.47,17.69,268.88,10.09,16.31,402.3,8.63,9.5,1246.86,1,1688.67,0,12551.92,0,0,30.51,12.71,15.03,0
876.57,6.22,23.96,1523.28,38.98,45.71,229.24,7.48,12.29,2629.09,2,4022.45,1,11194.47,0,1,42.12,65.98,13.79,2
270.84,3.54,9.89,1165.67,25.37,26.75,975.01,30.35,22.52,2411.52,2,4750.38,2,691.83,0,0,17.8,45.96,38.61,0
693.44,4.01,17.79,324.51,7.9,10.46,820.99,19.53,16.39,1838.93,1,3907.07,2,7832.5,0,0,29.71,8.24,31.43,0
1226.01,7.98,24.04,1195.02,29.78,39.33,1428.83,41.58,32.06,3849.86,1,3076.94,0,2394.42,0,0,58.21,47.83,66.04,2
1049.63,7.28,27.3,565.28,8.57,23.71,932.36,31.13,29.61,2547.27,1,2830.83,0,11994.05,0,0,54.51,14.66,37.94,2
539.19,4.61,14.16,589.12,14.22,20.8,1974.41,59.85,52.68,3102.73,1,4118.51,1,13688.68,0,0,31.49,17.46,80.56,0
379.39,3.5,15.38,1091.24,29.67,27.53,991.9,30.8,21.97,2462.53,1,3858.54,1,4449.07,0,0,25.94,45.53,42.28,2
781.23,4.77,16.25,575.28,20.1,21.79,1019.53,25.76,15.36,2376.04,2,3053.84,1,7822.97,0,0,34.09,26.34,40.77,0
896.07,6.63,19.54,1473.41,48.48,46.02,564.41,11.52,22.62,2933.89,2,4741.49,1,10176.54,0,1,36.52,62.4,30.7,2
1208.8,9.42,24.35,1227.08,32.77,42.02,1316.45,42.13,29.82,3752.33,3,6297.42,2,13065.94,0,0,62.52,51.61,47.47,0
328.52,1.46,10.81,767.6,22.71,30.78,1521.85,56.97,44.19,2617.97,1,3323.79,1,6704.32,0,0,18.97,35.63,68.13,0
323.28,3.39,11.28,182.33,8.32,2.64,693.75,20.74,9.28,1199.37,2,928.8,0,13826.68,0,0,18.38,8.26,28.79,0
622.58,5.05,10.49,673.87,17.08,18.4,1199.86,35.15,24.48,2496.31,1,3653.56,1,12651.42,0,0,24.89,26.89,49.27,0
330.38,2.47,7.78,391.47,14.27,12.93,856.87,21.89,21.9,1578.72,3,2144.76,1,11718.17,0,0,13.16,16.79,35.75,0
743.94,6.05,14.5,667.59,19.68,20.38,961.36,15.47,18.48,2372.89,1,4604.9,1,2252.49,0,0,41.19,25.17,35.24,0
409.8,1.43,8.97,970.02,32.83,29.26,583.71,15.9,12.47,1963.54,2,2801.69,1,8256.67,1,0,8.1,48.77,24.12,1
1335.94,9.78,30.18,1001.42,27.94,25.13,316.29,0.75,0.0,2653.65,3,6662.11,3,10625.84,0,0,65.13,32.33,12.92,0
753.86,4.82,13.07,586.51,10.98,25.37,367.84,9.02,3.29,1708.2,3,3366.29,1,262.18,0,0,34.99,22.53,8.39,0
839.68,6.99,17.13,579.89,18.14,24.74,723.59,30.22,25.56,2143.16,3,6890.82,3,10910.1,0,0,44.68,22.42,41.22,0
282.84,0.88,4.14,197.51,1.31,1.46,606.06,17.15,20.24,1086.4,2,940.07,0,6674.42,0,0,5.76,13.96,29.25,0
956.75,7.0,16.86,747.61,13.5,24.19,1101.01,34.64,28.51,2805.36,1,4301.37,1,12563.43,0,0,44.79,18.75,44.85,0
752.29,7.39,19.44,755.71,25.71,28.5,759.08,23.28,14.22,2267.07,1,3002.77,1,9612.27,0,0,37.82,36.38,26.6,0
882.56,6.39,16.84,1167.58,28.42,34.89,976.52,25.57,25.05,3026.66,0,5190.5,2,761.84,0,0,39.75,47.48,36.45,0
671.68,5.28,15.63,626.25,20.33,18.37,1135.52,41.0,34.27,2433.45,1,2487.59,1,5058.05,0,0,28.22,20.27,59.9,0
958.62,9.4,19.42,1086.37,27.55,35.27,1039.09,31.46,34.81,3084.08,0,5354.91,2,564.26,0,0,47.59,45.62,45.34,0
272.24,2.15,9.5,744.35,19.13,20.6,532.83,18.51,11.13,1549.43,1,2402.79,1,217.49,0,0,15.78,29.25,16.22,0
695.73,6.32,21.68,1381.65,44.83,38.06,168.21,6.06,4.71,2245.6,2,2154.98,1,14700.32,0,0,38.75,57.29,8.22,2
111.8,2.06,4.62,1002.7,29.68,24.96,605.94,19.48,14.81,1720.44,2,3869.75,2,4009.2,0,0,8.81,41.11,24.51,0
404.41,2.04,7.56,858.09,22.65,20.29,1119.98,39.11,23.4,2382.49,1,2329.2,0,2460.62,0,0,12.14,34.57,44.77,0
1086.81,9.77,28.1,1032.92,25.85,38.58,720.84,15.97,20.08,2840.56,1,5158.02,2,13100.99,1,0,62.43,40.35,28.38,1
415.18,4.83,10.51,1017.12,32.7,31.19,1687.08,37.53,39.14,3119.38,1,5291.54,2,4703.18,0,0,18.47,46.59,70.37,0
213.16,3.27,10.63,824.56,16.16,17.77,834.65,24.63,25.01,1872.37,0,1851.57,0,4482.87,0,0,14.47,25.31,34.63,0
1005.07,5.34,20.37,1706.42,49.3,46.75,1084.68,32.6,26.41,3796.18,1,6728.62,2,13286.03,0,1,43.91,69.77,42.62,0
1009.35,10.17,20.36,480.02,8.24,23.37,633.35,11.99,9.96,2122.73,2,2773.85,1,8690.75,0,0,56.8,15.47,22.0,2
521.38,4.97,17.28,944.74,30.58,29.57,579.7,14.91,12.68,2045.83,1,2232.42,0,3217.32,1,0,23.09,38.62,18.38,1
1351.77,13.38,31.87,1189.9,27.14,45.63,599.16,18.89,9.08,3140.83,0,6480.94,3,4419.85,2,1,77.62,42.38,19.52,3
512.07,3.82,16.83,1075.19,27.17,33.79,860.98,14.37,15.33,2448.24,3,3170.39,1,1540.6,0,0,20.13,47.33,30.57,0
1107.0,9.6,24.3,629.91,19.23,16.95,133.54,0.0,3.25,1870.44,2,1939.68,0,9910.09,0,0,52.23,11.38,4.17,2
707.0,6.27,21.11,1679.34,57.05,54.88,1432.29,45.57,39.0,3818.63,1,6443.3,2,2703.27,2,1,34.75,75.77,62.95,3
500.75,4.25,16.35,479.85,9.46,12.29,1802.42,49.95,44.35,2783.02,3,6540.33,3,6530.53,1,0,23.67,17.35,76.92,1
936.31,7.14,24.08,1205.32,28.7,34.71,994.69,20.66,17.44,3136.32,3,4583.16,1,9850.98,0,0,43.97,46.06,32.22,0
212.86,0.76,7.86,772.69,29.59,22.87,307.12,7.55,3.77,1292.68,1,2612.86,1,6741.53,0,0,10.09,38.35,8.83,0
712.09,3.75,20.96,1075.92,31.29,40.07,1566.17,36.87,38.01,3354.18,3,3076.62,0,6862.22,0,0,30.28,48.39,59.47,0
565.99,4.73,12.57,878.82,24.63,22.31,1040.92,18.01,24.51,2485.72,1,3153.06,1,13630.59,0,0,25.68,29.24,36.49,0
715.21,7.37,20.89,402.36,9.37,15.18,1256.47,30.39,29.99,2374.04,2,2901.9,0,12105.03,0,0,42.28,10.42,46.26,0
839.23,5.4,19.48,1093.98,36.25,34.36,2162.29,62.49,50.07,4095.5,1,7203.05,3,5651.71,3,0,33.97,50.13,87.77,0
817.66,5.74,28.57,856.41,23.45,28.62,632.02,23.29,25.9,2306.09,2,4728.36,2,9051.57,0,0,40.16,32.42,28.95,0
901.98,6.64,24.79,940.47,30.86,30.76,149.65,0.21,0.0,1992.1,1,5391.32,3,6413.54,0,0,47.17,35.73,7.61,0
592.56,4.15,13.13,394.87,2.98,14.27,609.37,15.68,12.82,1596.79,0,2798.04,0,9607.35,0,0,27.74,5.4,27.52,0
667.37,6.29,18.35,1707.43,50.3,49.35,559.61,14.38,11.79,2934.4,1,3349.39,0,13628.02,0,1,35.82,71.06,16.26,2
1265.49,12.44,24.25,560.38,6.43,24.08,835.6,19.8,27.18,2661.47,2,3912.42,1,8536.54,0,0,66.54,13.51,35.15,3
768.87,5.54,21.58,725.92,15.92,14.67,589.13,13.93,16.55,2083.91,1,3330.84,1,2199.58,0,0,34.76,19.29,25.42,0
626.29,4.6,5.17,989.71,21.4,27.1,378.29,16.25,7.73,1994.29,1,4463.84,2,12620.48,0,0,27.29,35.51,15.0,0
1041.5,9.01,22.21,1058.02,32.89,35.58,334.96,4.54,10.09,2434.48,1,4065.96,1,11004.76,0,0,50.66,40.01,8.96,2
535.02,4.42,21.37,1065.34,40.14,31.72,1091.31,29.47,27.23,2691.67,1,3709.33,1,2742.76,0,0,27.95,49.81,48.68,2
1217.4,11.02,30.73,737.76,3.42,22.97,772.41,23.88,16.72,2727.57,3,5566.71,2,9419.51,0,0,67.01,14.38,33.29,0
1146.31,9.86,26.6,1879.38,56.96,52.4,511.42,16.79,15.54,3537.11,0,4160.23,1,13678.86,2,1,57.52,75.5,20.54,3
554.25,4.55,9.45,518.5,12.56,10.8,428.32,9.7,12.55,1501.07,2,3331.97,1,13499.46,0,0,22.92,25.04,11.21,0
469.99,4.03,17.72,990.8,29.96,32.89,397.71,14.64,6.62,1858.5,3,3190.39,1,14775.57,0,0,24.92,45.28,21.53,0
976.63,7.75,20.05,538.48,15.64,27.65,665.57,15.09,22.29,2180.68,1,3813.11,2,10280.05,0,0,50.83,22.47,26.12,0
1071.0,8.69,20.94,1359.42,41.49,39.33,952.72,35.12,28.12,3383.14,3,4267.25,0,14626.56,0,0,53.31,61.84,40.84,0
1034.06,7.19,27.69,775.86,13.23,26.23,1189.06,37.17,31.61,2998.98,1,4945.46,2,1504.21,0,0,53.43,20.94,47.19,0
715.64,5.06,12.72,689.77,21.45,26.06,511.76,11.2,15.27,1917.16,0,4420.13,2,3301.97,0,0,30.17,26.01,19.69,0
572.16,6.0,12.21,1134.28,40.38,29.47,204.38,6.5,8.22,1910.83,0,4189.6,2,7921.36,0,0,33.16,51.56,9.37,0
465.36,5.82,11.86,1388.36,40.11,39.88,521.56,3.59,7.71,2375.28,2,4056.03,2,5658.29,0,0,27.87,57.96,9.85,0
687.35,5.36,15.67,1138.92,31.43,27.74,1007.67,25.02,19.83,2833.94,1,3727.19,1,1005.96,0,0,28.87,44.91,34.69,0
502.98,1.27,10.76,885.64,24.22,30.67,1103.87,32.04,21.95,2492.49,2,4336.84,2,1980.93,0,0,20.76,30.99,44.97,0
1223.44,11.21,32.54,963.36,18.29,32.23,381.93,8.74,2.73,2568.73,3,4355.41,1,4889.12,0,0,63.12,32.15,10.58,0
790.38,7.73,19.43,1305.61,36.86,32.89,1207.62,43.68,33.6,3303.62,2,4844.31,2,12304.57,0,0,40.95,52.44,54.19,0
852.96,5.8,15.58,1281.76,40.11,47.03,696.8,21.53,16.35,2831.53,2,5155.3,2,13523.23,0,1,40.85,58.58,26.63,0
1093.0,8.55,18.8,644.38,15.07,21.48,959.74,16.08,13.42,2697.11,1,3995.56,1,13354.89,0,0,55.44,19.91,27.46,2
235.08,2.32,10.25,236.63,0.51,5.99,506.65,4.95,5.57,978.36,1,1848.86,1,4246.64,0,0,7.28,7.39,13.3,0
819.55,6.67,20.39,175.38,9.02,10.48,294.43,10.97,8.28,1289.35,2,2761.82,1,11284.81,0,0,41.39,10.8,14.09,0
1171.99,8.86,27.23,1363.1,39.02,47.12,1530.99,47.39,35.6,4066.08,0,6699.85,3,4808.54,0,1,58.29,54.12,63.66,0
386.25,1.47,8.25,570.05,30.04,23.65,1200.92,43.87,27.1,2157.23,2,4158.68,2,9364.36,0,0,12.93,31.6,50.12,0
1153.83,11.01,24.94,760.72,10.64,27.8,1567.98,40.0,42.15,3482.53,2,2842.17,0,12592.67,0,0,55.64,22.59,64.81,2
858.29,7.22,22.99,562.23,23.51,18.55,1188.8,32.78,21.01,2609.32,1,4329.07,1,3559.84,0,0,41.21,20.36,41.85,0
717.92,5.45,17.43,1466.21,54.13,43.25,453.05,12.44,12.25,2637.18,2,2965.91,0,6539.91,1,0,35.46,66.34,20.64,1
740.61,6.7,13.71,1249.21,44.51,44.09,1579.4,55.06,43.17,3569.22,1,6106.13,3,7333.55,1,0,34.73,56.26,68.62,1
463.05,2.48,12.76,764.94,22.76,28.53,987.48,30.65,27.88,2215.48,2,2238.73,0,5702.11,1,0,15.97,35.4,45.9,1
163.17,1.82,5.81,1027.04,37.68,22.63,801.92,26.68,17.33,1992.13,2,2242.53,0,12877.71,0,0,5.31,48.2,31.38,2
988.78,8.74,25.99,1145.26,22.05,36.54,451.23,21.2,15.9,2585.26,2,5262.51,2,1319.24,0,0,51.7,41.37,15.93,0
374.45,2.0,10.03,488.27,8.8,18.37,616.69,12.09,12.18,1479.41,2,3454.43,1,14370.0,0,0,14.16,24.21,14.47,0
548.62,4.04,15.55,959.43,26.4,29.2,642.28,17.28,24.8,2150.33,3,4151.32,1,13749.46,0,0,22.75,41.0,28.97,0
1463.95,12.8,33.59,1096.72,16.54,35.51,673.54,13.29,11.52,3234.21,3,4369.76,1,5553.95,2,1,77.33,29.18,22.41,0
745.92,6.24,21.14,1280.96,33.2,32.37,256.06,9.82,12.36,2282.94,0,5981.26,2,12539.84,0,0,34.99,58.66,19.46,0
736.35,7.73,21.96,957.21,33.37,37.9,1008.49,20.43,23.83,2702.05,0,4528.64,2,1592.73,0,0,40.2,38.41,32.96,0
497.9,5.49,9.23,1080.46,27.12,39.77,529.24,11.03,19.7,2107.6,0,3383.28,1,13665.16,0,0,23.27,42.83,19.83,0
1228.11,9.43,19.29,1061.58,22.95,30.47,1295.27,47.57,36.59,3584.97,3,5855.13,2,11209.32,0,0,56.88,30.12,54.15,0
279.62,0.0,7.71,987.46,37.05,25.83,633.58,14.9,13.91,1900.65,0,1373.92,0,9753.12,1,0,8.39,36.86,25.72,1
896.84,8.42,23.7,1143.88,32.56,34.94,914.85,25.33,21.38,2955.57,2,2982.73,0,6680.03,0,0,48.26,47.16,35.34,2
242.76,1.6,6.79,893.29,21.11,27.72,665.16,21.93,17.28,1801.21,2,1254.99,0,106.85,0,0,11.32,37.5,28.85,0
1257.1,9.99,31.16,1330.29,44.86,46.13,551.12,15.81,12.69,3138.51,2,6184.13,2,11144.79,2,1,70.92,53.42,20.31,0
982.26,7.42,21.23,1237.67,31.95,35.59,544.49,17.46,7.56,2764.41,2,5307.45,3,11421.08,0,0,42.91,46.48,14.53,0
274.36,2.79,10.11,887.6,30.83,25.76,565.76,10.58,14.73,1727.72,1,3440.32,2,9180.68,0,0,15.22,39.19,23.4,0
454.35,4.48,14.31,989.85,11.99,22.34,299.99,2.51,0.0,1744.19,2,3031.43,1,4559.79,1,0,32.04,32.68,10.92,1
788.3,6.35,17.9,786.96,28.25,37.53,457.55,8.9,6.9,2032.81,2,4935.53,3,1570.61,1,0,45.6,38.66,17.98,1
478.57,4.62,20.1,1092.95,31.11,37.78,1897.87,60.21,49.64,3469.38,1,5848.56,3,699.69,0,0,21.91,44.79,77.82,0
478.32,4.46,7.5,551.12,10.1,11.74,1273.46,40.3,40.81,2302.9,2,3606.41,1,2019.13,0,0,25.32,16.52,54.48,0
1129.57,8.6,21.49,498.67,21.63,28.48,565.1,24.4,15.13,2193.33,2,1466.5,0,2328.27,0,0,57.73,25.37,23.62,2
683.4,5.65,24.0,207.42,4.48,15.76,614.61,8.47,12.28,1505.43,2,2768.54,1,4192.57,0,0,32.0,10.24,23.03,0
1039.82,8.64,21.53,1197.23,27.85,31.85,1237.94,35.57,23.76,3474.99,2,2900.18,0,11456.54,0,0,56.1,41.37,47.35,2
709.66,6.69,16.99,742.37,18.03,20.76,1488.01,50.48,38.64,2940.05,3,5806.96,2,4743.75,0,0,39.07,25.16,69.47,0
963.78,7.46,22.81,651.69,16.32,17.64,552.04,5.79,10.37,2167.51,1,3449.77,1,14983.26,0,0,45.05,18.37,17.6,2
1087.48,6.69,25.57,993.46,19.72,33.41,1318.03,39.75,33.78,3398.98,2,3250.82,0,2851.19,0,0,54.65,29.58,54.22,2
1004.3,10.21,28.46,472.73,8.04,23.72,318.97,7.99,2.25,1796.0,2,1683.31,0,12811.58,0,0,63.24,12.38,8.6,2
239.23,2.38,14.97,528.86,7.9,13.27,418.01,7.8,8.8,1186.1,3,2701.89,1,3490.35,1,0,15.68,12.24,14.82,1
789.32,6.99,18.71,942.59,14.64,21.05,498.24,15.0,13.18,2230.15,2,3455.66,1,4901.2,0,0,47.37,21.89,18.41,2
1320.69,10.13,29.9,800.41,8.55,27.14,1739.6,45.89,46.94,3860.7,0,4058.51,1,3760.59,0,0,69.64,19.75,71.78,2
995.2,7.82,22.32,1047.19,30.47,38.1,780.89,29.85,23.92,2823.27,3,4467.25,2,9247.19,0,0,49.94,39.2,38.45,0
726.26,5.58,15.2,350.07,9.45,18.4,1020.14,36.92,25.83,2096.47,1,2834.84,1,11289.55,0,0,36.67,8.78,45.95,0
1079.6,9.85,25.73,916.48,16.27,28.06,1289.58,40.2,31.54,3285.66,1,5112.95,2,649.68,0,0,58.33,32.52,62.2,0
1507.93,11.85,32.86,490.13,4.43,11.99,720.29,17.99,11.03,2718.34,1,4780.9,2,6714.96,2,1,74.79,8.91,20.41,0
885.8,7.01,21.92,1396.27,47.06,39.9,1008.93,19.39,24.94,3291.0,2,3981.54,1,10022.36,0,0,43.34,59.68,36.04,2
850.16,7.76,24.6,518.48,15.06,19.84,458.04,19.09,16.8,1826.68,0,4319.37,2,2246.91,1,0,46.84,20.91,26.6,1
789.45,6.54,19.99,713.86,15.23,23.84,1021.91,28.68,26.38,2525.23,2,3585.67,1,9247.66,0,0,43.18,23.58,40.71,0
200.31,0.81,5.5,1234.17,34.42,37.44,241.2,4.09,7.96,1675.68,3,1907.76,0,5346.26,0,0,10.07,55.54,7.87,0
933.14,9.6,17.98,565.63,12.46,15.89,1433.19,39.35,40.03,2931.96,2,3788.5,1,588.62,0,0,48.94,10.61,58.35,2
294.7,1.82,7.74,1007.02,26.76,29.18,643.42,23.13,16.55,1945.14,0,4220.12,2,14537.32,0,0,11.77,42.23,23.63,0
942.76,7.21,17.07,1414.92,47.54,50.22,643.16,7.74,17.16,3000.85,3,4303.6,1,12195.24,0,1,46.09,63.99,25.79,0
179.02,2.6,6.07,576.73,28.3,17.09,748.93,27.38,7.92,1504.69,0,4683.04,2,1014.35,1,0,9.16,29.44,30.23,1
237.86,3.88,6.63,441.49,11.96,11.12,600.97,7.79,13.45,1280.32,2,2599.46,1,7046.59,0,0,14.8,16.38,18.6,0
582.62,5.34,12.2,331.4,15.13,15.53,1531.11,54.58,48.39,2445.13,0,4458.65,2,12021.63,0,0,26.17,13.49,68.21,0
562.97,3.39,18.45,966.53,30.31,30.63,757.47,26.5,13.75,2286.97,1,4319.73,1,14469.7,1,0,23.15,40.63,32.09,1
1165.34,8.71,23.07,734.12,24.12,22.49,617.36,16.31,16.81,2516.81,2,2266.91,0,6857.65,0,0,52.7,28.68,21.03,2
668.21,5.41,20.52,365.32,1.62,11.49,774.98,23.93,20.88,1808.51,3,3273.73,1,13583.12,0,0,30.88,3.75,27.25,0
266.73,3.97,11.02,864.68,20.81,24.07,660.98,15.33,16.01,1792.39,0,5830.04,3,9960.85,0,0,13.62,34.76,24.62,0
509.03,3.72,10.52,940.94,22.94,21.31,808.29,26.57,14.84,2258.26,2,1952.32,0,1853.6,0,0,21.12,35.42,34.84,0
721.93,6.18,17.35,581.76,13.25,18.98,499.63,17.83,10.04,1803.32,2,3321.15,2,12435.52,0,0,36.33,20.96,26.22,0
587.94,4.66,12.02,1163.47,35.06,35.07,335.65,14.29,11.85,2087.06,2,3261.32,1,11514.9,0,0,34.2,48.55,18.58,2
771.84,5.18,17.53,321.5,4.38,5.45,736.8,24.66,24.37,1830.14,1,1862.38,0,5007.54,0,0,38.65,2.19,30.33,0
993.01,9.0,18.38,1090.66,23.05,35.48,976.0,30.07,17.04,3059.68,1,4967.68,2,13750.11,0,0,49.47,41.78,39.52,0
1217.7,9.37,26.69,1318.05,35.88,42.69,1187.73,34.49,29.76,3723.48,1,4293.49,1,3361.38,0,0,56.83,50.34,51.5,2
870.43,7.33,18.95,1261.49,40.77,47.52,606.77,20.19,19.91,2738.68,1,4889.24,2,10572.58,0,1,43.6,56.44,28.27,0
570.31,5.8,14.89,1118.99,30.68,25.75,1240.26,39.94,33.11,2929.55,3,4648.34,2,11186.66,0,0,30.86,43.53,57.77,0
374.6,4.64,12.41,607.13,14.07,21.1,879.2,22.02,20.14,1860.93,0,2015.42,0,4523.31,0,0,24.75,26.07,35.13,0
1229.42,11.67,31.96,1155.99,25.08,32.09,1085.65,31.54,29.28,3471.06,3,3483.75,0,5131.99,0,0,69.32,33.47,39.09,0
644.88,6.22,14.82,515.63,12.66,15.34,661.01,25.78,20.16,1821.51,0,1949.83,0,13863.71,1,0,35.69,15.95,29.34,1
957.41,6.73,16.6,737.36,18.46,29.43,1034.91,39.61,27.75,2729.68,0,5208.77,3,8713.29,0,0,41.34,21.64,43.06,0
499.36,4.03,14.48,575.59,15.83,23.29,559.79,14.3,9.83,1634.73,2,1193.7,0,2452.14,0,0,24.15,23.87,24.58,0
499.08,4.52,16.55,911.45,28.92,33.12,1096.19,34.43,23.24,2506.72,3,3675.27,1,3123.29,0,0,23.68,39.59,43.0,0
442.6,1.69,11.33,198.19,6.06,7.4,1793.8,56.14,47.4,2434.6,2,2743.67,0,1745.93,0,0,15.25,5.44,78.02,0
730.94,4.52,23.28,693.75,24.67,28.17,933.76,22.63,20.23,2358.45,1,3439.84,1,1550.58,0,0,33.49,34.97,33.86,0
460.92,3.64,10.01,353.72,11.47,14.27,1061.8,34.06,27.47,1876.44,2,2689.02,0,7435.79,0,0,22.33,24.02,43.64,0
628.42,4.18,7.38,1331.42,33.43,48.35,356.4,8.34,12.72,2316.23,2,4994.95,2,10265.86,0,1,25.37,60.71,11.56,0
999.32,9.24,25.4,852.3,25.06,31.25,1668.31,52.59,45.41,3519.92,1,5831.65,2,14024.83,0,0,54.11,40.44,75.62,0
290.35,1.49,8.19,303.49,0.0,8.99,248.9,7.51,8.65,842.74,0,1283.9,0,1393.16,0,0,10.43,8.68,11.02,0
331.76,2.51,13.26,886.43,28.09,25.58,383.01,5.05,0.0,1601.2,3,3015.72,1,5442.57,1,0,19.57,38.68,11.23,1
813.17,6.81,21.42,896.96,30.57,36.24,865.24,29.01,18.47,2575.37,1,3675.01,1,6985.42,0,0,39.58,49.5,34.19,2
864.95,7.33,14.1,848.89,22.4,23.54,1917.62,52.39,46.65,3631.46,2,5850.76,2,9914.64,0,0,39.09,35.74,73.92,0
1260.66,10.17,25.74,752.64,24.58,28.48,616.36,23.39,14.91,2629.66,1,4581.28,1,9318.17,0,0,61.72,25.0,28.91,2
271.48,0.0,9.08,1017.33,25.94,17.59,329.17,10.89,0.0,1617.97,1,4466.41,2,5617.92,0,0,6.63,39.32,6.37,0
1352.69,9.48,26.02,1132.85,37.47,29.77,647.79,13.76,23.52,3133.33,2,4762.21,2,5283.18,0,0,57.87,46.75,24.76,0
311.49,0.7,9.39,1557.97,56.51,48.83,933.84,39.96,28.53,2803.3,2,5048.45,2,10801.08,1,1,14.05,80.5,42.78,1
495.36,4.3,16.7,1142.63,35.14,42.2,347.45,17.1,12.13,1985.43,3,2688.16,1,101.75,0,0,27.09,58.42,23.86,0
292.83,0.0,11.42,940.06,31.08,24.1,513.46,17.27,17.79,1746.35,1,2774.49,1,8365.68,0,0,9.8,44.64,22.14,0
53.38,0.05,1.0,653.76,14.35,12.85,953.48,32.26,23.29,1660.63,1,1055.04,0,9048.16,0,0,2.43,33.75,41.56,0
1034.06,9.7,30.04,440.39,8.47,25.44,200.14,1.55,0.0,1674.59,0,4264.13,1,8793.19,0,0,58.04,10.85,7.33,2
375.73,2.58,7.47,910.3,23.23,34.78,470.61,6.03,5.74,1756.64,1,4113.33,2,2841.82,0,0,17.55,38.53,13.2,0
1076.73,8.37,23.09,749.31,16.93,26.57,906.59,26.42,20.41,2732.63,2,2921.2,0,2325.12,0,0,46.57,24.3,39.2,2
547.18,3.84,12.02,1279.68,35.33,35.56,248.74,4.68,1.06,2075.6,2,3186.3,1,9129.25,0,0,22.89,54.22,5.97,2
1241.18,9.15,30.75,548.32,16.98,25.12,363.95,9.93,6.9,2153.45,1,4649.3,2,10105.87,0,0,62.82,17.49,18.79,0
395.1,4.71,15.89,962.08,26.57,30.22,1244.45,29.99,30.34,2601.63,3,5119.65,2,10108.78,0,0,24.94,37.72,50.71,0
545.6,5.13,16.79,1215.34,41.17,44.33,611.05,25.33,20.52,2371.99,2,5487.51,2,9189.35,0,0,28.64,60.61,29.59,0
546.64,4.15,12.51,877.95,23.77,28.96,511.39,6.88,8.86,1935.98,1,3194.57,1,3380.87,0,0,19.56,36.78,16.08,0
318.74,2.88,8.45,1164.98,36.91,36.09,1187.35,35.5,26.35,2671.06,2,4693.85,2,4984.05,0,0,14.46,51.51,45.48,0
1158.34,8.4,19.58,1170.37,31.3,36.75,159.88,2.23,7.67,2488.6,2,4469.22,2,1542.28,0,0,50.15,46.87,9.99,0
701.9,4.42,12.25,1586.32,44.03,52.41,547.53,5.72,6.24,2835.75,2,3427.28,1,13233.75,2,1,32.56,76.11,12.05,3
130.0,1.2,4.33,546.49,17.39,20.56,210.66,4.58,6.87,887.15,2,2144.79,1,14357.93,0,0,3.45,27.95,7.55,0
1210.96,10.16,30.22,539.01,7.42,20.87,694.1,27.21,14.76,2444.08,2,5132.28,1,2716.26,0,0,64.23,10.58,25.81,2
664.17,5.88,13.45,364.85,5.33,17.27,1266.16,35.75,33.81,2295.17,3,2706.11,0,2427.84,0,0,32.74,11.92,49.99,0
245.67,4.29,14.11,370.37,7.79,5.51,493.19,16.04,12.41,1109.23,2,2447.58,1,10047.13,1,0,15.66,9.72,21.39,1
324.84,2.45,5.17,509.86,16.98,17.26,503.32,14.83,9.73,1338.02,2,2238.34,0,10882.67,0,0,9.28,23.65,21.97,0
402.25,2.78,10.09,1183.13,18.52,23.35,478.77,10.17,15.3,2064.16,2,3095.18,1,9538.96,0,0,15.94,39.0,19.6,0
748.29,6.18,19.75,914.43,23.67,30.67,710.93,21.03,21.78,2373.65,2,4233.02,1,12533.81,0,0,38.27,37.88,26.14,0
1011.53,8.03,26.37,1076.05,30.84,29.64,804.01,20.98,14.71,2891.59,2,5383.52,2,2020.12,0,0,52.25,36.5,29.8,0
631.66,2.47,13.37,980.74,22.86,21.99,675.3,19.81,15.13,2287.71,2,4166.65,1,13238.82,0,0,27.05,29.6,20.26,0
1801.9,13.9,36.77,2008.07,57.37,68.02,1395.86,32.99,27.84,5205.83,1,6097.35,1,12350.55,2,1,86.64,78.35,53.71,3
641.78,3.49,14.18,848.61,29.82,29.37,1032.79,31.45,14.79,2523.18,1,4433.74,2,6465.42,0,0,24.4,37.04,37.26,0
647.62,5.17,15.0,1153.39,34.06,32.19,385.67,7.56,8.91,2186.68,1,3551.53,1,5297.7,0,0,30.71,50.05,9.47,2
247.66,1.66,6.42,296.51,15.89,16.25,1396.67,35.89,35.36,1940.84,2,2387.9,0,8949.41,1,0,12.97,25.92,55.77,1
490.29,4.91,16.68,733.18,31.68,33.49,1123.49,35.39,30.12,2346.95,3,5279.36,2,7489.15,0,0,29.61,40.42,48.81,0
1037.25,9.42,23.51,630.17,18.6,30.1,615.56,15.22,16.17,2282.98,3,4605.13,2,13236.65,0,0,52.64,20.2,26.41,0
1273.19,11.29,28.46,356.44,9.67,21.4,289.89,16.05,13.26,1919.51,1,4518.78,2,1226.65,0,0,69.77,6.77,16.1,0
940.82,6.67,21.84,690.52,18.13,24.54,1146.79,28.72,22.14,2778.12,1,5645.02,2,8247.19,0,0,47.13,29.55,41.68,0
225.44,0.42,9.09,549.2,18.57,14.36,1065.06,27.67,32.48,1839.71,2,3532.14,1,11171.05,0,0,6.79,22.77,44.1,0
358.87,2.52,4.27,610.29,19.22,20.7,1324.16,35.99,35.53,2293.32,2,3770.21,1,5328.35,0,0,12.31,28.11,54.58,0
111.43,1.71,5.79,502.28,20.63,17.98,421.04,16.33,11.85,1034.75,2,2459.99,1,9032.52,0,0,6.95,25.43,27.83,0
305.42,1.94,7.84,488.94,9.05,12.15,365.52,17.01,5.41,1159.88,1,1218.45,0,3142.78,0,0,16.47,13.46,15.52,0
420.98,3.23,9.42,335.92,11.58,10.55,420.38,2.9,2.49,1177.29,2,2726.2,1,11682.8,0,0,20.34,16.69,10.59,0
384.75,3.25,8.15,476.91,13.34,10.08,613.7,15.34,15.72,1475.36,1,1490.89,0,4119.35,0,0,15.77,14.49,22.3,0
877.29,8.32,23.48,760.55,17.46,25.78,673.34,21.69,19.14,2311.18,0,4189.73,2,14698.08,0,0,43.4,26.82,29.52,0
523.41,2.25,10.61,270.77,0.0,1.72,498.47,11.61,9.02,1292.65,1,3339.77,1,1340.01,0,0,13.18,1.23,19.1,0
643.25,6.45,16.17,543.83,18.15,24.13,1101.35,20.49,22.26,2288.42,3,3065.08,1,3583.19,0,0,41.33,19.86,36.98,0
1038.64,7.44,22.47,843.38,28.35,25.46,555.12,23.92,17.25,2437.14,1,6549.38,3,1054.41,0,0,48.32,38.15,22.21,0
633.02,4.28,15.39,950.9,26.38,36.28,838.26,22.12,23.36,2422.18,2,4480.17,2,14753.95,1,0,26.02,43.32,33.46,1
1039.63,10.29,24.01,755.91,22.77,35.41,878.96,19.88,21.86,2674.5,1,5235.02,2,1330.01,0,0,57.38,25.89,35.89,0
853.51,7.33,16.91,899.94,26.69,28.4,617.89,13.02,16.66,2371.35,3,3940.45,2,5590.4,1,0,45.07,29.8,23.05,1
581.53,3.61,8.75,1001.4,28.87,24.74,660.23,14.79,18.91,2243.16,2,4977.97,2,4660.22,0,0,20.03,39.54,20.45,0
630.56,4.2,11.91,1182.01,34.9,44.07,1054.65,22.1,21.99,2867.23,1,4080.38,1,4384.53,0,0,33.35,51.68,32.57,2
448.93,4.99,19.54,266.56,11.17,7.42,822.97,13.01,10.13,1538.46,2,2050.21,0,14504.44,0,0,23.19,6.74,26.6,0
954.22,8.76,16.63,745.24,22.33,20.33,965.48,28.33,23.36,2664.95,3,4537.71,2,13139.96,0,0,48.03,23.07,38.73,0
912.06,6.79,16.62,1040.86,22.13,32.05,736.36,12.09,16.32,2689.28,2,7439.18,3,4952.12,0,0,43.95,36.67,23.96,0
849.25,6.04,18.34,744.19,17.37,28.14,742.64,28.62,26.42,2336.08,1,2601.05,1,10157.12,0,0,38.3,26.33,36.46,0
344.55,2.55,3.04,383.8,8.7,17.43,1019.78,31.2,23.51,1748.13,1,1958.16,0,2237.89,0,0,10.07,12.74,42.34,0
508.36,5.61,8.64,737.88,26.97,19.17,551.05,15.69,18.6,1797.3,2,1538.32,0,8311.15,0,0,20.32,29.16,24.14,0
252.65,1.54,11.67,1041.3,34.72,30.84,122.58,15.88,1.21,1416.54,2,3338.33,1,12983.15,0,0,18.07,44.51,4.07,0
169.19,0.41,7.41,1712.88,54.73,49.47,803.24,17.38,13.98,2685.31,2,4681.43,2,13989.03,2,1,5.14,80.02,28.05,0
351.73,1.63,10.48,1094.52,38.05,33.2,1277.66,32.96,23.75,2723.91,2,3700.24,1,6011.3,0,0,12.14,54.39,47.77,2
370.72,2.93,11.73,705.73,26.1,26.38,529.58,24.48,12.02,1606.04,0,4131.91,2,3795.77,0,0,13.11,37.91,26.03,0
496.24,4.49,14.08,677.89,18.54,25.99,1219.32,39.68,31.9,2393.45,0,3525.68,1,3479.45,0,0,26.28,30.84,52.13,0
833.01,7.01,19.17,1224.75,39.25,42.41,704.86,18.05,18.49,2762.62,3,4909.75,2,9600.93,0,0,46.38,53.1,30.91,0
378.76,2.3,13.88,834.03,24.0,19.56,523.06,13.2,8.02,1735.84,2,3690.84,1,5900.15,0,0,21.45,31.7,16.65,0
620.72,5.28,18.96,1036.02,34.19,33.16,1204.53,35.94,27.46,2861.26,2,4621.95,2,3560.21,0,0,27.97,45.46,45.61,0
630.64,4.02,15.99,520.08,13.19,11.26,655.77,0.24,12.47,1806.48,2,2439.62,0,9280.25,0,0,26.11,17.57,15.42,0
627.91,3.84,12.84,474.74,6.45,8.87,1281.64,32.53,37.75,2384.29,3,3225.69,1,9494.94,0,0,29.81,15.41,48.72,0
561.4,4.49,17.87,807.1,18.21,24.0,476.49,15.95,6.83,1844.98,0,3460.06,2,1159.06,0,0,31.5,29.65,12.36,0
1106.38,8.66,26.36,386.96,6.94,18.79,118.97,1.37,10.31,1612.31,2,3242.57,1,14653.4,0,0,56.22,9.56,5.87,2
469.91,3.9,10.35,523.75,19.3,18.75,845.76,32.13,22.69,1839.42,0,2753.89,1,6846.8,0,0,25.89,22.43,37.42,0
1029.09,8.12,23.9,758.93,25.12,30.55,1072.91,28.08,23.98,2860.92,2,3411.59,1,12081.99,0,0,56.0,34.28,44.42,2
619.07,4.23,17.76,892.88,19.4,28.4,1481.68,36.98,36.85,2993.63,3,5694.93,2,5117.57,0,0,31.59,34.74,51.59,0
535.92,6.52,18.59,481.76,13.77,31.37,293.87,6.57,2.7,1311.55,1,707.6,0,10464.49,0,0,28.88,31.22,8.92,0
1351.03,12.37,29.53,365.85,1.69,17.62,536.69,6.74,7.76,2253.56,0,4367.27,2,5215.38,2,1,75.64,2.63,13.8,3
1164.63,8.21,19.31,905.98,22.18,37.05,313.65,1.44,5.65,2384.26,1,2751.29,0,3040.22,0,0,53.37,29.35,12.07,2
30.0,1.14,8.36,1385.08,49.17,39.8,785.76,25.52,30.72,2200.84,2,4113.76,2,7658.23,0,0,5.25,65.71,31.73,0
723.12,6.27,17.68,1090.8,37.43,33.3,610.88,14.28,11.75,2424.79,2,2979.96,1,1355.03,1,0,38.36,43.46,23.77,1
297.29,1.36,10.28,286.54,12.21,10.24,779.11,31.62,16.54,1362.94,0,2816.4,1,8082.55,0,0,13.03,11.03,33.56,0
781.71,3.83,17.31,1638.47,53.86,41.05,801.44,19.28,23.31,3221.62,1,5182.79,2,2618.77,0,0,33.53,73.42,29.21,0
387.94,2.1,10.97,607.19,15.56,18.91,1175.03,38.09,31.49,2170.16,2,5913.97,3,650.37,0,0,15.8,25.3,55.2,0
706.42,5.62,16.38,1131.89,36.72,29.72,1067.14,38.79,26.05,2905.45,2,4994.99,2,11473.37,0,0,36.05,44.21,52.72,0
1250.32,10.84,31.63,896.76,18.43,36.06,505.89,11.04,16.0,2652.97,2,4496.63,2,9122.2,0,0,68.31,32.51,20.1,0
924.37,5.22,17.09,682.92,25.6,24.24,507.36,11.4,5.85,2114.65,0,3645.67,1,10286.96,0,0,41.81,30.32,16.47,0
453.09,5.87,14.31,445.14,16.97,10.36,357.04,4.34,8.0,1255.27,2,3132.21,1,14773.15,0,0,24.31,13.48,15.59,0
510.04,5.59,14.2,352.38,13.52,11.95,755.36,17.33,14.77,1617.78,2,2643.85,1,8608.36,0,0,22.95,11.31,19.67,0
1118.22,9.7,24.86,504.87,9.97,18.84,561.68,8.8,14.07,2184.76,1,3139.47,0,4551.4,1,0,58.43,16.46,21.45,1
863.38,6.64,21.87,601.56,5.42,15.64,1146.05,36.84,25.6,2610.99,2,6973.92,3,1312.71,1,0,41.39,17.14,47.65,1
1260.73,8.93,24.12,918.19,13.55,25.69,584.25,17.6,15.57,2763.17,3,5152.31,1,7123.26,1,0,58.61,23.63,27.02,1
926.02,7.48,27.24,784.28,18.93,30.49,909.04,21.41,17.18,2619.33,2,2476.25,0,319.85,0,0,43.87,26.78,34.37,0
623.28,4.83,16.47,1435.5,40.66,41.17,381.2,4.2,9.86,2439.98,2,6000.56,3,2909.65,0,0,30.76,59.68,8.57,0
963.53,7.66,23.29,1421.33,43.36,53.55,614.54,17.88,15.08,2999.4,2,5102.59,2,8680.53,0,1,41.64,60.56,22.94,3
1486.55,12.11,32.56,1171.9,18.84,41.42,721.98,20.8,8.17,3380.43,2,4629.19,1,13101.03,2,1,71.12,37.28,27.3,3
738.36,4.36,20.3,1550.25,49.39,44.52,357.15,6.04,0.0,2645.77,2,2033.01,0,13439.24,0,0,31.51,66.02,11.04,2
492.31,2.91,12.84,1413.57,44.21,45.81,238.85,4.29,8.84,2144.73,3,4488.37,2,9998.57,0,1,21.65,66.71,10.87,0
391.37,4.09,15.64,674.03,16.87,19.98,774.4,12.41,15.11,1839.8,2,2377.98,0,9118.13,0,0,20.73,24.11,24.56,0
696.67,7.72,25.04,570.22,9.38,18.19,1249.33,28.51,35.84,2516.22,0,3309.36,1,7811.31,0,0,44.77,16.14,54.11,0
536.29,3.01,14.41,998.97,34.33,32.94,1224.95,35.58,20.97,2760.21,2,2578.64,0,5934.67,0,0,24.41,44.76,43.74,0
638.56,4.05,12.56,769.86,14.98,16.34,724.61,25.24,20.38,2133.02,1,4865.88,2,8834.63,0,0,27.59,24.64,34.33,0
963.43,8.68,29.75,1224.76,32.21,49.54,496.74,15.06,10.75,2684.93,0,2553.65,0,6634.24,0,1,55.02,55.81,14.37,2
351.36,2.09,9.69,844.31,26.65,23.85,530.28,17.4,6.74,1725.96,1,3993.16,2,12443.13,0,0,13.23,34.87,19.17,0
626.25,5.11,16.55,988.38,23.89,36.3,1654.63,53.6,38.4,3269.27,3,5853.21,2,3315.21,0,0,32.33,43.23,70.7,0
1139.89,9.78,25.63,1282.36,41.41,45.4,1444.69,43.07,36.89,3866.94,2,7185.59,3,5365.69,1,1,56.61,60.16,64.26,1
707.36,6.13,15.81,871.72,28.06,35.66,465.24,10.42,16.88,2044.32,2,3437.96,1,5636.68,0,0,37.59,33.86,14.01,0
631.45,5.48,17.87,567.27,17.6,18.95,609.92,10.89,10.78,1808.64,3,2804.05,1,9784.08,0,0,33.86,21.85,21.2,0
878.87,6.54,21.67,862.64,25.21,27.27,782.4,18.63,16.74,2523.92,1,3421.61,1,12994.09,0,0,44.65,35.85,23.35,0
641.61,5.96,17.72,318.1,8.84,6.32,456.57,10.22,12.01,1416.28,2,1990.47,0,7784.33,0,0,36.43,12.24,13.62,0
664.45,4.49,14.67,1058.53,20.4,27.38,642.44,20.83,14.7,2365.42,3,3122.44,0,13783.05,0,0,28.2,35.15,26.97,0
190.02,0.58,6.44,643.47,29.69,28.28,529.35,14.93,13.95,1362.84,0,3736.07,2,132.57,0,0,6.02,40.07,21.93,0
812.77,6.41,19.89,482.63,19.17,27.38,1558.35,50.27,31.23,2853.76,3,5544.27,2,14462.95,0,0,45.8,24.57,65.27,0
220.83,2.71,10.88,1029.25,31.48,28.52,1462.65,36.91,41.09,2712.74,1,2952.52,0,14909.01,0,0,10.56,43.76,55.64,0
969.82,8.91,22.25,687.11,15.1,18.16,282.67,1.1,4.51,1939.59,2,3645.5,1,1684.71,0,0,46.81,21.52,7.0,2
160.53,1.13,9.83,936.15,34.0,37.25,594.01,18.84,10.28,1690.69,2,3009.46,1,9371.91,0,0,5.81,49.38,18.26,2
438.84,3.83,9.31,1120.88,40.27,34.14,1180.71,35.95,23.41,2740.43,1,4369.9,1,1494.15,0,0,16.78,53.02,48.23,2
678.33,6.21,21.57,1649.42,46.68,41.64,553.62,19.35,15.19,2881.37,2,5478.85,2,4003.89,0,0,37.66,70.19,29.61,0
563.22,3.38,17.51,791.16,17.89,24.95,760.03,13.36,26.85,2114.4,1,3176.1,1,1182.88,1,0,28.09,33.22,28.39,1
516.15,4.17,12.86,750.82,22.08,12.79,695.49,18.17,16.28,1962.45,2,3075.81,1,12663.47,0,0,24.55,26.38,28.4,0
1611.79,11.76,29.32,1630.19,41.59,45.25,545.6,1.86,6.57,3787.58,1,8325.22,3,11937.77,1,1,75.2,66.96,15.12,1
907.05,8.25,24.0,806.54,19.48,27.11,994.9,19.81,17.97,2708.48,2,5471.71,2,4807.08,1,0,49.18,32.06,33.62,1
244.74,2.28,2.47,543.32,22.7,14.89,974.43,20.55,7.55,1762.49,1,3238.26,1,8793.53,0,0,6.37,30.0,32.0,0
1162.76,8.88,24.08,682.02,16.88,22.47,229.45,7.58,4.02,2074.23,2,2019.17,0,2016.18,0,0,58.06,22.22,7.12,2
925.27,6.58,19.54,1511.83,47.94,49.01,369.19,10.31,10.42,2806.29,2,4973.02,2,4182.24,0,1,39.19,69.42,14.84,0
587.03,4.23,12.29,1251.57,41.18,29.96,457.4,9.24,7.25,2296.0,1,3655.21,1,10411.02,0,0,22.13,50.78,18.15,2
873.18,8.46,17.93,1344.78,40.33,42.66,648.44,22.91,16.6,2866.41,2,5910.66,3,786.51,1,0,46.12,52.04,25.91,1
573.55,5.92,16.5,1649.61,52.35,47.53,1249.31,32.03,32.24,3472.47,1,3722.66,1,4913.85,2,1,32.08,75.39,51.94,2
876.79,7.2,19.7,839.08,19.49,26.68,931.66,21.71,11.61,2647.53,1,4150.0,1,3911.04,0,0,50.56,31.05,42.45,2
392.77,1.72,11.5,1416.58,47.78,44.73,951.12,30.84,24.35,2760.46,2,5874.26,2,9366.6,0,0,16.33,66.74,39.05,0
534.55,3.93,11.09,1233.37,41.15,45.31,1565.51,51.6,47.86,3333.43,1,6346.9,2,8982.08,0,1,20.75,57.71,76.31,0
404.25,1.76,9.11,559.78,24.28,17.08,435.19,7.07,0.0,1399.22,2,1945.95,0,10778.42,0,0,12.93,27.9,5.91,0
392.67,2.18,9.02,938.84,27.44,25.66,987.59,26.21,28.09,2319.1,2,4554.46,2,14906.73,0,0,18.53,40.32,41.85,0
490.38,4.57,15.23,1549.45,54.53,50.84,456.42,9.98,6.47,2496.26,0,6809.9,3,13904.06,0,1,22.6,72.03,18.59,3
882.48,5.82,17.95,796.15,10.86,21.34,741.75,14.15,16.9,2420.38,0,3225.09,0,5917.48,0,0,38.24,23.12,27.15,0
340.71,4.16,9.04,1140.78,38.24,35.17,1370.65,38.84,33.23,2852.14,2,6528.42,3,3840.8,0,0,17.88,52.62,54.4,0
447.09,4.67,15.63,672.58,6.54,15.36,159.58,11.41,11.42,1279.25,1,3350.57,1,11918.27,0,0,31.4,13.39,12.39,0
1152.15,8.11,29.26,1798.04,48.46,49.65,1656.83,55.91,46.85,4607.02,1,6793.55,3,10025.26,0,1,54.44,69.2,74.34,0
747.22,6.7,20.78,611.3,16.15,23.76,877.72,26.44,16.52,2236.25,1,4889.96,2,3819.62,0,0,42.23,24.33,29.34,0
497.32,4.52,16.79,721.77,16.07,30.93,210.78,3.14,11.59,1429.87,0,4244.23,2,3053.04,0,0,24.48,29.29,1.52,0
150.95,0.54,1.0,504.58,17.51,17.35,378.62,8.86,16.84,1034.16,0,3462.24,2,3325.44,0,0,1.91,29.21,18.44,0
627.75,6.71,15.78,447.22,9.41,24.43,1306.76,40.07,26.08,2381.73,2,3436.42,1,12427.41,0,0,32.48,16.09,49.91,0
584.18,3.85,10.12,967.63,34.65,22.25,2006.22,59.17,49.13,3558.03,1,6270.17,2,11489.81,3,0,23.21,39.53,83.66,0
541.07,2.06,8.25,930.19,25.81,25.68,169.67,8.64,3.82,1640.93,3,4397.61,2,3439.13,0,0,13.74,39.92,7.3,0
623.49,6.61,14.52,300.74,0.0,13.03,1306.93,37.1,27.2,2231.16,1,3808.4,1,8922.46,0,0,33.78,10.51,55.34,0
1031.42,8.84,27.16,920.16,21.57,25.89,722.82,26.11,18.21,2674.39,1,6776.68,3,7669.79,0,0,52.26,35.05,36.5,0
430.3,2.78,13.95,689.88,10.85,18.03,821.45,21.24,20.37,1941.63,1,3509.34,1,5313.63,0,0,19.44,25.58,29.56,0
959.23,7.78,19.34,930.08,21.39,28.51,1674.01,41.11,39.29,3563.33,2,4742.66,1,5922.54,0,0,47.46,36.52,65.0,2
524.57,4.56,13.19,1626.19,37.12,42.71,656.11,11.93,11.5,2806.87,1,5414.66,2,10738.48,0,0,27.38,66.96,27.28,0
718.39,5.97,19.51,1046.5,27.98,33.98,582.64,14.02,12.74,2347.52,0,1669.32,0,6029.66,0,0,38.36,43.52,22.42,0
995.86,8.73,26.45,449.44,14.69,28.52,232.88,9.05,0.0,1678.19,0,2331.05,0,12646.66,0,0,53.67,18.86,4.57,2
76.46,0.0,8.77,359.38,13.88,16.15,1149.35,33.32,27.31,1585.2,1,1994.14,0,12134.6,0,0,1.85,22.19,49.18,0
857.48,6.94,22.72,1389.85,41.33,49.02,220.52,10.71,20.62,2467.85,0,5219.06,2,2775.34,1,1,45.17,61.09,15.33,1
1223.19,12.29,36.57,783.13,31.5,34.33,938.79,23.33,21.19,2945.1,0,4043.04,1,10879.34,2,1,74.64,30.41,33.68,3
1241.15,9.84,28.72,330.91,5.66,16.09,1225.24,36.25,30.82,2797.3,3,4055.25,1,12783.65,0,0,64.11,11.52,46.12,0
310.75,1.55,8.62,228.39,6.43,6.89,1261.57,30.35,34.06,1800.71,2,4880.23,2,12058.08,0,0,14.16,7.93,50.14,0
689.14,5.89,15.52,1190.54,32.96,35.4,2035.15,60.7,50.08,3914.83,1,6437.05,3,875.0,3,0,37.03,46.49,82.07,0
1549.85,12.62,30.2,1449.0,42.37,50.73,238.32,4.4,5.11,3237.17,3,3109.91,1,756.57,2,1,81.24,59.08,7.34,0
544.63,3.08,10.41,358.19,3.78,9.33,773.47,20.25,20.01,1676.28,3,2376.93,0,7606.59,0,0,25.84,8.88,29.05,0
1051.32,7.88,26.53,1234.5,32.94,38.9,738.44,24.6,19.94,3024.26,2,4089.62,1,13189.0,0,0,55.73,42.68,32.66,2
719.84,6.01,22.2,968.7,31.14,33.59,578.56,18.06,16.71,2267.1,2,2519.34,1,4220.41,0,0,35.51,37.69,26.19,0
520.72,4.4,14.79,755.35,24.68,31.84,318.98,12.58,9.4,1595.06,2,2677.25,1,2201.21,0,0,27.07,34.87,16.33,0
1024.85,9.48,30.67,1338.26,43.08,44.17,478.11,8.77,7.7,2841.22,2,2977.87,0,233.84,0,0,57.69,54.88,16.07,2
1227.83,8.57,24.35,346.4,7.59,21.04,647.34,22.19,8.27,2221.57,1,4666.14,2,14224.65,0,0,55.05,7.75,24.93,0
310.63,1.19,12.08,573.77,14.97,14.81,1191.2,31.99,23.31,2075.6,2,2167.72,0,4483.46,0,0,15.02,20.42,45.06,0
1199.16,9.06,21.6,519.97,4.55,20.14,519.77,23.21,15.13,2238.9,0,4910.71,2,8916.01,0,0,61.0,12.42,27.45,0
299.66,0.0,7.67,835.55,27.22,25.53,360.32,9.94,5.8,1495.53,0,1310.01,0,11650.72,0,0,0.66,39.59,11.09,0
506.56,4.43,12.03,678.69,22.32,24.69,921.76,24.65,22.79,2107.01,1,2697.81,1,6780.11,0,0,25.54,26.2,29.96,0
714.73,3.92,19.12,1014.45,29.14,40.86,839.25,27.15,21.15,2568.43,1,2964.88,0,11013.44,0,0,33.22,43.84,33.52,0
724.64,2.23,17.76,30.0,0.59,0.25,828.62,21.67,19.04,1583.26,2,2455.89,0,7259.08,0,0,25.47,0.39,29.48,0
533.54,6.36,17.3,220.56,4.34,12.85,1813.7,51.09,34.75,2567.81,0,6196.18,3,9460.07,0,0,32.53,12.34,67.7,0
565.73,3.85,13.67,1414.15,43.26,42.2,660.55,15.53,11.02,2640.42,0,5065.43,3,11866.79,0,0,21.06,59.68,19.73,0
645.2,4.17,16.0,998.46,27.56,23.72,453.69,24.17,9.84,2097.34,1,2076.85,0,12483.97,0,0,30.41,36.72,23.01,0
934.61,7.77,24.32,593.6,21.83,14.5,1195.55,36.78,38.03,2723.75,2,5694.53,3,7921.81,0,0,49.72,17.79,51.67,0
710.28,5.23,22.8,691.55,15.73,18.91,1319.05,39.54,28.78,2720.87,3,4870.75,2,2614.65,0,0,34.8,21.14,54.23,0
1318.91,11.5,29.69,1850.82,50.14,52.15,1543.86,49.52,41.56,4713.59,1,7805.36,3,7278.15,1,1,70.44,69.9,66.38,1
800.59,4.88,17.05,752.62,21.39,27.83,1557.13,40.57,47.33,3110.34,0,4963.32,1,9852.96,1,0,33.03,31.44,60.72,1
583.82,3.57,9.49,629.91,18.87,19.31,349.7,11.84,8.94,1563.43,2,3296.6,1,14052.37,0,0,28.06,27.45,11.89,0
1608.97,13.49,34.91,1536.57,38.96,52.88,779.12,20.57,6.12,3924.66,2,6026.72,3,12179.44,2,1,81.84,57.38,31.64,3
1029.96,10.27,21.95,698.56,16.76,26.62,409.9,4.99,9.97,2138.42,2,3926.53,2,10866.07,0,0,55.13,16.17,9.61,0
901.0,7.51,19.92,765.41,19.98,35.58,464.98,14.57,13.7,2131.4,0,5158.18,2,4711.27,1,0,44.31,31.49,23.45,1
192.08,1.33,9.21,862.48,26.34,21.47,533.2,3.54,4.64,1587.76,1,1411.33,0,13537.16,0,0,7.93,31.06,17.92,0
1143.24,10.29,23.03,1028.77,27.67,34.11,697.44,23.03,18.78,2869.46,3,4183.64,1,7415.99,0,0,65.38,40.02,30.48,0
1069.22,7.23,23.6,1692.0,47.48,58.87,433.56,8.64,9.91,3194.78,3,3939.59,1,1623.48,0,1,49.14,72.6,12.09,0
358.55,1.9,10.63,180.33,1.43,6.97,377.53,10.68,3.73,916.41,2,2870.71,1,2087.5,0,0,13.93,5.24,14.73,0
898.43,7.04,21.82,939.3,22.37,31.03,1353.9,40.63,34.89,3191.63,3,5634.29,2,782.76,1,0,42.04,35.91,55.12,1
308.93,3.5,8.67,400.65,11.44,16.94,317.6,8.93,9.2,1027.19,2,1741.83,0,5660.13,0,0,15.96,19.39,12.83,0
1263.36,10.66,29.5,1002.25,17.85,27.28,153.0,11.16,12.4,2418.61,2,5113.51,3,5988.56,0,0,60.48,32.4,11.86,0
1223.57,9.97,27.42,1235.5,37.08,41.79,495.42,9.32,10.2,2954.49,1,4313.61,1,5798.22,0,0,61.45,57.23,16.79,2
1088.13,9.0,22.24,985.48,19.58,39.53,1374.05,40.41,40.38,3447.66,1,6162.28,3,2236.32,0,0,55.34,42.14,64.27,0
570.14,3.67,8.82,581.36,11.4,12.3,913.45,20.55,12.09,2064.96,2,4980.47,2,9058.58,0,0,22.66,15.69,30.63,0
987.69,8.76,21.54,1074.8,19.56,31.41,381.26,8.21,8.1,2443.75,3,4706.19,1,9757.11,0,0,51.89,31.14,10.68,0
366.39,1.66,11.17,251.88,6.26,8.07,918.13,25.32,21.91,1536.4,2,3322.21,2,2826.96,0,0,10.16,10.21,34.34,0
641.8,5.52,18.29,486.5,2.33,16.05,1157.28,36.05,28.56,2285.58,1,5020.64,2,14044.7,0,0,34.15,8.03,49.8,0
565.49,3.6,7.95,481.07,12.48,18.03,1209.81,45.18,32.81,2256.37,3,4013.51,2,13589.29,1,0,26.82,10.06,50.99,1
455.8,3.3,12.77,1188.48,27.56,35.87,385.57,8.44,18.64,2029.86,3,1822.22,0,4121.39,0,0,25.04,50.13,24.19,0
202.62,1.35,9.55,664.77,24.99,24.1,740.38,20.7,14.25,1607.78,0,1564.97,0,9536.92,0,0,11.92,30.35,27.78,0
660.06,5.68,22.73,1435.06,32.98,40.5,882.69,27.3,23.3,2977.81,3,4392.13,1,2311.77,0,0,34.3,56.09,41.22,0
346.51,2.24,14.3,636.27,15.88,24.55,839.95,25.53,28.59,1822.73,2,3651.39,1,4309.47,0,0,15.52,26.93,32.65,0
544.07,5.8,12.63,1362.57,42.62,33.97,30.0,2.49,0.0,1936.64,1,4940.91,2,8709.25,0,0,23.33,58.8,0.92,0
837.48,7.5,21.27,267.52,17.56,19.81,1575.46,44.37,43.54,2680.46,1,3386.75,1,11480.21,0,0,44.94,13.94,64.73,0
722.42,6.55,12.49,1101.87,37.17,34.31,916.4,21.38,31.95,2740.69,1,4189.89,1,13049.3,0,0,33.08,48.65,36.74,2
492.66,5.08,5.64,1157.09,27.3,39.65,225.62,6.54,1.12,1875.38,0,2803.52,1,12806.74,0,0,24.35,53.76,12.14,2
331.79,2.93,9.47,797.74,24.72,22.82,1493.53,39.17,40.85,2623.07,1,6145.62,3,12960.07,1,0,16.18,33.33,57.66,1
863.56,6.48,22.27,382.61,4.53,16.47,1087.72,27.72,31.0,2333.89,2,1969.23,0,9863.82,0,0,40.73,11.09,46.24,0
801.66,6.08,20.42,461.44,20.61,16.54,657.36,24.79,21.89,1920.46,1,3515.45,1,6065.65,1,0,42.51,15.74,29.8,1
591.78,2.77,9.86,538.31,15.51,4.97,1198.56,37.39,28.41,2328.65,1,3212.55,1,3350.93,0,0,20.32,20.39,45.68,0
565.22,4.68,16.5,967.4,35.3,36.91,924.05,25.38,21.77,2456.67,2,6045.99,3,12494.85,0,0,25.04,44.99,40.41,0
595.66,5.77,22.53,1480.0,48.01,43.47,791.8,15.67,16.14,2867.45,2,3067.58,0,915.28,0,0,34.73,73.57,32.67,2
342.93,1.91,5.83,215.19,1.32,3.2,930.15,19.58,17.57,1488.27,1,2035.29,1,7699.38,0,0,15.14,7.22,31.23,0
707.64,5.87,18.05,841.12,23.62,29.87,1128.53,25.76,31.83,2677.29,2,3143.22,0,4729.92,0,0,37.75,34.03,45.4,0
195.95,2.46,8.21,510.17,8.33,14.41,1131.25,33.59,33.02,1837.38,1,6482.33,3,2551.96,0,0,13.74,16.2,44.52,0
475.86,2.79,11.18,853.36,27.64,30.01,475.22,9.75,17.54,1804.44,1,2543.99,1,6416.77,1,0,17.29,37.6,18.02,1
183.37,0.0,3.96,709.53,19.13,19.94,1355.25,36.0,35.23,2248.15,1,2543.18,1,9159.68,0,0,0.94,29.88,60.52,0
317.57,2.58,19.12,943.01,31.26,34.98,351.87,4.51,4.02,1612.45,1,3175.56,1,2148.98,0,0,16.42,44.81,13.4,0
242.56,0.0,6.7,863.93,31.11,27.73,514.85,15.45,17.92,1621.34,1,3316.77,1,12917.34,1,0,5.87,38.9,30.06,1
558.99,3.65,13.85,728.59,26.85,20.93,572.66,16.16,18.9,1860.24,0,1285.79,0,1514.97,0,0,22.71,38.18,18.89,0
449.03,2.44,12.7,1090.01,34.67,35.38,505.55,8.17,9.65,2044.59,0,4266.72,2,6375.57,0,0,20.56,51.06,16.2,0
273.17,1.33,3.52,588.88,24.17,22.12,426.46,14.77,11.38,1288.51,1,1646.39,0,13415.56,0,0,6.5,38.58,22.05,0
647.67,4.94,16.19,675.58,20.08,32.18,375.66,8.17,13.11,1698.92,2,2935.15,1,6243.92,0,0,30.23,31.7,11.26,0
1282.98,10.48,22.19,1230.14,41.41,42.92,30.0,0.38,0.0,2543.11,0,5360.44,2,12008.38,0,0,61.74,55.11,6.99,0
1324.63,12.5,36.43,1312.77,32.98,46.83,1667.31,37.22,34.99,4304.71,1,7772.04,3,13114.4,1,1,74.36,47.91,61.99,1
221.65,2.53,10.23,789.07,19.34,15.44,933.19,27.65,19.85,1943.91,0,2807.35,1,670.74,0,0,7.21,33.11,40.93,0
765.31,4.36,16.28,1111.25,27.21,31.5,331.32,14.15,13.79,2207.88,1,2689.57,0,12435.38,0,0,37.18,41.14,13.31,0
720.47,6.41,18.75,539.89,20.11,23.0,999.32,24.38,24.93,2259.68,1,3436.19,1,4092.97,0,0,40.72,23.98,37.95,0
822.64,5.72,24.17,1570.7,43.54,41.39,717.38,26.15,19.79,3110.72,1,4876.06,2,1088.22,0,0,45.97,64.03,26.4,0
399.53,4.36,14.5,586.96,7.23,18.71,401.75,13.3,8.74,1388.24,0,2563.71,1,11228.99,0,0,24.79,25.01,21.13,0
824.77,6.45,14.46,758.07,17.1,21.69,723.26,15.76,22.48,2306.11,2,5042.18,2,13198.73,0,0,41.18,19.26,28.57,0
902.11,7.24,22.18,610.87,13.57,26.05,969.65,24.26,11.24,2482.63,0,1801.75,0,14808.71,0,0,47.63,20.79,38.04,2
1183.09,10.94,31.71,1488.03,40.15,48.7,40.66,0.0,0.0,2711.78,3,5691.52,3,11971.36,0,1,67.02,52.82,1.56,0
812.81,4.81,10.35,1344.79,29.21,34.02,1316.79,38.32,31.96,3474.39,2,6532.6,2,9453.49,0,0,35.3,44.06,52.17,0
201.58,2.27,7.16,351.91,9.78,9.53,575.72,18.25,20.35,1129.21,2,914.88,0,13212.29,0,0,4.98,11.23,27.87,0
496.99,4.03,11.73,1147.71,31.0,25.46,454.55,6.56,5.59,2099.25,1,5218.62,2,12038.12,0,0,26.39,41.02,13.84,0
787.58,6.21,22.24,611.5,13.13,14.67,849.63,35.18,16.9,2248.71,0,3987.26,2,6064.95,0,0,38.41,22.97,41.32,0
458.36,3.43,11.37,1724.1,45.66,48.1,1231.76,35.37,28.71,3414.22,2,4576.09,1,12937.52,1,1,22.08,72.84,53.83,1
772.12,8.0,19.22,350.27,0.69,8.26,340.66,16.31,6.79,1463.05,2,4562.15,2,167.47,0,0,45.4,7.52,18.8,0
293.59,0.74,11.21,514.58,13.27,3.88,1142.99,30.37,37.72,1951.16,1,1499.86,0,7617.78,0,0,10.65,17.8,44.22,0
1510.02,12.21,27.56,1582.61,42.99,50.63,357.08,8.03,6.63,3449.71,2,4048.78,1,5642.13,2,1,72.16,62.28,6.46,3
602.25,3.22,13.21,1029.36,31.73,30.55,1558.21,42.54,31.3,3189.82,1,3626.85,0,7845.77,0,0,22.74,45.44,58.98,2
302.06,1.49,10.0,683.67,27.13,20.93,662.83,21.61,10.44,1648.57,2,2795.73,0,9877.94,1,0,11.88,36.32,27.92,1
327.69,3.22,9.91,568.55,19.25,22.24,1617.21,49.11,40.48,2513.45,1,2875.98,0,13324.78,1,0,15.7,29.36,72.93,1
1173.27,9.1,21.47,1112.15,24.49,36.28,687.04,16.63,14.16,2972.45,2,5220.52,2,805.65,0,0,58.24,37.57,22.53,0
401.78,3.16,8.23,349.02,4.06,11.34,452.71,9.8,7.8,1203.5,1,3865.38,2,4878.22,0,0,16.69,10.51,16.21,0
752.72,6.58,17.9,1518.42,44.8,43.74,452.39,8.61,20.24,2723.53,1,3320.42,1,9014.11,0,0,37.99,61.86,19.38,2
1413.81,10.25,22.36,769.39,26.12,28.0,646.62,15.65,13.98,2829.82,2,4148.09,2,9038.29,0,0,65.83,27.6,28.26,0
320.24,2.6,10.54,109.26,0.0,0.0,386.31,7.19,10.48,815.81,3,2719.89,1,8711.15,0,0,15.11,1.43,13.34,0
1221.31,9.08,24.91,918.87,26.54,32.68,1637.56,46.15,36.05,3777.74,1,3807.23,1,9000.82,0,0,59.15,35.36,64.79,2
953.23,7.64,23.47,401.51,17.7,23.13,731.25,26.0,23.71,2085.99,1,1907.82,0,14306.86,0,0,47.87,17.74,33.94,2
185.7,1.21,8.77,959.81,29.1,27.73,630.87,16.96,9.4,1776.39,2,4264.65,2,8161.52,0,0,5.21,45.44,18.59,0
821.59,7.0,18.62,1174.7,41.69,39.87,1408.71,48.88,40.63,3404.99,1,4009.31,1,1221.43,1,0,48.54,49.53,60.76,1
1131.51,8.92,22.17,1036.54,24.52,35.85,321.08,0.83,4.7,2489.14,3,4046.62,1,1424.22,0,0,53.52,40.35,4.97,0
228.24,0.98,3.8,669.91,23.62,18.72,1034.27,36.24,33.57,1932.41,2,2037.93,0,10849.03,0,0,4.52,30.57,43.86,0
636.68,3.62,13.95,930.74,17.76,22.32,295.55,0.0,4.17,1862.98,0,4162.46,2,13231.73,1,0,30.09,31.71,5.53,1
760.91,4.72,15.87,1458.4,49.24,46.95,460.16,14.63,14.61,2679.47,1,6522.81,3,9810.56,0,1,33.23,67.34,20.6,0
546.56,3.3,16.78,905.46,21.16,26.28,1397.18,35.49,29.43,2849.2,1,4145.87,1,2288.81,0,0,24.07,33.98,57.49,0
379.28,3.23,11.05,728.59,10.42,23.53,837.94,18.86,12.59,1945.81,3,2475.02,0,14887.02,0,0,22.39,28.07,31.03,0
169.16,0.72,10.9,329.36,13.58,17.21,357.83,8.74,15.13,856.35,2,2172.99,1,4416.19,0,0,9.27,11.42,20.63,0
787.79,7.09,19.64,708.46,16.39,21.68,1290.07,33.04,27.74,2786.31,3,4344.67,1,13432.29,0,0,39.59,22.23,47.11,0
30.0,1.02,9.53,777.43,23.68,24.13,385.92,10.57,15.1,1193.35,3,4006.85,2,1697.76,0,0,1.05,36.91,20.05,0
743.44,4.47,15.09,1045.16,31.68,31.52,898.57,19.84,17.07,2687.18,2,5403.17,2,10973.1,0,0,31.87,46.6,31.83,0
518.62,3.13,11.42,539.79,14.28,18.36,308.42,6.0,8.31,1366.84,0,3267.87,1,6622.06,0,0,25.33,21.5,12.17,0
586.23,4.39,15.06,1476.49,44.19,40.52,609.34,11.87,9.04,2672.05,2,4216.57,1,12041.13,0,0,27.52,65.17,20.11,2
787.25,8.05,15.46,1448.65,48.53,46.09,772.53,23.04,19.34,3008.43,2,4107.18,1,3893.92,1,1,43.65,71.56,29.09,1
604.82,5.93,14.67,356.33,7.29,7.73,1032.25,35.79,22.92,1993.39,2,4652.13,2,9105.81,0,0,26.28,11.21,44.4,0
745.44,5.48,19.86,967.61,33.0,29.03,816.74,21.0,22.71,2529.79,0,5397.8,2,3046.78,0,0,37.6,35.78,37.06,0
557.29,2.65,18.08,730.38,11.14,16.17,1040.55,31.01,24.26,2328.21,0,1871.34,0,5808.0,0,0,27.97,28.95,44.32,0
578.5,2.24,13.72,585.84,7.34,18.51,1005.01,31.82,31.36,2169.35,1,4752.25,2,1372.72,0,0,21.42,21.99,43.78,0
734.32,3.46,15.26,1130.73,34.1,34.03,753.18,19.98,14.23,2618.23,3,3960.35,2,10125.0,1,0,30.53,46.15,28.47,1
1024.63,8.2,28.02,1275.77,26.4,36.09,1675.7,58.67,40.67,3976.11,0,7187.83,3,10930.87,0,0,49.15,52.48,71.69,0
817.8,6.49,18.99,522.95,15.33,21.52,538.61,15.91,13.28,1879.36,1,822.15,0,10011.47,0,0,40.06,24.76,24.01,0
73.3,0.48,2.5,549.25,8.33,8.92,486.85,11.36,17.84,1109.4,2,2220.64,1,12802.35,0,0,1.92,16.38,23.62,0
818.26,7.67,19.7,1012.18,19.23,28.09,833.15,22.58,21.23,2663.59,1,1736.21,0,1330.92,0,0,42.3,27.69,35.66,0
770.09,7.68,14.91,1042.53,22.01,25.75,879.54,26.08,21.06,2692.16,1,3183.38,0,3288.74,1,0,39.83,35.03,36.26,1
192.14,1.39,2.87,925.2,29.62,31.98,628.32,21.18,15.33,1745.66,2,1581.4,0,10916.07,0,0,4.49,43.16,27.89,0
928.29,8.15,22.27,900.65,24.09,31.52,595.33,13.14,13.68,2424.26,2,3131.01,1,1867.38,0,0,47.27,38.87,21.24,2
677.0,4.13,12.64,1211.34,26.13,31.9,944.66,28.54,21.52,2833.0,2,4079.26,1,8829.13,0,0,33.2,44.52,39.85,0
1494.21,11.07,28.25,1190.06,30.11,32.98,1138.36,36.04,22.72,3822.63,3,5587.1,2,4676.24,1,0,71.72,44.53,43.18,1
452.79,3.61,6.96,724.87,20.07,5.63,1100.48,38.64,25.76,2278.14,1,4081.87,2,4420.93,0,0,15.63,25.75,44.23,0
759.19,6.15,19.84,1071.12,36.71,35.79,463.63,15.23,6.23,2293.94,3,4596.96,2,1436.37,0,0,41.2,48.84,14.27,0
531.63,4.69,11.18,1347.22,41.14,32.73,892.86,31.64,21.55,2771.71,0,3146.21,1,4204.85,1,0,23.77,57.74,39.09,1
1083.32,9.57,27.31,562.53,14.77,15.6,1262.61,36.14,20.09,2908.46,1,7404.9,3,14349.63,0,0,59.19,13.81,47.47,0
656.23,5.32,16.62,1226.44,32.89,32.58,671.32,17.04,20.41,2553.99,2,2608.55,0,13012.75,0,0,29.33,46.5,25.26,2
1437.84,10.0,24.49,757.89,17.48,29.99,720.72,15.48,13.68,2916.44,1,4362.31,1,5903.79,0,0,66.86,20.27,22.68,2
220.61,2.11,11.05,462.62,11.11,11.25,1047.74,31.35,23.68,1730.97,0,2520.26,0,754.57,0,0,9.39,17.39,39.55,0
762.49,4.99,16.53,1248.91,32.86,32.2,121.35,5.23,0.0,2132.74,2,5268.08,2,9036.38,1,0,34.4,44.33,2.35,1
956.82,6.83,15.87,432.66,17.11,13.91,762.99,25.4,18.16,2152.47,1,4970.09,2,9384.24,0,0,41.54,13.24,33.34,0
895.69,7.32,22.19,1621.1,44.81,47.99,528.97,17.86,7.16,3045.76,2,5156.36,2,5338.51,0,1,45.92,63.0,19.49,0
1217.07,10.71,31.62,967.34,27.82,41.49,892.54,19.05,19.15,3076.94,2,4286.86,1,12216.16,0,0,60.97,32.89,37.78,2
872.78,6.49,17.16,1317.18,37.27,41.22,536.97,17.89,13.12,2726.93,0,3914.71,1,10998.5,0,0,36.42,53.19,23.52,2
130.45,0.0,2.49,1405.5,30.59,27.15,1198.3,33.52,33.62,2734.25,0,5135.54,2,4946.87,0,0,6.96,50.86,55.19,0
332.75,2.34,14.3,366.65,16.55,18.39,1212.3,28.56,27.32,1911.71,3,3483.34,1,5534.29,0,0,18.65,22.74,42.27,0
184.39,1.3,13.69,592.59,24.1,17.86,1347.0,44.18,41.17,2123.98,2,3496.98,1,2940.64,1,0,11.33,31.38,63.29,1
1452.82,12.22,27.28,1104.88,27.85,39.08,559.42,19.67,22.85,3117.13,1,3990.17,1,4745.05,2,1,72.91,34.93,30.09,3
543.09,4.44,13.19,529.5,6.98,13.95,596.2,11.65,15.29,1668.79,2,3156.08,0,13273.76,1,0,30.23,13.86,21.26,1
557.37,2.97,13.52,730.47,35.21,23.66,536.92,19.88,13.86,1824.76,2,3694.04,2,832.43,0,0,24.03,28.78,23.6,0
897.38,5.21,12.98,765.71,20.62,25.62,842.33,27.16,23.07,2505.42,2,3865.48,1,14474.71,0,0,39.37,23.28,35.55,0
801.28,7.46,26.3,999.31,36.95,43.91,111.56,9.96,3.69,1912.14,2,2352.61,0,4522.39,0,0,43.01,45.6,7.21,2
596.45,3.47,16.08,835.68,20.11,17.96,1262.08,34.74,27.07,2694.22,2,4483.28,1,11601.88,0,0,32.08,23.7,51.43,0
851.46,7.23,19.08,967.01,18.99,18.83,1027.64,28.46,33.01,2846.11,1,5109.98,2,4074.63,1,0,39.88,31.93,41.33,1
974.72,6.89,23.4,867.3,15.14,17.56,843.63,31.43,21.73,2685.64,1,2990.79,0,6628.26,0,0,49.49,24.01,29.93,2
167.47,2.1,9.6,628.9,25.71,21.58,212.05,0.75,3.84,1008.42,2,4748.52,3,6149.23,0,0,15.36,33.51,3.04,0
867.18,4.97,16.38,1024.98,18.43,31.52,933.18,21.54,24.52,2825.34,1,5664.55,2,7729.64,0,0,36.92,36.87,39.64,0
792.19,5.2,15.17,1053.84,28.63,32.88,700.54,28.02,23.77,2546.56,1,3893.5,1,9844.22,0,0,37.11,43.62,35.08,0
982.97,8.12,19.61,1374.76,29.85,37.58,457.6,18.1,13.41,2815.33,2,4358.12,1,3423.64,0,0,51.86,45.52,20.33,2
987.09,8.25,24.51,1449.0,44.29,41.16,818.49,30.48,22.66,3254.58,3,4473.39,1,4710.15,0,0,52.26,59.8,36.98,0
509.96,2.09,16.33,1148.58,34.7,38.06,512.86,21.27,18.78,2171.39,3,3299.82,1,13452.67,0,0,20.77,55.25,24.23,0
231.04,1.05,10.86,1726.11,63.06,50.02,611.54,8.89,10.85,2568.7,1,4300.08,2,3054.92,2,1,8.59,78.6,17.82,3
640.63,5.03,14.94,415.95,27.69,10.93,739.31,18.96,18.9,1795.89,0,1363.9,0,4267.68,0,0,30.89,21.13,23.19,0
830.46,6.94,18.78,1141.29,31.22,41.41,971.18,31.67,26.01,2942.94,2,3737.5,1,11032.48,0,0,41.02,42.12,42.38,0
1080.71,7.84,30.59,910.98,29.68,36.24,819.26,23.41,11.85,2810.95,1,3863.49,1,3254.62,0,0,59.24,35.29,29.47,2
290.94,1.75,7.27,880.54,29.58,27.32,564.75,13.81,14.16,1736.23,2,4601.21,2,8266.34,0,0,13.32,39.42,20.4,0
196.02,0.0,2.54,1018.26,29.39,37.19,931.83,32.83,22.18,2146.11,2,3421.14,1,4375.97,0,0,7.28,45.08,40.92,2
301.51,2.1,11.24,477.66,9.97,12.88,136.1,3.2,0.0,915.27,2,1543.32,0,6094.32,0,0,15.69,19.6,1.66,0
225.28,0.75,9.95,810.9,20.89,19.25,636.84,25.11,17.69,1673.01,2,3699.74,1,12395.94,0,0,6.85,27.88,33.78,0
820.17,6.74,11.17,297.05,2.14,5.87,268.21,8.75,3.02,1385.42,0,4946.76,3,3849.07,0,0,38.97,6.92,15.25,0
848.5,6.41,18.51,1149.81,36.34,41.65,429.45,12.77,11.2,2427.76,0,3180.71,0,215.4,0,0,35.2,46.12,13.51,2
795.1,6.08,16.7,554.75,7.91,20.27,661.59,14.68,14.7,2011.45,3,1917.85,1,9620.91,1,0,43.11,14.97,21.7,1
436.79,2.77,6.3,552.22,15.95,13.28,1122.16,31.04,26.63,2111.17,1,4750.35,2,13518.56,1,0,15.86,21.52,42.8,1
1064.11,8.26,21.05,460.84,7.93,16.91,905.39,28.98,20.35,2430.34,3,5072.85,2,8954.98,0,0,48.34,16.23,41.85,0
483.24,2.31,7.9,786.3,27.44,34.2,569.99,15.55,12.71,1839.52,1,4656.86,2,8287.2,1,0,18.18,44.48,17.81,1
701.72,6.5,12.55,1260.8,39.72,42.65,813.17,21.56,26.06,2775.7,3,5720.58,2,1106.7,0,0,36.75,48.49,29.86,0
1382.27,11.9,31.13,461.66,7.75,20.71,350.66,3.12,6.61,2194.58,0,3878.49,1,2142.92,2,1,73.72,13.71,9.76,2
498.85,2.42,10.65,349.53,0.0,7.33,830.85,27.89,18.27,1679.23,1,3479.75,1,3570.14,0,0,16.52,1.45,34.32,0
417.14,3.24,6.69,1019.86,30.77,28.82,932.67,31.82,19.88,2369.68,2,2538.55,1,154.91,0,0,19.56,47.65,40.68,2
368.37,1.32,6.43,1528.22,42.89,44.11,718.85,19.52,12.15,2615.44,3,5858.91,3,6153.63,0,0,16.15,64.14,25.25,0
422.43,3.5,13.81,1157.75,34.96,34.72,1181.2,33.16,34.58,2761.38,2,3767.18,1,8157.69,0,0,21.19,50.56,45.98,2
495.63,2.47,13.46,1412.71,31.29,31.07,940.91,24.53,21.96,2849.25,1,5550.1,2,7542.81,0,0,19.65,56.27,39.62,0
286.12,3.61,4.9,692.05,21.35,17.91,1362.94,39.3,27.04,2341.11,2,4016.52,1,4413.33,0,0,22.39,25.85,55.91,0
488.84,3.89,10.42,1173.54,35.76,37.89,998.43,24.74,24.78,2660.81,0,2191.44,0,2400.77,0,0,26.31,48.83,39.18,2
737.76,6.77,19.07,1306.22,46.53,46.96,554.78,17.12,11.13,2598.76,2,3994.4,1,14735.33,0,1,40.9,61.46,21.59,2
1164.18,9.46,24.88,535.34,13.22,12.67,1143.86,38.57,26.6,2843.39,2,4676.51,2,8467.13,0,0,53.17,11.49,51.06,0
787.45,6.23,19.63,1847.74,55.54,50.53,1824.26,59.45,49.64,4459.45,2,7982.5,3,3391.48,2,1,38.27,78.5,78.51,3
598.77,5.56,17.21,893.2,25.5,20.66,1314.11,36.81,29.66,2806.08,2,3207.21,0,11791.9,0,0,29.72,35.83,51.71,0
159.75,0.04,4.71,694.74,19.84,12.75,1076.78,36.18,30.02,1931.26,2,2659.46,0,7125.56,0,0,5.34,24.94,48.79,0
1272.53,12.73,30.87,1506.86,35.99,50.56,1256.64,32.06,29.03,4036.03,2,5512.83,2,3223.73,2,1,72.39,58.93,47.76,3
792.72,4.56,15.57,618.38,9.98,19.49,714.17,17.59,24.95,2125.27,0,2999.18,1,11026.6,0,0,33.57,16.31,31.72,0
655.11,4.36,15.05,831.26,26.62,19.28,1067.0,22.83,23.44,2553.36,0,1199.67,0,11060.92,0,0,33.51,32.44,36.15,0
1210.63,9.41,21.53,868.62,21.2,27.79,508.52,13.27,11.27,2587.78,3,5394.34,2,12871.25,0,0,60.18,25.35,15.39,0
452.56,3.42,14.16,438.83,18.3,8.41,939.15,27.34,20.43,1830.53,2,3833.92,1,613.94,0,0,23.62,13.58,40.6,0
624.66,3.62,10.74,1542.25,40.82,41.37,242.37,2.92,1.34,2409.29,1,4328.2,2,7331.05,0,0,30.53,58.75,13.08,0
889.34,6.95,18.65,661.89,21.61,31.45,878.86,26.57,33.38,2430.1,2,4433.84,2,6620.09,0,0,49.05,23.92,38.36,0
1036.94,5.81,26.05,1190.06,33.59,34.99,1186.82,34.57,33.68,3413.82,0,7341.96,3,13833.29,0,0,54.27,48.33,51.24,0
712.51,3.8,15.18,882.67,23.16,29.79,1205.5,35.87,27.09,2800.68,2,6203.13,3,6054.44,0,0,30.51,39.37,52.2,0
703.43,4.94,20.11,1521.97,49.29,36.65,1852.98,59.97,54.44,4078.38,0,6759.61,2,13653.81,3,0,34.16,69.41,83.19,0
1258.43,11.4,26.32,1191.05,33.47,44.38,1011.3,37.49,25.25,3460.78,2,6850.26,3,14602.78,0,0,63.81,49.07,41.72,0
591.92,5.08,13.19,661.12,8.84,12.81,1332.86,35.31,32.93,2585.9,2,4046.81,1,14432.79,0,0,28.16,15.03,56.9,0
702.57,4.63,18.01,881.7,13.92,25.78,467.24,20.46,9.79,2051.51,2,4208.14,2,13920.76,0,0,27.34,26.02,20.73,0
740.15,8.18,17.91,456.57,8.68,15.59,1161.54,31.11,27.4,2358.26,1,2400.74,0,3485.52,0,0,40.3,13.88,43.9,0
546.86,2.81,15.14,1779.51,48.71,52.04,1975.31,60.89,53.7,4301.69,2,5025.53,2,11229.13,0,1,26.55,74.38,80.59,3
650.13,4.88,15.31,1060.49,39.93,41.25,863.36,26.21,25.23,2573.98,2,3511.48,0,6903.87,0,0,30.84,45.7,35.09,2
764.73,8.42,20.22,1075.71,32.85,36.04,897.62,22.85,28.05,2738.06,2,5372.11,2,12258.6,0,0,42.47,41.75,32.41,0
942.11,7.17,20.9,584.66,2.99,18.79,865.67,24.39,18.57,2392.44,2,4672.36,2,14003.72,0,0,47.33,10.95,32.34,0
385.85,2.04,13.53,601.73,15.27,23.32,1031.61,26.09,27.48,2019.19,2,1891.0,0,9783.18,0,0,16.86,25.22,45.54,0
683.86,5.94,16.77,297.53,6.41,14.97,994.21,25.41,27.29,1975.6,2,3726.79,2,12625.55,0,0,33.04,11.42,39.13,0
1030.09,7.92,22.29,1270.54,34.05,37.33,318.89,11.02,11.34,2619.53,1,3256.95,1,6365.18,0,0,52.26,49.83,14.41,2
777.83,7.69,20.38,592.19,13.37,12.52,874.24,22.67,32.91,2244.26,2,3683.74,1,12161.65,0,0,41.75,23.88,39.92,0
585.65,6.32,12.72,865.9,23.58,25.17,1376.22,39.23,42.5,2827.77,2,6360.36,3,2689.65,0,0,35.31,34.32,55.7,0
833.06,6.41,22.4,1148.14,36.34,38.47,1298.1,33.3,30.29,3279.3,2,7095.28,3,292.55,0,0,41.02,46.11,52.58,0
250.49,2.94,5.19,938.45,25.12,23.78,1438.89,43.29,27.47,2627.82,0,3268.74,1,8560.42,0,0,13.44,38.0,59.27,0
544.83,4.01,12.19,991.85,22.32,27.72,631.92,18.7,3.35,2168.6,3,4099.64,1,9304.61,0,0,26.23,38.69,23.99,0
350.8,3.05,10.07,504.5,4.13,13.24,519.69,24.44,18.16,1374.99,3,2453.67,1,6653.25,0,0,18.37,17.43,27.32,0
575.02,5.92,17.68,1130.77,22.7,30.8,679.12,25.0,18.62,2384.9,2,4288.86,2,4217.32,0,0,34.08,43.63,33.59,0
1188.23,9.28,30.85,583.03,7.33,19.95,855.36,18.8,22.8,2626.62,3,5944.21,3,6301.9,0,0,59.97,8.85,33.09,0
438.24,3.89,13.97,757.83,19.83,22.17,1302.43,34.01,28.75,2498.5,1,4462.81,1,1201.64,0,0,16.79,27.61,51.77,0
743.15,5.17,11.76,415.95,4.24,10.24,969.75,25.12,32.54,2128.85,2,3801.1,1,4936.81,0,0,31.94,7.22,43.22,0
404.77,3.44,9.35,1002.63,31.32,35.67,2139.96,61.36,46.21,3547.36,1,5237.56,2,11168.48,3,0,20.03,48.07,85.47,0
359.07,1.4,6.17,804.25,21.59,23.23,1431.44,42.84,36.26,2594.76,3,3391.87,1,11564.56,0,0,15.33,33.27,63.88,0
785.67,5.51,14.29,1146.17,33.27,35.71,465.54,8.26,4.95,2397.39,1,3646.06,2,7776.82,0,0,37.69,46.05,11.68,0
415.67,2.39,8.17,1134.91,25.27,25.11,455.23,16.27,16.62,2005.81,3,3544.6,1,3500.17,0,0,14.11,39.48,24.15,0
631.88,6.85,22.38,401.33,15.42,19.07,138.88,0.0,1.67,1172.09,2,3714.48,2,4351.22,0,0,38.44,21.75,6.01,0
712.69,7.8,18.85,573.16,9.1,15.11,588.07,15.97,11.04,1873.92,1,1614.29,0,5475.11,0,0,41.68,14.45,21.06,0
553.61,2.37,11.7,1504.88,46.56,43.06,413.88,14.73,14.55,2472.37,3,4405.44,1,7240.76,0,0,20.14,65.95,16.16,0
531.24,4.55,17.08,1575.32,37.95,48.59,990.49,23.14,26.68,3097.05,2,6536.87,2,4500.52,0,1,32.56,66.68,37.18,0
1464.85,10.67,27.68,1604.59,54.05,56.09,434.6,8.87,10.08,3504.04,2,5891.31,2,4203.44,2,1,72.86,72.59,14.47,3
269.76,1.14,6.41,262.88,6.67,5.88,820.03,21.49,11.73,1352.67,2,2934.82,1,7274.51,0,0,4.63,7.94,26.62,0
623.59,5.39,15.06,1097.13,24.68,32.64,355.61,7.11,10.25,2076.34,1,3474.09,1,5469.21,0,0,26.63,37.97,14.34,0
1245.49,10.95,36.6,1154.65,33.45,47.96,758.16,24.31,24.51,3158.3,1,5425.28,2,10900.31,0,1,69.21,49.59,35.34,0
735.67,6.51,21.91,548.65,12.1,12.55,703.52,21.98,16.86,1987.83,3,3760.42,2,14981.07,0,0,40.39,14.28,28.91,0
965.13,8.01,27.24,886.86,24.92,41.22,544.59,19.59,10.41,2396.58,2,3247.39,1,665.72,0,0,49.43,36.34,22.52,2
1289.18,9.13,25.87,1038.93,24.21,33.1,526.19,16.66,11.64,2854.3,3,3964.82,1,8616.01,0,0,59.39,31.13,22.88,0
1180.37,7.56,25.27,751.27,15.75,21.83,569.98,15.0,16.54,2501.61,2,4154.2,1,3354.64,0,0,53.38,21.85,25.76,2
814.59,7.17,19.6,361.87,8.12,4.2,1189.13,40.64,39.37,2365.59,2,3422.43,1,7401.01,0,0,39.48,6.29,56.47,0
767.98,7.37,15.49,1126.0,30.94,42.39,977.45,22.32,17.07,2871.43,2,5989.55,2,7179.59,1,0,45.31,49.71,34.46,1
415.98,2.43,3.89,726.74,22.11,23.79,1412.47,46.41,41.82,2555.19,3,3090.83,0,10171.07,0,0,17.94,30.87,66.86,0
561.48,6.83,11.31,1502.71,41.38,43.4,717.63,15.86,21.51,2781.82,1,3908.37,1,11423.64,0,0,27.67,69.28,28.91,2
1184.85,9.8,30.18,1066.99,27.66,39.71,1705.55,47.49,45.52,3957.39,0,5970.52,2,10533.26,0,0,61.28,45.03,72.85,0
1073.26,8.64,25.7,1236.78,29.38,36.73,690.73,20.27,19.37,3000.76,2,4246.34,1,5265.17,0,0,62.54,49.71,25.68,2
708.05,5.93,19.17,488.34,17.28,16.64,998.57,30.01,22.74,2194.96,1,3746.02,1,833.13,1,0,33.81,25.59,41.51,1
537.11,3.66,20.14,1111.89,29.21,31.42,343.99,11.16,10.1,1992.99,1,3336.3,1,4462.23,0,0,32.08,43.66,18.08,0
198.49,3.23,7.39,1132.75,34.33,34.19,325.28,6.63,3.08,1656.52,3,3133.8,1,12264.35,0,0,17.83,52.53,14.3,0
897.3,7.46,24.97,348.24,2.2,21.32,872.78,29.99,18.87,2118.33,3,3886.61,1,6586.09,1,0,44.41,10.77,35.83,1
320.68,1.88,3.21,270.33,4.85,10.86,965.79,29.91,20.61,1556.81,0,1732.5,0,10496.37,0,0,4.84,16.46,39.84,0
341.76,2.12,10.77,988.74,24.22,26.49,232.46,16.91,3.2,1562.96,3,2219.48,0,9348.82,0,0,18.26,41.1,11.92,0
730.34,5.88,15.14,1475.25,41.9,37.64,353.83,3.14,8.05,2559.42,1,3587.76,1,10211.01,0,0,38.23,54.88,9.14,2
773.65,5.47,17.81,1469.53,46.52,47.76,453.1,8.93,5.71,2696.28,0,2269.09,0,11293.04,0,1,34.56,66.3,20.61,2
763.94,5.95,16.0,664.17,8.83,7.32,1437.43,39.03,27.06,2865.54,1,3734.88,1,13020.52,0,0,32.83,17.91,53.64,0
600.05,4.9,17.34,499.65,9.63,14.72,419.63,16.09,17.42,1519.34,2,2754.19,1,3225.43,0,0,28.42,14.32,23.74,0
158.66,1.62,10.63,930.42,30.91,34.02,628.6,14.65,12.23,1717.67,3,1299.72,0,798.84,0,0,7.52,42.68,22.06,0
1285.28,10.75,31.11,1628.53,41.73,51.64,1479.98,39.42,33.2,4393.79,1,6681.36,2,7787.4,0,1,61.07,59.03,62.54,3
360.79,3.19,14.63,273.04,8.77,22.0,607.13,17.12,16.51,1240.96,2,1203.05,0,13636.13,0,0,21.07,15.62,24.31,0
676.96,6.85,19.86,1032.82,27.31,29.56,1215.1,31.43,28.07,2924.88,1,4774.78,2,2149.07,0,0,35.48,42.1,48.33,0
1290.98,10.28,26.29,245.16,0.0,15.27,1514.51,43.77,41.86,3050.66,1,6695.86,3,13995.52,0,0,64.66,0.82,68.06,0
850.76,8.68,21.89,1282.81,40.94,40.25,994.0,27.4,26.33,3127.57,3,5813.8,3,12970.35,0,0,49.79,51.58,42.55,0
1320.76,10.36,29.46,1446.41,47.53,57.03,988.0,26.01,26.48,3755.17,3,7085.47,3,14457.09,0,1,67.21,64.52,45.78,0
554.16,3.88,8.73,390.38,11.32,9.15,1193.79,34.66,23.12,2138.33,3,3255.11,1,4441.35,0,0,21.28,8.8,44.1,0
654.45,4.84,16.93,915.83,33.2,37.23,306.24,8.23,6.18,1876.53,3,2669.23,1,6244.45,0,0,24.46,46.76,12.29,0
1055.09,8.08,24.17,1154.81,25.89,32.86,1276.65,39.08,35.22,3486.54,3,7159.61,3,12497.42,1,0,55.91,42.63,56.56,1
594.67,5.64,16.28,848.59,30.98,27.64,917.62,27.3,20.68,2360.88,2,5706.39,3,4232.07,0,0,30.55,36.86,31.68,0
448.33,2.91,6.5,788.9,20.41,20.85,424.86,13.81,15.05,1662.09,2,3399.31,1,14644.33,0,0,17.29,31.04,22.99,0
1289.81,12.82,28.39,617.05,9.81,31.11,774.86,12.16,12.83,2681.72,2,5202.26,2,2043.33,0,0,69.96,20.39,23.61,3
452.21,3.32,15.31,190.87,1.03,4.64,793.8,24.94,20.84,1436.89,0,2609.91,1,5104.92,0,0,22.05,6.99,32.47,0
708.06,5.59,17.97,1242.11,34.71,32.21,1050.76,22.89,17.56,3000.92,0,4981.11,1,6948.04,0,0,33.46,45.65,39.06,2
673.29,4.88,18.45,1100.6,27.38,28.48,1229.26,26.07,31.27,3003.15,1,4193.21,1,3105.79,1,0,31.31,38.32,49.43,1
632.19,6.79,17.69,766.4,21.36,21.13,582.27,24.24,21.98,1980.85,1,3124.76,1,961.13,0,0,39.15,34.67,31.24,0
335.5,1.35,12.17,1107.93,30.8,31.58,716.91,18.66,2.93,2160.33,2,4332.14,1,13247.86,0,0,19.38,48.19,25.46,2
30.0,0.0,6.29,347.54,17.33,6.85,375.21,10.91,14.9,752.74,1,2128.21,1,4839.68,0,0,4.56,9.32,17.83,0
670.58,6.97,21.07,1622.09,52.12,57.42,1211.27,31.43,37.5,3503.93,2,6989.17,2,8550.6,0,1,40.22,71.9,52.08,3
697.87,6.31,19.54,1523.71,46.14,46.75,747.21,17.61,15.19,2968.79,1,4379.78,1,2824.57,0,1,39.3,66.95,22.16,2
245.47,0.03,7.41,384.34,9.21,7.83,1252.96,36.86,24.65,1882.77,1,2907.44,0,11066.68,0,0,10.18,10.58,55.42,0
554.16,3.8,6.73,807.62,13.46,21.17,741.29,20.18,15.16,2103.08,2,5159.13,2,1656.18,0,0,26.9,30.11,24.52,0
90.86,1.31,9.07,1623.5,51.03,47.12,1017.53,34.77,24.76,2731.89,2,3595.04,1,10677.85,2,1,10.17,78.4,46.54,2
854.32,7.16,16.47,1253.74,31.38,37.9,435.77,3.05,5.62,2543.84,2,2804.71,0,9763.86,0,0,47.17,49.48,9.02,2
155.92,2.5,10.91,1173.34,43.66,34.7,483.33,7.67,12.59,1812.59,2,3926.1,1,8926.96,0,0,10.97,54.84,18.42,2
805.03,7.59,21.91,856.66,16.53,30.49,357.08,8.76,8.76,2018.77,1,5617.28,2,10279.04,1,0,41.17,34.93,10.14,1
840.23,5.43,13.95,773.27,18.67,30.69,1108.43,34.13,28.94,2721.93,2,3997.73,1,3965.12,0,0,45.15,32.07,46.73,2
731.45,4.8,16.61,769.3,23.99,24.98,223.02,5.45,2.53,1723.77,2,3640.78,2,9061.57,0,0,30.6,34.04,5.94,0
1289.89,10.94,29.57,743.88,13.71,27.73,199.62,7.72,12.41,2233.39,1,3730.28,1,614.12,0,0,67.84,22.22,11.14,2
72.64,0.0,6.93,599.19,19.71,18.89,549.67,20.11,10.52,1221.5,2,1227.53,0,3941.53,0,0,2.29,33.77,23.22,0
959.72,9.01,18.82,1090.31,34.79,37.86,1029.78,44.93,22.5,3079.81,2,5020.5,2,9484.71,0,0,50.04,51.3,46.01,0
728.88,6.52,20.05,486.79,17.59,22.11,610.9,27.49,16.69,1826.57,0,3636.68,1,6709.31,0,0,38.91,15.84,29.63,0
1163.44,9.36,20.2,1006.1,30.51,34.04,1246.62,37.59,29.92,3416.16,2,5447.68,2,413.1,0,0,54.23,38.65,52.22,0
1261.89,10.39,30.57,779.22,14.83,29.56,931.37,25.4,15.78,2972.49,1,5439.41,2,8927.08,0,0,67.15,30.64,31.87,0
702.23,4.58,17.69,1436.8,38.6,40.38,315.06,9.06,10.75,2454.09,3,3293.68,1,12525.34,0,0,32.54,54.7,14.28,0
667.38,4.2,14.2,323.41,1.35,17.39,1087.48,17.74,20.57,2078.28,2,3220.57,1,114.03,0,0,29.12,12.03,37.73,0
1140.68,9.81,27.93,1330.89,41.0,44.31,644.1,24.21,18.3,3115.67,2,3758.66,1,10372.91,0,0,61.86,57.04,25.82,2
307.98,2.97,9.4,999.27,36.62,33.84,428.34,9.44,3.89,1735.6,2,2663.58,0,3415.72,0,0,20.68,47.05,17.44,2
890.97,8.27,19.84,905.22,15.48,29.61,920.96,22.01,20.37,2717.14,1,4706.78,2,1677.05,0,0,47.19,29.93,39.0,0
831.93,8.36,22.12,1410.75,38.41,40.1,1369.46,37.84,32.84,3612.13,3,7134.34,3,8104.42,0,0,38.94,52.72,47.94,0
1070.03,10.47,30.26,417.53,15.04,20.18,689.46,27.45,13.07,2177.02,2,5047.96,2,9571.32,0,0,62.54,12.83,25.55,0
247.0,0.0,4.56,712.98,9.97,24.93,600.23,17.0,9.86,1560.2,2,2829.09,1,931.04,0,0,8.15,26.72,21.48,0
277.93,1.29,5.68,1680.63,55.08,46.96,1432.1,39.83,40.88,3390.65,2,6006.69,2,626.75,2,1,7.26,78.11,58.22,0
628.64,2.94,11.84,683.3,22.16,23.11,313.25,15.53,15.27,1625.19,0,4420.4,2,12731.26,0,0,24.29,30.83,16.14,0
711.62,4.81,16.41,802.11,20.91,23.04,1024.91,27.62,17.91,2538.64,3,5693.34,2,1086.73,0,0,32.08,30.48,37.48,0
864.35,6.74,19.39,900.65,25.03,35.07,897.19,23.12,23.36,2662.18,2,3010.62,0,513.15,0,0,42.27,41.79,40.46,0
391.28,2.43,14.64,674.59,21.48,14.34,1154.06,32.8,32.0,2219.94,0,5230.57,2,4495.7,0,0,16.47,29.01,52.69,0
75.87,0.0,11.4,740.82,24.83,28.04,763.93,20.98,21.26,1580.62,2,2088.57,0,11968.48,0,0,5.14,37.78,32.75,0
1415.18,12.96,37.84,985.56,25.97,31.83,579.92,17.88,8.45,2980.66,3,3057.28,1,8980.66,2,1,78.38,35.7,23.37,0
369.71,2.21,19.81,866.96,22.27,28.04,736.87,23.78,12.48,1973.54,3,1555.4,0,12000.62,0,0,23.79,35.93,29.4,0
1069.15,9.05,19.38,719.78,11.9,18.68,836.46,23.2,22.67,2625.39,2,5361.56,2,1134.53,0,0,54.63,16.82,35.32,0
383.81,1.67,9.65,1027.75,42.38,36.66,774.43,27.69,23.96,2185.99,2,5029.81,3,6682.1,0,0,14.92,45.38,33.61,0
589.31,4.67,12.64,454.92,7.86,18.76,514.8,21.35,11.76,1559.04,2,4343.18,2,10802.99,0,0,27.77,20.06,22.29,0
302.6,0.7,6.19,735.95,10.49,11.66,1285.93,37.31,30.53,2324.48,1,5171.15,2,10702.4,1,0,11.11,31.55,54.2,1
1435.94,11.7,34.41,511.26,15.67,26.47,813.14,22.98,25.09,2760.34,1,4352.69,1,10426.35,2,1,71.95,21.64,40.89,2
369.68,4.62,13.96,932.07,23.58,27.45,151.66,4.78,2.15,1453.41,2,3584.7,2,13381.84,0,0,21.99,35.53,2.69,0
241.69,0.92,3.28,805.28,26.85,24.26,1134.81,36.42,25.85,2181.77,2,4915.49,2,4268.42,0,0,8.7,39.51,41.71,0
1217.22,9.44,34.51,1146.99,20.37,29.36,1320.56,36.37,42.18,3684.77,0,6096.99,2,2380.89,0,0,62.08,35.04,54.53,0
476.38,4.2,7.99,721.46,18.59,8.91,394.08,14.03,2.68,1591.92,1,1932.21,0,3213.14,0,0,24.11,24.39,10.46,0
1063.1,10.42,26.36,659.68,19.23,32.15,1935.71,51.97,43.05,3658.49,2,7097.49,3,6096.0,0,0,64.06,19.33,77.63,0
783.57,5.88,20.54,213.41,0.0,20.63,1718.51,49.24,41.0,2715.49,0,3734.15,1,2642.59,0,0,43.64,2.11,71.18,0
693.92,6.7,14.33,963.76,32.85,27.94,1177.46,41.42,31.49,2835.13,2,3138.07,1,13254.9,0,0,36.37,41.38,52.07,0
935.22,8.14,23.05,590.76,15.69,22.86,326.16,8.05,5.06,1852.14,1,2851.66,0,6154.59,0,0,46.85,20.83,12.99,2
443.19,4.23,10.16,1177.34,38.34,33.57,583.29,9.85,11.19,2203.82,3,5028.74,2,14570.34,0,0,20.03,52.4,21.91,0
640.86,4.05,15.38,974.89,31.4,34.86,425.86,17.38,8.2,2041.62,3,3564.6,1,12323.69,0,0,22.61,43.88,20.87,0
783.02,7.09,18.4,722.11,15.42,20.57,791.23,9.22,8.51,2296.35,1,3793.54,1,8288.48,0,0,34.86,24.6,20.39,0
971.2,6.44,14.85,690.12,14.02,18.43,427.29,14.44,3.29,2088.62,2,2861.7,0,7251.44,0,0,49.61,16.22,15.31,2
684.81,6.51,11.92,645.66,14.08,15.29,1145.78,31.95,26.65,2476.25,1,1864.4,0,4196.4,0,0,33.06,23.31,41.18,0
274.97,0.52,9.36,1532.09,50.68,38.08,866.88,31.17,19.37,2673.94,1,4387.25,2,12914.46,0,0,5.18,66.8,36.06,0
881.66,5.76,19.76,1036.06,38.93,40.73,650.52,14.06,18.22,2568.24,3,2801.66,1,5719.31,0,0,38.72,49.11,25.16,0
587.56,3.7,11.27,715.27,17.73,23.62,1655.0,46.46,45.1,2957.83,2,3865.69,1,7481.57,0,0,26.71,26.47,71.34,0
817.36,5.73,14.63,480.27,6.32,15.18,1077.65,27.33,31.01,2375.27,2,4864.71,2,2495.0,0,0,33.26,15.1,39.09,0
537.13,5.34,15.02,709.55,24.1,32.08,1165.75,24.63,22.09,2412.43,1,4823.49,2,1072.44,0,0,29.39,34.54,37.6,0
593.57,4.21,8.96,665.97,23.22,16.73,592.67,14.16,18.72,1852.21,2,2360.68,1,5843.47,0,0,28.66,26.78,29.49,0
931.87,5.54,23.45,1248.27,32.76,31.87,507.51,12.91,7.91,2687.66,2,4479.04,2,5394.11,0,0,33.25,49.65,20.08,0
1088.15,10.67,20.56,165.27,7.73,16.07,564.77,13.94,11.06,1818.18,3,4060.84,1,14463.63,0,0,52.85,10.29,19.65,0
314.45,1.65,9.87,805.65,24.07,28.14,689.92,26.68,22.77,1810.03,1,1817.0,0,4083.94,1,0,13.65,35.73,35.2,1
552.74,3.81,19.04,1455.03,45.81,52.27,1008.85,32.06,21.5,3016.62,1,5146.88,2,4351.62,0,1,25.8,67.65,44.62,3
317.0,3.11,8.78,792.01,29.63,12.65,810.73,20.75,20.63,1919.74,3,3700.09,1,7769.8,1,0,12.37,32.9,30.84,1
683.05,2.91,15.09,455.92,11.27,9.11,137.72,9.39,3.31,1276.69,2,4480.12,2,2624.2,0,0,26.08,10.85,4.41,0
741.94,5.51,13.75,823.96,17.3,29.25,790.95,20.85,18.76,2356.85,0,3733.47,1,14122.13,0,0,33.2,29.22,31.75,0
334.52,0.39,8.43,732.75,10.15,13.17,309.81,2.89,5.19,1377.09,2,2993.92,1,14284.6,1,0,14.49,26.11,7.72,1
625.13,4.93,15.43,728.04,16.8,11.62,762.69,22.25,18.92,2115.87,1,2789.79,1,2267.16,0,0,37.73,21.34,32.95,0
710.75,5.17,22.23,751.53,17.72,24.6,584.46,21.06,17.12,2046.74,2,2338.12,0,8159.73,0,0,38.27,30.15,26.83,0
388.05,1.99,8.89,560.86,24.9,28.54,940.46,28.31,29.79,1889.37,3,2327.33,0,4366.35,0,0,16.85,34.15,43.14,0
586.73,3.6,12.83,1314.58,37.27,39.28,188.38,12.39,14.4,2089.69,2,6259.75,3,10103.47,0,0,28.73,54.56,14.66,0
265.78,1.03,4.32,825.51,34.5,31.25,906.01,26.42,18.67,1997.29,2,4223.14,2,10862.86,1,0,5.45,42.0,34.64,1
350.24,3.69,11.76,1100.58,32.73,38.55,198.48,1.38,4.61,1649.3,1,3537.89,1,2195.57,1,0,16.04,47.71,5.67,1
564.26,5.34,14.86,866.27,31.25,35.54,762.91,15.65,11.26,2193.44,2,3935.58,1,10257.24,0,0,23.18,43.42,25.08,0
346.39,2.59,6.48,294.09,16.94,17.09,1319.08,44.57,41.45,1959.56,1,3050.31,1,10187.71,0,0,21.34,11.71,52.94,0
174.7,1.8,7.86,825.85,28.34,15.45,1023.07,29.93,28.49,2023.62,2,3745.17,1,5242.59,0,0,7.59,33.75,42.06,0
354.63,2.91,10.16,881.87,21.58,24.86,979.86,16.79,19.65,2216.35,1,5458.48,3,8287.67,0,0,12.17,40.99,38.82,0
711.1,4.24,18.27,921.13,31.78,29.58,724.88,22.76,28.0,2357.11,3,1660.44,0,2322.34,0,0,25.87,47.02,36.73,0
1091.18,9.66,21.21,1459.86,45.24,50.48,617.36,18.04,6.94,3168.4,2,5200.77,2,6898.02,0,1,56.81,67.74,22.34,3
1009.09,8.04,18.41,840.84,20.31,28.97,1271.54,38.06,29.36,3121.47,1,3104.57,0,5151.45,0,0,47.93,25.71,54.65,2
755.01,5.42,17.97,635.85,15.46,24.84,1379.14,43.3,34.7,2770.0,3,4885.52,2,7839.43,0,0,31.56,25.32,61.86,0
924.93,6.24,19.76,867.82,18.42,28.7,229.73,8.64,4.06,2022.47,2,3739.96,2,2828.28,0,0,42.7,35.14,8.28,0
1192.08,7.76,29.6,637.23,16.28,30.26,1098.02,26.76,28.1,2927.33,2,4261.49,1,4455.42,0,0,58.46,22.65,42.8,2
255.13,1.53,12.26,282.17,15.38,6.83,900.6,28.21,20.1,1437.91,1,3978.92,2,8491.4,0,0,11.3,16.51,39.43,0
1315.19,9.29,27.49,572.82,11.44,31.87,1601.4,48.13,40.04,3489.42,3,3955.52,1,14825.56,0,0,61.87,17.2,69.8,0
803.64,7.15,20.92,808.84,15.81,26.59,635.37,16.44,12.69,2247.85,2,3399.64,1,6825.37,0,0,46.06,23.85,22.19,2
913.06,9.08,22.7,300.76,4.99,21.26,286.22,5.6,8.66,1500.04,3,2570.84,1,5287.95,0,0,51.91,7.64,10.08,0
445.23,3.07,9.11,1334.28,46.55,43.26,976.37,26.33,22.31,2755.88,1,2712.72,0,2769.14,0,0,11.99,70.86,39.48,2
525.97,3.83,13.29,808.75,19.79,19.2,814.69,25.23,21.11,2149.42,2,3309.19,1,10052.32,0,0,23.17,29.59,33.42,0
914.85,7.35,27.42,766.92,17.46,32.21,799.59,15.35,17.99,2481.36,1,3915.64,1,9020.61,0,0,51.88,26.64,27.23,2
532.25,4.73,9.91,966.03,29.8,30.4,464.75,9.02,11.67,1963.03,0,1952.77,0,8734.53,0,0,31.5,39.13,16.26,0
509.03,4.25,14.38,318.94,8.96,7.5,840.66,35.47,14.49,1668.63,0,2019.64,1,626.22,0,0,30.39,6.0,41.57,0
1291.26,9.42,26.0,1439.62,50.9,53.11,956.0,27.11,22.55,3686.88,2,6622.04,3,10905.13,0,1,58.25,68.47,35.74,3
556.36,3.92,12.58,985.79,27.92,29.49,533.36,19.67,6.81,2075.5,3,2918.55,1,8401.56,0,0,26.83,42.33,23.1,0
738.6,6.94,17.75,865.07,15.43,28.65,1566.62,48.82,41.6,3170.28,0,6733.24,3,889.01,0,0,38.89,32.71,69.46,0
1300.25,9.01,24.87,1140.19,30.33,44.02,594.01,17.31,13.58,3034.45,1,2931.62,0,8204.56,0,0,60.55,44.64,23.89,2
1260.77,12.06,31.48,913.25,25.48,32.72,1756.44,42.74,42.03,3930.45,2,6550.92,2,10278.62,0,0,64.48,32.74,65.73,3
351.86,1.47,9.53,932.58,28.29,15.85,1298.68,37.86,23.85,2583.11,2,2505.69,0,1935.46,0,0,16.56,34.86,52.56,0
627.41,4.36,11.83,826.98,21.31,20.95,645.03,12.62,5.44,2099.42,0,2858.53,1,14126.76,0,0,25.7,31.8,16.5,0
961.09,6.12,23.54,452.26,4.0,13.49,300.43,9.88,3.85,1713.78,1,3156.41,1,12642.82,0,0,46.29,9.03,9.29,2
1350.58,11.71,27.17,776.61,13.33,28.59,663.48,14.85,12.08,2790.67,2,4243.56,1,438.59,0,0,67.92,25.93,22.73,2
350.44,2.63,10.17,651.66,30.87,18.91,1245.52,31.0,27.68,2247.62,0,4560.88,2,2745.95,0,0,16.23,39.45,44.38,0
845.17,7.6,17.95,1185.51,29.19,37.7,1042.27,38.35,18.98,3072.95,2,4541.23,1,10011.05,0,0,46.49,50.43,39.56,2
518.15,3.9,13.87,1171.61,39.17,35.95,408.1,8.96,8.46,2097.87,2,1986.08,0,2838.88,0,0,28.83,50.88,12.58,2
1155.39,10.35,25.65,594.09,10.47,19.93,1105.51,33.35,30.9,2854.99,1,5177.62,2,11724.04,0,0,59.29,18.28,52.38,0
404.53,3.39,7.5,731.09,16.84,21.9,1314.5,44.31,41.82,2450.12,2,3672.12,1,4692.16,0,0,18.0,30.73,60.27,0
1198.56,9.16,25.7,338.93,7.94,19.18,1308.93,38.46,28.11,2846.41,1,4752.55,2,12908.41,0,0,60.0,3.38,54.05,0
909.03,7.66,23.32,1153.14,24.58,32.72,719.16,13.29,17.9,2781.33,1,3689.39,1,1209.0,0,0,47.95,42.22,24.0,2
639.17,3.35,7.91,1124.07,31.48,29.99,1114.29,34.7,27.37,2877.52,2,6473.02,3,6227.73,0,0,25.37,53.18,47.17,0
121.24,0.53,5.91,118.67,9.47,11.54,653.16,19.83,10.89,893.07,2,1380.87,0,14212.07,0,0,8.18,2.23,22.53,0
859.08,6.14,27.16,888.55,21.3,22.08,735.01,20.54,25.98,2482.64,1,4488.36,1,3325.05,0,0,41.42,27.03,33.16,0
541.35,4.53,14.77,30.0,2.36,5.54,680.8,25.87,16.11,1252.14,3,2375.58,1,8193.01,0,0,29.67,1.06,29.74,0
171.94,0.99,10.58,1296.95,44.16,38.45,860.62,20.42,21.29,2329.51,2,5198.19,2,3723.64,1,0,6.19,61.8,32.84,1
1105.53,9.74,26.29,167.49,1.92,10.71,883.79,21.8,20.62,2156.81,3,4909.13,2,5162.26,0,0,61.07,6.63,35.82,0
529.64,3.57,13.32,1730.61,54.22,54.48,162.59,4.05,2.1,2422.83,0,5249.74,2,1241.96,2,1,26.61,80.33,5.03,3
1056.42,10.05,28.45,707.28,22.69,23.35,1031.13,34.57,29.52,2794.82,2,4817.57,2,404.89,0,0,59.0,22.5,45.2,0
767.29,7.69,23.51,875.18,29.7,35.24,156.71,10.27,8.88,1799.17,2,4158.53,2,2150.66,0,0,42.63,42.95,9.85,0
1250.57,10.45,23.58,475.09,4.42,20.42,1427.28,43.89,33.51,3152.95,3,5129.64,2,4340.94,1,0,60.75,10.09,60.89,1
30.0,0.98,2.63,588.16,25.58,22.62,986.32,28.62,25.69,1604.48,2,2861.14,1,10200.37,0,0,2.63,28.9,47.37,0
771.0,3.68,13.32,757.59,13.57,28.31,1010.31,26.72,12.28,2538.89,2,2802.11,0,9803.59,0,0,35.5,23.66,43.23,0
1464.58,10.9,27.96,1224.48,32.94,40.4,719.02,19.21,16.26,3408.07,2,5654.58,2,7650.76,2,1,73.14,44.38,29.36,0
450.33,1.58,14.47,511.16,21.05,14.51,755.83,18.81,19.84,1717.33,1,4708.79,2,6595.59,0,0,17.33,22.17,23.77,0
715.56,4.25,17.49,740.77,19.75,19.74,796.02,24.24,28.31,2252.35,2,3111.67,1,7187.25,0,0,35.43,29.27,36.87,0
209.47,2.84,12.77,597.87,3.06,14.75,1130.04,35.51,27.05,1937.38,1,1072.71,0,8086.9,0,0,12.05,16.83,45.1,0
1227.95,12.66,26.62,925.02,26.44,33.81,861.1,31.57,26.75,3014.08,2,5281.36,2,10361.35,2,1,70.64,32.73,34.26,3
449.15,4.13,11.0,305.73,15.37,13.27,771.01,21.29,26.07,1525.88,1,2838.82,1,10819.62,0,0,25.75,14.65,35.75,0
637.87,6.17,16.5,368.29,10.72,11.42,661.61,18.19,18.0,1667.77,2,4360.55,2,13275.49,0,0,36.21,15.19,25.7,0
684.29,4.89,17.21,1640.87,51.37,48.56,87.7,6.47,0.0,2412.86,3,4989.98,2,5523.01,0,1,32.35,74.63,5.91,0
814.82,8.47,21.07,931.09,21.19,30.07,535.93,17.33,10.92,2281.84,0,4001.59,2,3042.79,0,0,47.11,30.36,19.99,0
418.33,3.38,13.99,797.55,25.48,29.16,1258.71,38.76,28.54,2474.59,2,2711.1,1,5557.34,0,0,19.72,35.87,54.11,0
712.24,5.17,18.47,276.1,5.99,14.29,1134.66,29.96,21.81,2123.0,2,4576.61,1,7509.97,0,0,34.95,10.54,43.45,0
618.89,5.46,17.41,529.34,19.8,17.5,930.0,22.74,26.16,2078.22,1,4067.14,1,8266.36,0,0,31.29,18.23,41.43,0
189.9,1.02,9.61,979.67,30.73,32.21,1215.65,41.28,39.13,2385.22,2,4166.02,1,12596.67,0,0,7.31,42.75,61.27,0
270.85,0.95,10.01,464.78,11.57,14.27,212.17,8.16,0.0,947.79,3,1866.41,0,2375.78,0,0,4.93,16.42,8.18,0
821.72,6.79,11.26,383.31,15.94,22.2,1929.55,61.95,46.63,3134.58,2,5565.88,2,10811.5,0,0,38.99,18.32,80.79,0
235.06,3.89,6.88,781.14,21.53,17.85,1471.01,38.99,33.01,2487.22,1,2778.8,0,8321.05,0,0,5.49,33.15,62.1,0
555.84,5.92,17.36,688.4,16.81,29.7,698.09,26.21,18.21,1942.34,2,3987.82,2,6963.97,0,0,28.09,25.41,30.25,0
417.41,2.56,17.91,565.48,19.29,24.07,504.58,13.36,5.08,1487.47,0,2956.59,1,13210.08,0,0,15.26,24.69,13.34,0
751.56,5.0,17.29,1889.76,55.78,56.84,738.36,22.28,19.62,3379.69,2,4587.28,1,8286.06,2,1,35.96,79.91,30.74,3
953.02,5.81,15.06,701.87,18.54,20.23,673.08,12.91,18.47,2327.98,1,4308.06,1,12403.77,0,0,47.57,22.2,22.94,2
898.7,8.58,25.8,891.29,25.55,28.75,926.74,32.14,23.03,2716.74,3,3959.81,2,11635.26,0,0,47.22,38.27,37.92,0
844.52,7.52,15.84,1485.38,45.21,47.35,680.7,16.3,17.41,3010.6,2,6321.94,2,4957.83,0,1,41.42,62.21,23.79,0
919.48,5.46,19.43,610.54,24.84,27.04,591.99,15.42,16.83,2122.01,3,4979.28,2,9664.49,0,0,37.27,30.87,19.32,0
1046.53,8.09,24.47,396.71,11.83,15.9,1180.62,27.21,26.68,2623.86,1,5206.42,2,5742.91,0,0,51.01,11.07,43.48,0
894.95,6.2,18.57,821.17,15.84,23.7,978.73,25.02,20.94,2694.86,2,3880.07,1,6171.56,0,0,37.68,33.95,43.95,0
334.39,4.08,6.48,371.75,7.09,10.98,569.36,16.13,6.75,1275.49,1,2587.81,1,13348.16,0,0,22.52,8.4,19.19,0
181.55,2.17,5.77,410.6,4.1,1.03,879.43,30.61,24.44,1471.59,2,2200.81,1,5116.67,0,0,5.32,1.03,41.48,0
1176.36,8.12,20.33,978.4,22.96,28.49,1365.2,40.63,40.5,3519.96,2,4411.41,1,13734.49,0,0,57.26,38.3,55.42,2
1408.45,12.07,31.59,796.11,17.02,25.36,1431.51,43.77,33.94,3636.06,0,6000.8,2,12552.1,2,1,72.08,18.17,68.64,3
547.13,3.96,10.63,1507.74,43.93,45.41,1071.61,28.24,23.22,3126.48,1,5311.97,2,14582.08,0,1,23.66,61.55,35.86,0
484.07,3.46,7.09,1501.99,50.51,51.02,606.95,18.29,14.15,2593.02,2,5182.82,2,2413.77,0,1,24.18,74.62,21.98,3
270.34,1.48,8.95,1647.55,51.69,42.58,512.12,22.66,13.19,2430.01,0,2563.79,0,1528.23,0,0,5.19,71.4,18.16,2
395.67,3.86,9.83,869.48,31.15,35.64,686.9,23.18,20.31,1952.05,2,1438.09,0,619.48,1,0,24.65,39.8,34.61,1
618.68,4.83,16.11,1249.6,29.43,35.83,1289.44,28.11,29.98,3157.72,1,6164.1,3,13989.49,0,0,30.59,54.35,49.92,0
373.88,2.77,8.31,557.84,13.86,10.98,1229.65,30.54,27.53,2161.37,3,2310.98,0,113.63,0,0,15.77,10.54,46.14,0
309.26,2.08,12.95,374.76,0.0,7.21,456.14,10.8,6.34,1140.16,1,563.07,0,221.87,0,0,15.28,10.36,17.68,0
662.0,5.68,18.75,781.63,19.36,27.14,1026.63,31.64,18.17,2470.26,1,5513.82,2,3591.37,0,0,32.21,33.96,44.55,0
442.36,4.3,15.82,663.74,21.9,17.96,751.92,24.94,27.08,1858.02,2,3584.45,1,9327.01,1,0,28.86,23.13,31.8,1
274.63,4.0,10.48,689.79,29.0,30.09,1131.14,25.44,22.68,2095.56,2,4371.56,2,1321.65,0,0,16.57,36.15,39.47,0
1207.39,9.3,23.62,1027.9,22.02,33.07,220.76,8.7,0.0,2456.05,2,2167.79,0,7050.19,0,0,56.99,34.04,6.39,2
130.8,0.0,1.99,1284.11,48.68,39.53,1215.26,35.29,34.61,2630.17,2,3670.45,1,7697.6,0,0,1.74,63.66,50.4,2
1022.7,8.9,22.16,672.1,25.37,29.88,457.98,0.18,5.46,2152.78,1,3381.66,1,9341.39,0,0,54.06,34.29,12.41,2
461.04,3.48,12.32,241.07,6.42,7.45,766.23,29.1,26.18,1468.35,0,1301.25,0,7757.03,0,0,16.81,7.83,41.82,0
713.2,3.38,21.02,1035.3,20.99,36.54,642.15,15.33,17.17,2390.65,2,3845.06,1,14996.23,0,0,29.01,46.48,25.47,2
919.89,7.19,20.23,557.91,7.16,20.3,447.98,12.82,7.76,1925.78,3,3470.57,1,11657.73,0,0,38.62,16.11,17.55,0
513.76,5.47,18.51,1046.72,33.34,37.34,668.44,22.11,17.86,2228.92,1,5831.09,3,3235.39,0,0,32.48,49.73,25.6,0
652.68,4.08,13.66,1000.67,19.24,32.62,207.91,0.0,0.04,1861.25,1,2465.16,0,2214.62,0,0,25.67,40.94,1.69,0
403.66,3.15,14.68,1076.12,38.26,40.31,525.24,10.09,12.92,2005.01,1,5308.39,2,1240.68,0,0,23.14,50.24,15.35,0
634.61,4.99,8.87,1065.75,31.77,35.62,631.03,24.52,19.64,2331.39,2,1671.31,0,3316.55,0,0,29.47,45.72,25.66,2
1020.28,7.22,20.17,1555.84,48.35,39.44,643.38,16.52,18.4,3219.49,2,6008.9,2,176.53,0,0,49.52,61.53,25.81,0
971.98,5.19,21.95,467.11,3.54,14.21,517.83,10.98,0.83,1956.92,2,2758.1,1,2564.16,0,0,42.4,8.0,19.34,0
362.31,1.61,11.92,591.68,6.72,21.31,752.35,26.13,17.47,1706.34,2,1236.44,0,9348.17,0,0,13.6,17.67,26.66,0
1216.01,9.68,25.02,1320.32,35.97,50.49,954.66,25.86,24.59,3491.0,3,3999.13,1,2435.89,0,1,61.87,57.04,34.08,0
190.26,2.07,4.52,447.03,12.35,11.52,905.44,36.11,25.17,1542.73,2,3139.5,1,6370.91,0,0,9.85,15.89,43.45,0
929.15,8.57,23.92,550.71,14.31,22.39,1044.22,26.45,18.72,2524.08,1,4356.49,2,12171.91,0,0,54.68,14.13,41.67,0
778.15,5.9,18.62,1122.01,28.06,31.31,942.04,26.05,22.95,2842.19,2,4929.03,2,13252.78,1,0,42.63,39.94,39.64,1
375.11,1.09,11.37,816.4,30.17,26.72,884.21,14.76,11.61,2075.73,1,3435.59,1,1790.68,1,0,10.14,37.44,26.79,1
1029.43,8.43,25.52,1120.2,36.41,44.74,1365.07,46.13,37.86,3514.71,3,6246.82,3,9916.97,0,0,52.6,52.06,62.97,0
989.58,7.42,24.75,574.8,12.69,23.31,794.91,23.37,20.76,2359.3,1,3343.6,1,4601.23,0,0,43.15,14.52,37.31,0
729.5,6.93,22.08,1362.87,43.31,32.67,570.17,13.59,15.9,2662.53,0,3588.51,1,8029.44,0,0,39.27,52.05,24.52,2
471.91,1.84,10.58,1123.15,36.02,28.06,894.48,24.26,9.46,2489.55,2,3513.54,1,947.26,0,0,18.28,48.33,33.87,2
681.69,5.27,17.48,538.58,13.86,19.34,901.7,25.28,25.51,2121.97,2,3849.43,1,7921.14,0,0,32.68,23.99,34.15,0
512.09,3.54,17.49,660.55,12.24,16.12,964.9,29.3,28.15,2137.54,2,4821.67,2,11159.83,0,0,18.25,15.96,42.26,0
683.46,4.82,15.88,1461.06,45.05,49.18,1219.5,33.17,23.38,3364.02,2,6895.74,3,630.98,0,1,34.52,63.77,46.72,0
289.64,3.39,9.8,419.16,11.81,14.21,1251.73,44.57,33.47,1960.53,3,3138.69,1,13068.45,0,0,12.21,18.92,54.78,0
1355.14,10.07,27.89,1123.38,22.96,27.82,1763.52,54.7,46.7,4242.04,2,6600.0,3,10583.35,0,0,65.43,37.37,72.2,0
505.18,6.08,16.57,594.51,18.01,19.45,127.06,5.42,2.44,1226.74,3,956.48,0,11167.04,0,0,32.91,12.97,8.02,0
528.46,4.64,11.32,612.78,20.88,25.52,811.41,28.56,21.86,1952.66,3,2349.69,0,5740.24,0,0,25.55,31.34,37.18,0
696.17,6.11,23.49,934.42,14.64,30.66,536.53,18.99,5.46,2167.12,1,4745.89,2,7055.49,0,0,41.61,34.29,22.18,0
1253.12,10.46,25.1,818.09,12.24,16.37,733.46,21.98,9.26,2804.66,1,2766.85,0,6248.0,0,0,65.3,21.12,29.52,2
395.89,4.2,17.37,862.34,22.98,32.06,596.76,15.76,10.93,1854.99,2,2005.49,0,10768.55,0,0,19.42,37.22,26.85,0
956.46,6.93,26.02,755.22,17.64,24.47,258.25,0.71,4.65,1969.93,1,3341.67,1,2587.19,0,0,46.02,26.62,11.53,2
743.67,5.71,17.93,873.55,18.93,33.18,838.9,29.69,25.69,2456.12,0,5380.14,3,1353.6,0,0,34.8,35.61,31.99,0
584.84,3.49,15.28,1594.5,42.71,47.56,724.13,17.73,14.87,2903.47,2,2582.48,0,9794.95,1,1,29.32,64.15,25.11,1
60.19,0.8,3.78,204.61,9.25,5.16,345.28,12.5,0.69,610.08,1,2406.54,1,12478.53,0,0,3.17,11.77,15.14,0
804.98,6.06,19.19,773.85,15.99,27.92,713.53,20.59,21.25,2292.36,2,3991.71,1,2990.58,1,0,39.93,30.49,34.44,1
1038.1,8.01,24.84,838.94,19.1,26.25,457.36,10.46,11.29,2334.41,2,3650.61,1,10837.49,0,0,47.43,20.59,16.26,2
1015.95,8.34,22.67,1035.39,30.21,30.12,536.75,9.56,7.64,2588.08,2,3835.81,1,4807.49,0,0,56.35,42.92,18.2,2
813.64,7.85,26.01,527.18,17.1,27.5,1166.91,33.6,32.3,2507.73,3,7039.01,3,4885.5,1,0,47.44,23.45,53.72,1
416.95,4.03,17.49,473.85,9.75,9.88,419.42,6.48,8.89,1310.22,2,862.5,0,2683.03,0,0,26.91,16.21,7.36,0
252.23,0.51,10.42,474.81,9.56,7.22,737.64,24.74,18.63,1464.68,2,1164.78,0,10152.27,1,0,16.39,12.38,33.43,1
146.19,0.66,8.69,455.44,16.3,7.54,1237.99,37.86,30.09,1839.62,2,2997.39,0,8368.85,0,0,3.71,18.9,53.38,0
836.86,8.74,19.17,616.18,16.7,32.28,912.04,27.35,20.21,2365.08,2,2073.56,0,8141.84,0,0,48.29,22.49,38.5,2
726.41,5.14,17.84,777.63,23.6,24.65,1124.17,37.62,32.09,2628.2,2,3309.75,1,1884.47,0,0,37.58,27.24,50.7,0
677.18,4.46,22.54,680.18,9.94,6.46,751.46,4.39,11.08,2108.82,2,1775.6,0,4070.48,1,0,31.13,13.39,21.82,1
209.98,3.73,14.42,856.83,30.04,23.34,176.89,8.9,4.96,1243.7,2,2491.72,0,6260.49,0,0,16.68,38.12,8.19,0
286.53,1.58,8.98,1520.5,44.47,35.3,1020.49,33.13,17.09,2827.53,1,3978.15,1,9455.35,0,0,7.09,61.1,34.4,2
1434.61,10.76,29.33,1274.78,25.15,42.9,736.47,15.63,16.22,3445.86,2,6904.39,3,8591.62,1,0,68.91,47.84,30.75,1
1330.21,10.02,26.19,1152.59,30.97,38.84,728.46,13.63,25.88,3211.26,2,3983.94,1,7730.97,0,0,61.17,49.28,30.38,2
1425.23,10.41,28.78,2108.64,55.07,57.79,582.36,10.96,12.0,4116.23,3,6195.62,2,10509.59,2,1,68.18,83.39,25.33,0
1455.21,12.49,25.67,1376.76,36.86,53.03,515.58,15.33,15.73,3347.54,2,4721.35,1,14078.84,0,1,65.68,57.23,16.25,3
673.72,5.82,18.14,1074.31,32.94,37.95,938.94,15.99,13.31,2686.97,2,4755.68,1,13773.21,0,0,31.96,53.21,29.57,2
472.24,4.28,14.51,1498.98,51.6,43.28,261.77,8.04,12.56,2233.0,2,2830.57,1,8445.18,0,0,18.21,67.25,10.37,2
512.79,4.1,13.05,218.85,10.25,15.16,2015.54,64.21,52.75,2747.18,2,5895.19,2,9483.68,3,0,25.16,6.0,88.9,0
456.67,1.86,12.7,530.21,1.3,17.94,560.26,9.6,10.27,1547.15,3,2144.03,0,4563.61,0,0,17.98,11.24,14.73,0
454.49,3.63,9.89,567.09,17.02,15.62,450.29,13.11,9.15,1471.87,2,2901.82,1,4990.62,0,0,20.19,19.8,21.46,0
678.8,7.51,19.03,246.41,6.16,6.93,891.01,26.68,25.02,1816.22,2,2825.98,1,4590.76,0,0,40.66,5.39,39.96,0
222.37,3.37,7.57,749.37,28.1,19.4,372.76,0.0,5.44,1344.5,3,1255.37,0,6117.39,0,0,14.6,27.43,6.63,0
858.18,4.28,16.64,531.04,12.12,26.92,1315.05,40.88,32.3,2704.27,2,4816.01,2,1562.65,0,0,35.19,17.76,53.77,0
281.98,1.85,9.04,873.2,19.68,20.8,929.71,33.86,19.59,2084.89,1,3712.44,1,6602.45,0,0,10.53,36.95,42.1,0
782.35,3.95,18.26,740.28,22.17,26.81,1862.14,55.23,43.15,3384.78,3,5717.52,2,2021.19,1,0,32.71,40.53,77.73,1
607.13,4.62,14.29,318.97,13.88,15.36,329.94,9.1,5.68,1256.04,0,3296.07,1,12481.33,1,0,31.8,13.44,17.91,1
1153.69,10.65,28.69,1181.5,28.02,39.32,597.37,12.46,10.68,2932.55,0,5125.5,2,8176.24,0,0,63.62,44.88,18.13,0
290.03,2.99,6.35,1085.9,41.66,36.81,132.76,6.81,2.58,1508.68,1,2803.69,1,11262.16,0,0,12.05,55.4,10.89,2
521.99,3.55,13.32,807.45,25.57,27.08,766.39,22.39,16.43,2095.83,0,2840.16,1,3348.41,0,0,21.07,36.68,35.39,0
599.13,2.71,19.56,1477.0,47.17,41.39,871.55,23.77,15.58,2947.69,0,5625.01,2,5300.88,0,0,22.65,62.32,33.82,0
982.48,8.37,21.14,657.05,7.37,19.42,173.14,5.52,2.11,1812.67,3,1720.88,0,1254.14,0,0,49.31,19.37,9.52,0
781.51,5.09,13.62,925.01,22.33,24.59,549.92,19.14,22.61,2256.44,2,3954.7,2,13035.61,0,0,36.07,31.51,20.86,0
830.31,6.54,22.5,755.73,22.66,20.83,725.28,14.77,17.44,2311.32,2,1958.78,0,9573.06,0,0,42.32,27.87,26.3,0
829.35,5.7,18.16,1313.42,44.98,42.29,1364.95,42.04,37.04,3507.73,3,6332.13,3,6085.44,0,0,35.16,60.31,61.31,0
445.59,1.67,11.2,562.72,14.71,11.55,1227.62,33.11,32.39,2235.93,0,3844.72,1,14688.12,1,0,13.77,15.51,52.25,1
360.55,3.56,15.49,987.11,23.21,28.16,541.62,11.49,1.79,1889.28,1,3096.91,1,3023.25,0,0,19.08,42.76,16.72,0
918.05,7.78,18.57,1449.36,46.85,51.31,656.59,17.62,17.57,3023.99,3,5369.51,2,4999.88,0,1,44.86,67.59,23.72,0
693.4,6.98,16.43,2078.4,60.42,58.72,996.16,22.94,23.5,3767.96,2,7630.3,3,7823.26,2,1,38.5,86.47,34.29,3
577.71,4.98,15.04,637.19,22.96,20.11,491.4,18.95,14.89,1706.3,0,1329.89,0,10173.64,0,0,24.02,24.42,22.06,0
155.38,0.84,10.2,999.08,39.45,25.49,660.16,27.97,20.71,1814.63,3,4951.7,2,8338.6,0,0,5.94,40.67,30.44,0
283.77,1.4,10.91,1055.78,37.66,30.67,839.92,6.58,17.17,2179.47,2,2801.2,1,12511.7,0,0,14.86,45.58,28.1,2
659.5,5.7,19.23,1925.02,60.76,53.05,1252.15,39.32,30.05,3836.68,1,4637.16,2,3467.57,2,1,41.26,81.68,51.1,3
468.58,4.07,11.84,1012.53,30.76,24.33,1083.28,32.22,27.99,2564.4,3,6842.62,3,14013.67,0,0,16.77,41.39,46.3,0
1243.83,11.5,29.53,1051.37,28.84,41.81,457.54,13.51,2.37,2752.74,2,1550.51,0,9089.51,0,0,63.8,41.01,19.36,2
1552.18,13.98,28.89,1035.03,31.63,40.25,469.78,8.43,15.81,3056.99,0,7495.8,3,6102.1,2,1,80.67,37.97,13.56,3
644.33,3.96,11.71,348.92,5.16,5.14,1402.28,45.42,30.03,2395.53,1,3716.09,1,9253.94,0,0,27.65,6.23,61.41,0
893.23,9.12,21.73,1242.51,33.64,33.01,790.64,20.07,21.55,2926.38,1,4512.41,1,2410.82,0,0,48.57,50.76,28.31,2
711.25,6.13,20.77,922.89,25.51,33.49,1039.38,29.39,25.89,2673.51,3,5512.72,3,7643.4,0,0,39.15,36.8,37.4,0
995.67,8.02,28.46,389.89,4.84,18.87,675.27,18.35,16.47,2060.83,2,3379.89,1,7192.41,1,0,48.43,10.9,26.13,1
1460.71,12.11,29.71,1557.48,38.05,51.49,402.68,16.43,2.6,3420.87,2,3490.17,0,1148.59,2,1,71.56,64.98,20.38,3
716.49,6.29,17.28,132.69,0.0,10.38,984.09,29.75,23.89,1833.28,1,3712.75,1,9631.65,0,0,33.0,5.73,38.06,0
237.59,0.69,3.58,585.15,16.25,14.89,898.3,21.68,25.8,1721.04,1,2110.76,0,7169.45,0,0,1.63,22.97,31.71,0
867.48,7.7,21.41,1080.69,25.09,33.18,949.51,26.59,20.52,2897.68,1,5147.8,2,13313.92,0,0,41.24,47.55,33.61,0
1176.07,9.39,22.23,623.73,8.22,22.74,937.6,28.41,21.36,2737.41,2,6210.25,3,13351.73,0,0,58.63,18.35,37.78,0
273.76,0.98,7.45,546.68,18.03,14.89,213.39,10.13,7.28,1033.82,1,1230.74,0,4098.63,0,0,7.11,23.09,13.41,0
1286.07,10.63,25.96,1218.96,29.38,37.53,391.11,8.24,10.49,2896.13,1,2758.06,0,10522.13,0,0,68.03,46.25,15.75,2
1295.25,10.77,24.23,869.48,15.27,32.73,755.53,19.39,8.42,2920.26,2,4932.82,2,14726.26,2,1,73.04,28.85,32.51,0
972.92,5.68,30.41,1314.88,32.31,42.63,1145.6,32.41,28.73,3433.4,1,4787.15,1,3408.92,0,0,49.52,52.54,44.1,2
308.46,2.36,10.74,801.54,32.45,21.29,692.57,20.42,11.46,1802.57,0,2698.95,1,3470.54,0,0,9.52,39.54,25.52,0
600.91,5.05,18.89,666.49,21.0,25.19,873.31,20.75,20.43,2140.7,2,3619.6,1,976.51,0,0,32.76,25.27,31.52,0
278.6,3.36,13.78,251.78,1.11,4.97,394.71,14.74,17.37,925.09,1,3515.78,2,10211.86,0,0,17.28,6.35,16.94,0
835.04,7.71,25.09,225.46,5.67,9.52,627.45,13.63,11.8,1687.95,2,663.52,0,11217.82,1,0,45.17,5.3,23.46,1
440.62,2.38,10.42,471.84,16.44,19.52,318.11,14.08,8.23,1230.57,2,3331.97,1,10852.53,0,0,14.1,22.88,20.8,0
1175.29,10.14,28.13,390.32,10.33,20.58,828.55,22.48,21.56,2394.17,3,4060.92,2,13165.36,0,0,58.65,10.06,35.43,0
579.62,5.39,13.41,1056.98,36.07,28.87,851.13,26.33,31.6,2487.73,1,3789.77,1,1628.87,0,0,28.32,44.23,41.34,0
475.22,3.44,13.67,485.38,8.68,20.36,1709.7,42.77,40.53,2670.3,3,4393.48,1,7908.32,0,0,26.26,22.26,65.72,0
508.85,4.84,8.31,775.72,20.71,22.54,982.73,40.63,27.54,2267.31,2,4604.0,2,11113.7,0,0,22.6,27.19,38.45,0
510.43,4.39,13.69,1075.55,35.06,32.95,1612.51,51.59,42.92,3198.48,3,8166.43,3,2830.73,0,0,23.09,49.87,67.27,0
643.7,3.99,13.66,863.79,29.12,29.38,556.71,20.68,20.76,2064.2,2,3257.06,1,7793.55,1,0,29.29,35.34,26.78,1
365.87,0.24,6.26,202.04,0.0,0.0,243.03,3.69,1.97,810.94,2,688.9,0,13902.09,0,0,4.75,2.54,7.54,0
913.83,6.07,22.93,1064.93,30.21,36.66,638.89,10.87,19.17,2617.66,0,4691.77,1,1615.11,1,0,44.13,50.5,21.95,1
402.37,3.86,13.25,885.16,21.93,26.12,911.68,22.83,27.27,2199.21,0,4232.62,2,5280.48,0,0,20.99,30.78,41.31,0
838.07,7.58,24.99,754.56,20.88,26.58,1180.21,35.5,25.49,2772.84,0,2942.06,0,7496.99,0,0,48.27,31.4,51.63,2
951.89,6.15,21.05,1115.41,28.0,28.71,1130.3,33.26,24.56,3197.6,3,5911.29,2,11164.02,0,0,50.93,37.99,42.26,0
957.31,7.68,23.92,562.71,3.53,8.1,634.97,16.55,18.48,2154.99,1,3355.77,1,14511.43,0,0,50.77,14.42,29.64,2
879.66,6.21,17.34,544.85,23.44,28.24,484.6,16.19,12.37,1909.1,1,4522.63,2,2806.2,0,0,40.74,26.66,19.9,0
723.28,6.24,17.94,523.27,13.08,15.51,641.55,20.92,17.0,1888.1,0,1920.52,0,9360.37,0,0,38.49,17.65,28.79,0
1039.62,8.0,24.28,354.73,7.37,11.08,739.13,20.16,17.8,2133.48,3,6115.82,2,7238.54,0,0,57.72,9.49,27.96,0
858.66,6.63,16.26,570.0,6.88,16.04,431.38,19.0,8.22,1860.04,0,4028.11,1,5330.81,0,0,40.87,10.66,11.99,0
755.45,7.64,17.86,575.19,8.12,25.34,1536.1,42.0,32.92,2866.74,2,4451.88,1,2567.1,0,0,40.28,18.17,58.43,0
939.3,7.38,22.54,214.23,3.98,15.42,701.1,19.06,17.24,1854.63,1,4615.71,2,7371.04,1,0,45.18,10.12,25.98,1
1268.36,11.64,26.68,1175.42,33.51,29.15,429.67,4.51,9.0,2873.44,1,6094.57,3,6476.16,0,0,69.78,38.49,9.77,0
1359.06,12.96,28.61,873.98,18.83,27.42,1690.96,47.13,49.77,3923.99,2,6651.45,3,7862.08,2,1,73.16,26.48,71.1,3
180.73,1.23,11.59,454.06,11.16,15.14,858.84,24.4,33.27,1493.64,1,3100.36,1,7884.83,0,0,8.18,15.9,41.16,0
1081.09,8.5,28.08,367.57,8.1,15.63,878.02,19.69,19.96,2326.69,0,3892.28,1,9421.44,0,0,53.79,6.7,35.64,2
313.31,2.45,12.26,275.2,7.57,6.61,317.81,6.1,4.27,906.32,1,100.0,0,14530.12,0,0,13.6,15.32,10.1,0
580.45,4.61,21.76,839.28,19.62,32.16,1607.07,46.95,37.16,3026.8,1,4756.77,2,3234.33,0,0,33.23,25.57,64.11,0
231.39,1.72,14.07,696.29,21.88,18.78,362.77,1.51,2.99,1290.46,0,1621.97,0,4858.61,0,0,14.21,30.38,12.83,0
476.32,2.12,12.93,703.67,13.55,16.33,728.89,20.96,19.1,1908.87,0,5340.17,3,4193.29,0,0,23.42,20.97,30.73,0
112.2,3.12,13.8,253.55,3.58,5.05,927.46,26.19,38.67,1293.2,1,4115.6,2,679.49,0,0,8.08,7.89,41.94,0
971.16,8.88,27.65,700.19,19.98,28.64,1697.29,55.08,41.04,3368.64,2,5437.31,2,5494.5,0,0,51.35,24.76,74.25,0
905.89,6.4,20.44,669.96,24.57,27.18,713.81,18.56,14.79,2289.66,2,4984.98,2,11796.28,0,0,44.74,31.93,28.76,0
1339.33,12.85,32.08,1276.49,33.77,39.12,650.32,19.28,6.97,3266.14,2,5088.2,1,2877.77,2,1,75.22,52.58,22.76,3
1033.96,7.23,20.24,1150.43,29.9,26.42,1446.21,43.39,43.03,3630.6,0,5170.2,2,5253.05,0,0,49.23,40.03,65.35,0
336.4,1.35,7.55,783.87,17.11,17.79,850.76,18.65,15.15,1971.04,1,4547.41,2,10282.55,0,0,8.1,30.87,23.94,0
1181.99,9.08,20.08,1033.57,23.2,34.35,313.07,9.98,5.25,2528.64,1,6023.78,2,13599.33,0,0,56.41,37.09,14.25,0
461.58,2.56,9.62,1097.33,33.49,28.98,476.31,18.27,9.8,2035.23,1,5526.65,3,13207.56,1,0,18.23,45.67,23.37,1
770.52,5.19,20.15,952.81,28.08,32.91,1002.01,31.43,21.19,2725.33,2,3496.62,1,5036.79,0,0,36.49,38.65,39.14,0
324.94,2.97,6.32,1145.79,33.66,40.82,145.28,13.26,7.78,1616.01,1,4625.06,2,1870.33,0,0,12.54,54.26,8.32,0
1315.36,10.79,27.51,457.67,10.75,16.38,969.02,28.37,25.33,2742.05,3,3874.04,1,1082.96,0,0,66.99,13.33,39.84,0
371.67,4.37,13.29,324.41,7.78,11.9,1501.26,46.99,36.92,2197.33,2,2829.32,0,1045.88,0,0,18.89,12.18,67.3,0
443.52,2.42,11.24,1407.97,48.45,39.94,1137.15,36.94,24.33,2988.64,3,5007.1,2,8552.69,0,0,20.31,63.14,44.63,0
1194.5,9.42,29.89,876.76,26.18,30.17,387.88,6.27,11.49,2459.14,0,5168.16,2,13721.85,0,0,61.26,35.01,12.84,0
560.64,3.78,16.94,1013.58,25.93,28.73,364.87,7.01,0.0,1939.1,1,3043.55,1,12996.37,1,0,23.85,43.52,7.3,1
1052.2,10.66,24.52,723.28,16.91,28.9,1765.51,49.61,40.11,3540.99,0,4607.96,1,12083.36,0,0,61.08,23.11,74.23,2
653.86,4.32,14.52,453.63,7.74,15.79,379.23,8.49,8.31,1486.72,2,2833.03,1,10398.86,0,0,30.94,15.45,12.93,0
612.62,4.44,13.84,1004.66,36.16,33.63,445.67,7.78,9.58,2062.95,0,4007.56,1,6941.47,0,0,24.87,51.22,15.24,2
157.43,1.39,5.45,209.11,9.37,15.73,951.84,33.17,28.83,1318.38,1,4007.52,2,4852.39,0,0,6.98,11.16,43.58,0
1008.57,9.47,28.13,1460.1,45.71,46.48,878.46,26.41,26.72,3347.13,2,3713.9,1,8926.94,0,1,52.07,62.5,39.02,2
1197.09,11.65,28.38,459.9,9.9,27.23,566.7,9.6,15.03,2223.68,3,2943.71,1,6486.7,1,0,70.34,19.62,20.67,1
718.51,4.19,20.04,600.26,8.84,16.32,257.05,0.0,0.0,1575.82,3,3108.72,1,9291.4,0,0,35.18,16.11,4.89,0
1184.99,10.07,24.31,1302.38,31.63,34.41,802.53,24.23,23.53,3289.9,2,3899.39,1,3033.01,0,0,68.0,44.92,33.87,2
365.04,2.16,9.08,1602.29,46.97,44.21,559.35,19.91,14.99,2526.68,1,3937.73,1,12246.76,0,0,18.29,69.61,22.3,2
813.16,6.19,16.08,558.77,10.14,16.01,769.06,15.45,19.73,2140.99,1,2921.92,1,7682.82,0,0,40.95,16.89,32.66,0
438.18,4.67,9.18,241.55,3.67,9.58,1335.84,37.36,36.93,2015.57,3,1984.27,0,8969.08,1,0,22.6,11.35,54.92,1
1176.55,9.65,25.03,861.81,21.67,37.64,1300.66,36.08,38.01,3339.02,2,2724.16,0,11976.68,0,0,61.65,28.81,55.01,2
557.42,4.01,14.8,1048.16,24.1,25.38,1419.4,43.89,31.96,3024.98,2,4093.16,1,3775.39,1,0,24.86,38.15,57.61,1
753.93,5.84,22.76,654.32,19.17,25.42,1160.38,32.17,23.53,2568.62,0,3191.39,1,5464.24,0,0,37.61,29.24,51.46,0
1031.48,8.79,22.67,1597.68,39.21,47.19,950.52,27.46,21.81,3579.69,0,6871.9,3,1989.06,0,1,52.23,55.78,39.36,0
1068.4,9.54,27.37,958.3,11.56,28.08,560.48,5.09,4.11,2587.18,3,2805.55,0,6788.39,0,0,63.22,30.84,14.52,0
1285.76,10.69,29.71,1269.88,32.2,42.6,772.62,20.03,12.27,3328.27,3,4142.03,1,9943.73,1,0,67.69,55.14,21.77,1
30.0,0.87,5.05,118.9,10.92,6.31,654.0,14.98,18.49,802.9,2,1296.64,0,6494.95,0,0,6.38,6.54,26.71,0
974.39,8.17,22.94,794.11,15.48,29.02,1316.98,39.5,27.2,3085.47,1,4724.41,2,10771.58,0,0,51.45,31.01,49.79,0
831.01,4.91,23.0,447.04,13.54,17.18,1153.8,30.03,22.23,2431.84,1,5564.93,3,11180.5,0,0,33.54,14.09,42.59,0
805.43,4.71,18.81,1008.32,33.91,26.64,1564.33,40.72,24.24,3378.08,0,5305.58,2,136.44,0,0,36.14,43.38,63.29,0
677.88,7.08,25.11,454.88,19.05,30.8,282.99,14.23,11.88,1415.75,1,1199.41,0,8798.11,0,0,39.56,27.31,16.85,0
274.16,2.02,9.69,801.05,34.73,27.53,1179.74,42.21,36.78,2254.94,1,4840.81,2,14481.29,0,0,13.2,41.08,55.99,0
870.62,8.06,18.79,384.8,9.64,18.49,986.33,36.96,22.24,2241.75,2,4208.5,1,10557.01,0,0,44.71,9.07,43.04,0
476.48,3.55,15.05,744.43,21.65,31.53,1050.96,34.41,23.49,2271.86,2,2159.38,0,7194.77,0,0,19.78,29.81,45.95,0
346.81,2.18,12.66,870.62,25.26,21.97,1706.64,56.98,46.05,2924.06,1,4842.01,1,6791.03,0,0,11.04,33.86,77.63,0
1112.58,8.92,21.05,606.57,19.66,20.11,997.5,30.49,16.39,2716.65,1,4408.41,1,2984.65,0,0,50.12,22.64,38.72,2
929.27,10.31,24.09,734.72,18.93,23.65,1255.01,21.61,34.36,2919.0,1,2557.13,0,13325.32,0,0,51.42,24.77,50.17,2
1114.49,10.08,24.59,1021.37,30.74,34.02,434.5,6.8,1.16,2570.36,2,4901.45,2,14839.86,0,0,56.5,39.05,7.52,0
439.26,5.16,10.59,1230.91,47.08,41.08,608.86,22.47,19.09,2279.02,0,4501.32,1,2831.14,0,0,27.8,58.06,26.34,2
1294.24,10.74,24.0,1461.7,44.66,52.25,569.43,18.25,14.46,3325.38,0,5805.45,2,1745.99,0,1,65.64,56.63,24.75,3
748.14,6.6,16.61,1293.83,36.24,39.15,520.25,11.06,4.14,2562.22,0,3345.26,1,4599.33,0,0,34.93,53.55,18.71,2
1148.21,8.88,29.19,684.74,3.77,23.1,518.86,14.93,11.41,2351.81,3,5218.12,2,4891.86,0,0,59.26,10.26,25.35,0
1152.88,9.54,27.4,1203.61,30.18,41.72,858.34,18.33,7.43,3214.83,0,6625.85,3,11231.9,0,0,56.7,42.84,26.43,0
439.04,4.83,10.57,880.22,39.57,32.15,559.8,15.55,14.2,1879.06,2,4510.71,2,3461.07,0,0,23.77,44.67,22.98,0
411.11,4.64,10.12,555.96,6.49,8.21,542.51,15.48,9.51,1509.58,2,3587.15,1,8450.84,0,0,24.26,16.0,20.93,0
667.17,5.83,15.27,716.92,22.93,31.33,391.47,9.17,6.43,1775.56,0,3300.77,1,4086.91,0,0,36.85,33.98,13.08,0
1391.56,11.76,27.05,537.17,3.17,20.21,245.7,7.95,10.03,2174.43,1,4699.05,2,11545.08,2,1,71.22,5.3,7.75,0
682.05,4.16,12.02,1455.62,43.23,44.6,472.23,7.8,14.81,2609.9,1,4915.98,2,5520.97,0,0,27.62,66.61,18.63,0
691.12,5.43,12.14,777.29,20.16,20.28,1826.17,50.95,39.39,3294.58,2,4612.7,1,5404.02,0,0,37.77,28.11,68.21,0
751.38,7.61,11.79,1151.26,26.72,32.67,1519.36,50.28,38.32,3422.0,3,5014.55,2,619.15,0,0,40.34,41.44,64.58,0
537.7,3.64,6.04,877.35,23.79,27.53,683.07,10.63,11.58,2098.12,1,1721.64,0,1140.98,0,0,24.92,34.28,24.77,0
1507.73,9.89,22.75,965.45,21.11,26.61,919.79,26.22,26.55,3392.97,1,6163.05,2,10915.55,1,0,64.0,31.11,39.96,1
481.28,3.55,17.0,493.41,14.67,12.53,1076.35,32.81,33.51,2051.04,2,3547.76,0,8680.04,0,0,24.28,20.77,42.04,0
916.11,6.19,30.57,791.23,20.23,41.52,593.15,17.59,10.2,2300.49,2,4961.63,2,2405.49,0,0,42.17,34.4,22.73,0
874.71,6.61,26.79,381.32,4.05,9.63,461.13,6.41,10.86,1717.16,1,2613.0,0,14330.61,0,0,44.94,8.69,15.74,0
955.83,6.79,23.62,942.24,22.23,26.98,557.17,15.72,8.08,2455.24,3,3366.84,1,7904.77,0,0,51.06,32.66,19.06,0
688.6,5.11,16.57,985.97,28.11,38.61,646.38,7.4,16.29,2320.95,2,6158.33,3,2682.32,0,0,39.72,40.35,21.28,0
409.12,2.99,10.58,1891.22,55.97,47.99,1431.36,42.46,37.08,3731.71,3,2208.07,0,6070.43,2,1,19.64,79.91,57.79,0
1299.25,10.6,27.81,664.22,14.46,19.03,1129.18,38.53,30.44,3092.65,0,4127.71,1,7633.6,0,0,63.96,17.28,47.34,2
33.92,0.0,11.66,614.49,15.59,21.14,406.96,9.96,2.52,1055.36,1,2987.78,1,2004.5,0,0,1.31,28.55,14.38,0
631.93,4.98,12.61,1320.68,40.07,33.9,645.67,24.44,9.19,2598.28,1,3435.45,1,7499.05,1,0,30.23,58.78,30.31,1
643.7,6.64,17.3,665.27,15.36,21.31,970.57,29.91,26.13,2279.54,1,2183.67,0,1372.02,0,0,35.11,27.25,40.82,0
839.84,6.67,20.72,748.14,13.32,26.42,306.85,3.55,0.08,1894.82,1,2548.09,0,5300.91,0,0,44.07,24.92,9.37,0
381.37,2.96,12.95,887.21,28.91,34.33,1193.46,29.93,26.64,2462.04,1,3162.17,1,9744.12,0,0,23.47,39.3,45.99,0
1087.18,7.26,14.95,536.3,11.15,20.44,294.24,12.79,10.12,1917.72,2,3511.09,1,11633.04,0,0,45.65,15.47,20.05,2
822.76,6.8,18.14,1507.89,38.61,44.8,320.08,5.35,9.57,2650.73,3,4022.32,2,4356.1,0,0,39.9,58.25,9.05,0
918.7,7.24,17.76,1551.1,42.83,48.97,550.27,21.77,17.97,3020.07,2,5905.02,2,8035.9,0,1,48.05,64.57,24.44,0
1100.24,8.91,29.69,1317.6,33.26,48.41,1340.31,43.27,30.33,3758.15,1,6977.18,3,5264.73,0,1,50.94,54.99,53.3,0
868.06,7.44,22.18,631.88,20.01,27.59,805.88,22.02,17.22,2305.83,2,4771.28,2,14976.26,0,0,44.18,22.57,26.5,0
1081.01,9.96,27.1,1217.32,29.36,38.11,1000.12,35.02,26.34,3298.44,2,5810.29,2,11903.92,0,0,53.57,42.73,41.59,0
938.28,5.17,16.6,709.19,10.26,23.19,423.65,7.16,8.64,2071.12,2,2151.24,1,12242.11,0,0,40.74,23.89,8.64,0
544.59,1.95,10.39,866.55,23.48,19.86,472.22,0.0,0.1,1883.36,2,1341.04,0,13633.52,0,0,19.26,33.15,13.43,0
285.28,2.3,16.9,633.68,16.98,17.33,445.3,10.88,5.81,1364.25,2,2801.04,1,9321.2,0,0,16.49,28.61,15.52,0
824.65,5.54,22.53,362.54,8.14,9.64,146.98,3.82,9.49,1334.17,2,2265.62,1,11057.38,1,0,41.31,15.08,9.88,1
498.04,4.07,12.41,607.64,16.44,13.41,191.37,4.69,0.0,1297.05,1,3254.48,2,11952.39,1,0,17.55,17.83,2.86,1
78.97,0.95,10.69,492.27,9.59,5.5,1195.38,37.24,27.32,1766.61,2,2281.08,0,4175.49,0,0,4.75,15.07,54.01,0
1228.23,10.13,33.61,538.06,19.91,21.14,715.57,30.26,24.09,2481.85,3,3275.25,1,14688.29,1,0,64.94,18.95,41.43,1
1347.86,12.72,34.66,702.11,23.67,29.11,1093.03,35.62,28.02,3143.0,1,4178.84,1,6812.55,2,1,71.74,16.66,50.59,3
445.82,3.13,14.48,1542.43,50.34,45.54,444.3,4.78,7.83,2432.55,1,3314.17,1,8459.3,0,1,18.1,64.06,9.98,2
603.89,3.92,17.38,773.81,19.08,22.56,449.05,7.66,14.39,1826.75,1,2949.1,1,9144.3,0,0,25.54,33.3,15.73,0
537.93,2.63,11.13,495.11,18.52,13.53,1394.01,35.63,24.26,2427.05,1,4996.12,2,7744.92,0,0,20.33,18.43,53.69,0
823.22,6.99,19.91,1287.7,29.33,44.18,1234.97,33.17,27.22,3345.89,3,3900.28,1,5990.41,0,0,40.92,45.18,44.89,0
339.44,3.46,13.71,443.07,8.64,6.13,1405.18,46.47,34.47,2187.68,2,3601.77,1,13263.46,0,0,19.04,9.49,58.52,0
480.53,4.36,14.29,443.5,18.67,18.83,529.97,17.59,8.6,1454.0,1,2439.23,1,751.08,0,0,23.83,18.77,22.62,0
869.38,8.41,23.5,1235.08,33.44,48.4,502.87,26.69,4.11,2607.32,2,5028.28,2,3762.83,0,1,48.56,54.18,23.56,0
251.44,3.17,8.97,602.07,18.6,18.96,370.35,11.67,4.17,1223.87,2,1418.31,0,14999.75,0,0,12.56,25.87,13.03,0
758.56,4.87,8.9,760.02,20.07,25.35,1096.94,35.75,23.19,2615.53,1,4204.67,2,3268.87,0,0,34.55,28.01,49.83,0
166.67,3.58,10.95,550.12,10.29,7.25,1229.6,44.42,35.01,1946.39,1,3263.02,1,5482.5,1,0,11.19,19.68,56.95,1
322.44,3.99,10.9,976.01,27.16,31.06,277.74,2.32,4.0,1576.19,3,5164.25,3,11965.81,0,0,15.93,49.17,11.47,0
326.69,2.93,8.79,702.48,26.11,22.6,1004.85,27.39,22.51,2034.02,3,4704.82,2,3765.52,1,0,9.75,33.2,42.8,1
713.34,4.98,22.85,1000.67,30.08,42.84,483.16,15.73,14.09,2197.17,1,4092.25,2,11577.66,0,0,32.14,51.06,18.96,0
628.1,4.87,17.98,1429.77,43.96,40.05,1742.54,49.97,53.02,3800.41,2,5119.01,1,13577.67,0,0,34.02,59.07,75.52,2
68.64,0.62,3.76,245.77,4.85,6.08,953.22,31.84,21.17,1267.63,0,1223.82,0,934.71,0,0,3.37,8.02,37.3,0
742.4,4.99,17.49,431.88,15.67,19.79,221.78,2.8,6.2,1396.06,2,1924.87,0,14187.02,0,0,29.8,14.72,6.81,0
282.01,2.21,8.6,855.55,23.47,30.22,571.21,16.19,14.76,1708.77,0,3991.18,1,7468.73,0,0,9.56,39.99,18.45,0
1299.03,11.28,33.32,460.97,6.45,21.69,510.73,11.55,4.25,2270.72,2,2673.77,1,9051.05,2,1,71.34,9.64,15.88,2
996.94,8.92,21.1,1015.84,34.69,30.35,928.8,31.3,13.78,2941.58,1,4709.85,2,4254.11,0,0,51.12,37.58,33.58,0
911.51,6.34,17.03,878.4,25.28,34.52,494.12,16.19,10.31,2284.02,3,3145.02,1,7620.35,0,0,41.37,40.17,18.9,0
942.32,8.34,21.54,418.69,15.89,18.98,1046.59,36.74,31.35,2407.6,1,4880.65,2,12151.12,0,0,51.88,13.33,49.12,0
491.44,4.89,9.24,746.59,21.28,21.48,1139.54,32.73,26.12,2377.58,3,2489.23,0,12076.03,0,0,26.92,34.88,48.8,0
973.25,7.88,20.71,960.8,35.71,38.96,1017.29,30.31,20.74,2951.34,0,4922.4,2,4695.14,1,0,48.64,50.1,46.55,1
287.46,2.27,15.91,739.73,11.96,18.89,604.43,14.12,17.47,1631.62,3,2268.3,0,10439.46,0,0,17.54,21.95,19.76,0
578.66,4.19,13.56,678.28,17.77,25.64,576.77,22.43,20.04,1833.71,1,2393.34,0,12553.75,0,0,30.7,22.41,28.84,0
313.07,3.23,6.14,81.72,0.0,1.36,756.71,21.49,16.12,1151.5,2,4399.2,2,13927.28,0,0,14.88,2.41,28.76,0
1320.58,13.31,31.67,1090.5,24.26,42.22,316.97,0.78,1.52,2728.05,1,4287.21,1,2224.96,2,1,80.73,37.72,9.4,3
174.61,1.89,7.37,97.98,2.52,2.49,1940.27,55.19,42.65,2212.86,1,4094.25,1,3381.58,0,0,4.89,6.49,80.77,0
337.61,2.77,6.82,1094.98,30.05,30.29,611.16,17.01,9.72,2043.76,2,4213.01,2,10949.18,0,0,11.59,47.01,22.45,0
550.79,2.57,11.34,722.92,18.49,12.7,1772.93,49.85,52.81,3046.63,3,4986.72,2,13667.83,0,0,17.49,18.01,76.71,0
1269.2,10.95,27.95,1216.49,27.05,46.26,878.35,30.19,23.05,3364.05,1,6258.75,3,1289.34,1,1,63.41,43.05,40.8,1
519.57,4.92,15.15,547.24,21.08,26.04,695.21,12.07,12.78,1762.02,3,4555.29,2,3613.55,0,0,28.98,29.42,19.75,0
386.02,2.95,11.39,658.43,31.4,27.56,1171.78,36.95,41.36,2216.23,1,3582.58,1,13553.3,0,0,19.01,34.24,49.41,0
1041.42,9.34,26.09,425.65,13.91,17.28,476.2,12.52,18.87,1943.27,2,3640.39,1,2206.16,0,0,45.14,18.44,19.15,2
1347.36,12.82,29.47,670.78,5.37,28.93,1387.76,41.12,35.7,3405.9,2,3044.82,0,8980.24,0,0,68.39,21.87,58.47,3
693.32,5.23,12.92,373.0,15.86,7.75,1067.14,28.2,30.64,2133.46,2,5295.41,2,427.67,0,0,29.41,11.07,39.28,0
220.36,0.98,10.88,330.21,7.54,0.0,1015.67,32.37,27.8,1566.24,3,1887.06,0,3857.47,0,0,10.35,4.4,43.22,0
276.26,1.52,8.97,534.34,24.91,17.51,571.46,15.07,17.81,1382.06,0,1403.45,0,4151.64,0,0,11.86,28.22,16.65,0
1001.79,7.81,23.25,1075.99,35.1,41.21,535.97,8.8,11.71,2613.75,2,2599.82,0,314.57,1,0,51.52,42.46,19.34,1
1015.55,8.31,24.8,558.17,20.91,26.19,1253.87,34.62,32.63,2827.59,1,5967.28,2,11654.82,1,0,47.88,30.42,49.56,1
419.71,3.63,16.3,727.76,18.56,27.77,1681.48,50.38,45.03,2828.95,2,5149.5,2,10849.19,0,0,20.78,34.92,71.17,0
609.21,4.03,10.94,647.98,26.06,34.81,889.5,35.77,16.67,2146.69,1,2260.83,0,195.01,0,0,26.72,31.6,33.28,0
796.17,8.02,24.12,216.13,1.61,14.83,650.75,18.66,15.93,1663.04,3,3209.11,1,1413.18,0,0,39.79,12.04,21.5,0
819.82,7.1,21.08,1108.36,23.09,41.08,650.25,16.94,9.91,2578.43,2,5231.88,2,11607.51,0,0,46.49,41.15,23.5,0
842.26,8.27,19.65,1321.16,41.6,35.73,986.76,18.53,18.01,3150.18,1,5556.76,2,3435.41,0,0,42.36,59.47,33.51,0
1072.96,8.98,19.56,607.13,17.05,18.76,629.67,16.81,18.29,2309.76,3,3847.24,1,8659.57,0,0,50.26,18.43,25.06,0
407.92,3.43,13.61,283.49,7.69,14.54,790.18,27.76,17.42,1481.58,2,1927.4,0,14190.01,0,0,18.19,14.87,26.44,0
1115.9,8.82,21.39,1319.66,30.99,39.92,96.84,0.0,1.99,2532.41,2,5087.15,2,2938.93,0,0,59.01,47.75,3.14,0
1316.55,11.26,28.44,337.48,16.36,19.98,1104.28,30.14,27.82,2758.31,2,4784.89,1,905.58,0,0,62.37,8.79,44.26,2
786.49,7.58,23.08,1271.96,37.95,32.9,669.08,26.34,17.87,2727.53,2,4711.76,2,8888.68,0,0,37.52,48.91,30.09,0
573.03,5.55,15.79,700.21,16.58,27.62,1173.79,45.95,35.97,2447.04,2,3870.04,1,4800.72,0,0,33.53,21.12,52.96,0
187.07,2.16,10.78,707.59,26.58,25.32,329.18,2.66,12.21,1223.84,1,3753.85,2,9952.58,0,0,7.23,29.51,4.9,0
518.56,3.79,13.36,605.63,17.5,20.28,643.35,13.45,15.07,1767.54,0,5069.93,3,14439.16,0,0,23.17,21.54,15.66,0
1042.78,9.59,19.18,1155.13,31.54,37.34,1623.27,53.24,40.86,3821.19,1,5832.88,2,8566.89,0,0,52.44,51.45,70.43,0
750.52,4.84,17.6,628.39,16.72,25.53,658.79,24.09,20.27,2037.69,2,2823.1,1,10261.41,0,0,34.98,30.77,30.43,0
1013.78,9.21,22.85,841.19,20.2,32.58,1050.87,31.86,23.05,2905.85,3,5282.83,2,3449.78,0,0,52.59,29.71,43.73,0
457.14,1.49,15.35,1455.05,44.29,40.99,448.91,19.47,16.75,2361.11,2,4871.64,2,11294.65,0,0,21.89,64.88,19.82,0
1097.88,8.1,23.68,1051.79,38.18,42.9,921.95,27.18,19.2,3071.62,0,5518.76,2,918.45,0,0,56.49,42.5,31.92,0
557.78,2.83,14.55,511.74,15.46,19.89,1117.0,32.76,29.57,2186.52,0,3365.26,1,13178.96,0,0,23.01,22.74,43.94,0
973.67,8.44,20.27,709.58,26.87,26.96,403.99,15.12,8.31,2087.25,2,3382.62,1,6734.91,0,0,52.69,28.39,11.63,2
877.66,6.43,21.91,919.88,31.75,38.72,592.62,17.11,3.92,2390.16,2,5625.33,3,4384.26,0,0,44.63,43.2,23.37,0
616.35,3.89,15.11,583.75,14.94,12.48,356.12,11.69,9.14,1556.23,2,2709.85,1,9085.41,0,0,28.7,16.61,15.36,0
97.43,0.39,5.79,395.22,1.68,11.0,497.49,8.8,9.33,990.14,1,812.86,0,12540.53,0,0,3.36,19.24,13.72,0
1238.21,9.86,26.89,541.59,22.75,21.63,550.22,5.55,14.55,2330.02,2,2977.68,1,6051.86,0,0,62.29,18.96,21.42,2
842.97,5.61,18.42,842.9,17.54,19.34,227.09,8.7,2.93,1912.96,2,3468.84,2,10018.31,1,0,40.84,29.37,10.94,1
474.74,3.91,16.32,537.11,19.37,10.7,920.24,22.28,13.19,1932.09,3,2593.81,0,13799.16,0,0,31.13,21.32,30.69,0
732.79,5.1,17.05,380.14,2.84,11.5,638.83,4.96,9.07,1751.77,1,3736.62,1,11681.64,0,0,36.12,13.08,13.72,0
340.0,2.1,4.93,386.44,12.9,4.08,173.87,0.0,2.31,900.3,0,357.42,0,14259.0,0,0,8.15,8.94,3.1,0
503.62,4.81,7.02,1202.96,35.66,41.93,395.54,12.7,5.66,2102.12,3,3507.06,1,12731.18,0,0,16.88,59.87,12.27,0
1163.42,10.31,23.52,815.5,19.98,30.48,366.46,0.0,0.44,2345.38,2,3013.4,1,5409.56,0,0,57.16,34.17,4.33,2
1334.66,9.96,26.47,1273.65,40.19,51.38,825.94,24.31,25.84,3434.26,2,5386.92,2,9255.66,0,1,64.06,60.04,34.8,3
320.91,2.58,1.0,986.58,29.14,22.62,745.33,20.75,11.76,2052.82,3,2049.69,0,2733.61,0,0,14.06,43.85,24.67,0
808.89,6.07,18.34,328.42,5.79,15.03,464.95,9.38,9.51,1602.26,1,2706.62,1,13602.99,0,0,37.96,10.17,19.64,0
711.26,5.38,23.63,889.8,20.08,16.95,1933.49,57.51,39.9,3534.55,2,5004.11,1,4976.84,0,0,34.34,26.53,81.61,0
1016.41,7.94,24.24,993.26,24.94,32.91,219.51,8.77,9.39,2229.18,1,4787.94,1,7768.47,0,0,49.05,41.77,10.27,2
674.19,4.19,13.17,896.61,25.36,29.42,1418.64,46.6,37.54,2989.44,3,5835.41,3,7863.62,0,0,24.81,34.36,61.56,0
1028.51,6.32,19.44,795.83,30.25,28.36,894.5,32.09,32.71,2718.84,1,6704.41,3,3968.89,1,0,48.24,33.41,44.1,1
984.34,7.79,18.02,1479.57,36.77,41.29,771.28,21.99,13.69,3235.19,2,5748.67,2,14085.33,0,0,51.76,58.63,28.73,0
836.78,5.57,19.92,1457.36,39.37,46.12,873.44,21.75,14.08,3167.58,2,5413.92,2,12331.31,0,1,35.02,56.85,33.79,0
1015.73,10.05,24.09,655.25,20.37,28.31,325.53,12.46,5.99,1996.51,0,4088.91,2,5616.73,0,0,50.88,24.25,15.34,0
462.77,3.45,7.72,486.17,6.37,20.83,1372.08,36.99,32.56,2321.02,2,1374.41,0,4264.44,0,0,18.37,18.9,48.3,0
1026.61,9.46,26.66,1030.92,23.57,30.4,1087.93,25.97,31.42,3145.46,2,5639.8,2,7147.92,0,0,53.64,41.08,45.01,0
338.76,1.69,11.4,763.25,24.3,14.06,602.96,18.62,14.82,1704.98,2,4334.45,2,14413.53,0,0,11.1,31.65,23.96,0
1070.93,9.68,21.63,499.71,4.62,21.83,1031.81,44.11,28.61,2602.44,1,6231.31,3,11825.24,0,0,53.28,8.55,47.25,0
1123.52,8.7,22.65,995.98,29.91,30.29,821.74,18.66,24.22,2941.24,2,3218.3,0,5691.7,1,0,52.94,41.47,29.71,1
763.37,7.09,19.82,882.98,22.22,25.63,686.19,22.5,21.08,2332.54,2,5010.85,2,1792.6,1,0,40.2,29.37,31.18,1
684.61,4.84,16.94,595.84,7.92,17.93,1027.24,24.36,23.47,2307.68,2,3538.32,1,1381.34,0,0,29.36,20.87,39.13,0
283.23,3.98,9.46,1755.28,58.11,45.62,720.83,27.83,16.75,2759.34,1,5474.01,2,10236.31,0,1,22.13,73.06,32.65,0
870.27,7.08,23.03,1391.23,39.74,38.84,940.01,27.68,24.66,3201.51,3,6708.38,3,3981.16,0,0,46.64,57.37,36.66,0
109.01,2.68,7.83,1049.86,38.14,32.99,981.26,28.69,20.02,2140.13,2,3448.06,1,10471.54,0,0,7.59,54.88,41.39,2
480.76,2.94,15.6,1020.68,27.83,32.37,1721.58,52.65,37.5,3223.02,2,3737.29,0,3878.82,1,0,20.76,40.85,70.6,1
962.55,6.4,22.95,663.93,18.27,20.42,834.0,31.61,23.09,2460.47,2,3701.44,1,11739.46,0,0,44.76,22.94,39.73,0
473.83,3.64,12.85,604.05,20.4,14.36,1207.82,29.45,35.35,2285.69,2,2742.18,1,714.53,1,0,21.92,24.83,48.73,1
659.13,5.68,16.9,557.14,0.8,16.29,56.84,3.9,0.0,1273.12,1,1973.88,0,11494.98,0,0,26.15,17.84,2.95,0
681.64,5.35,13.37,344.74,11.68,6.56,480.73,15.92,16.89,1507.11,2,3351.74,1,4031.04,0,0,36.87,12.1,20.7,0
560.29,5.12,15.4,1494.69,41.99,48.13,772.05,19.9,19.66,2827.02,2,2708.28,0,5138.37,0,1,32.91,67.25,28.37,2
339.76,2.0,6.01,1409.64,45.4,45.42,1117.7,32.59,23.37,2867.1,2,3391.94,0,2169.4,0,1,11.22,67.9,46.5,2
663.82,3.3,12.87,808.43,16.29,21.27,640.71,19.58,15.2,2112.97,2,3133.61,1,2629.76,1,0,27.23,29.43,23.34,1
768.52,4.94,16.52,1366.77,40.32,47.27,576.1,7.41,8.32,2711.39,1,3869.74,1,7256.53,0,1,37.78,60.79,18.68,2
1159.54,9.2,19.37,677.69,13.88,23.19,1163.03,31.65,25.94,3000.26,2,7147.53,3,10840.52,0,0,51.88,21.89,48.02,0
1297.29,10.52,30.74,429.17,4.21,16.4,754.49,22.06,23.23,2480.95,0,5927.22,3,7193.4,0,0,65.37,7.33,30.83,0
886.67,6.04,22.32,1444.07,35.18,40.35,743.05,21.86,20.04,3073.79,2,5156.07,2,9896.43,0,0,43.05,59.78,34.23,0
113.59,0.35,4.5,610.08,20.2,21.86,654.48,10.65,8.71,1378.15,2,1651.8,0,4506.67,0,0,3.78,28.82,15.68,0
1334.6,11.63,24.48,1020.26,22.95,31.29,984.14,25.38,22.84,3339.01,3,5996.87,2,225.4,2,1,75.49,30.17,38.15,0
850.79,7.05,18.89,679.79,12.71,18.98,368.65,13.09,12.79,1899.23,2,3824.02,2,1830.83,0,0,44.01,18.7,12.66,0
683.46,4.4,14.13,1320.78,32.1,37.5,1759.73,54.17,45.41,3763.96,2,5265.63,1,8280.17,0,0,26.5,49.17,77.35,2
617.39,2.92,19.22,1248.0,37.55,37.86,247.9,11.31,6.87,2113.29,1,6325.38,3,5530.87,0,0,29.01,59.06,6.23,0
797.94,7.73,17.88,1000.9,16.77,28.92,949.67,27.4,26.62,2748.51,1,4578.76,1,7350.07,0,0,41.62,39.39,39.1,0
301.65,2.67,13.65,491.38,20.55,19.25,1287.47,40.82,24.59,2080.5,0,2508.75,1,9683.23,0,0,16.34,26.55,52.03,0
389.49,1.86,8.67,590.5,21.63,14.2,1252.98,41.09,37.73,2232.97,1,4063.22,1,3800.65,0,0,14.8,29.42,55.47,0
560.12,5.78,17.79,745.57,16.02,23.01,1037.71,30.59,26.2,2343.4,0,4840.06,2,7219.43,0,0,31.67,25.3,35.44,0
1463.91,11.22,33.78,1458.64,34.36,50.16,631.72,13.79,15.54,3554.26,1,6806.1,3,8810.57,2,1,75.3,58.72,21.49,3
856.72,6.98,22.56,974.56,29.47,28.33,1373.04,47.47,38.04,3204.32,1,2899.48,0,4039.88,0,0,45.2,43.28,66.53,2
327.51,1.41,7.35,659.71,14.03,8.37,552.57,8.6,8.5,1539.79,2,3999.82,2,11817.31,0,0,14.91,23.36,19.72,0
164.08,0.89,4.55,448.35,17.21,8.34,305.16,0.0,3.34,917.6,1,1509.29,0,11440.56,0,0,1.82,16.96,6.12,0
259.08,3.22,11.72,115.36,12.95,8.48,597.04,23.79,10.38,971.47,2,2547.7,1,1968.72,0,0,14.17,12.11,29.05,0
770.67,6.44,13.68,541.84,5.41,20.06,575.87,9.04,11.94,1888.38,2,4458.91,2,674.36,0,0,38.34,12.32,17.08,0
391.83,3.71,15.81,306.8,8.47,17.99,1068.24,33.15,19.95,1766.88,3,1934.38,1,2391.29,0,0,24.11,7.92,41.6,0
1025.79,7.47,19.93,698.71,13.88,22.95,581.58,19.66,18.41,2306.08,0,4443.58,2,9917.17,0,0,53.05,26.21,28.29,0
422.19,2.32,6.83,756.35,32.03,23.06,362.55,12.86,6.31,1541.08,0,3033.1,1,4118.08,0,0,16.8,38.52,13.17,0
687.32,5.02,13.98,1244.86,37.06,42.9,815.66,29.97,24.5,2747.84,1,2711.34,1,7314.6,0,0,30.22,51.9,38.18,2
1254.68,9.18,24.02,1536.26,54.99,53.56,692.59,6.78,12.24,3483.52,1,7267.34,3,12110.18,0,1,60.22,66.69,23.59,3
430.21,2.28,11.33,355.88,5.97,25.03,478.12,14.44,13.03,1264.21,1,1340.84,0,6451.31,0,0,16.53,12.56,22.27,0
444.46,2.63,13.52,1125.99,39.44,33.09,543.8,13.24,12.07,2114.25,3,4368.91,2,7541.71,0,0,22.06,49.22,24.88,0
445.36,3.94,15.13,722.78,23.89,25.07,580.0,2.83,14.18,1748.14,3,4289.51,2,982.96,0,0,28.34,25.76,21.9,0
802.32,4.54,14.56,860.33,21.03,36.21,406.43,0.78,6.67,2069.08,3,2767.97,1,13066.45,0,0,35.73,32.72,4.97,0
607.2,5.28,19.69,738.38,9.28,14.07,1165.01,23.75,30.82,2510.58,3,1898.75,0,471.37,0,0,31.62,21.11,43.31,0
95.84,1.21,7.75,796.59,33.88,24.08,101.56,3.38,1.55,994.0,3,1661.05,0,6011.24,0,0,7.31,44.12,5.02,0
509.89,2.57,13.24,318.01,5.08,12.55,652.01,18.75,8.03,1479.91,1,2012.67,0,9879.41,0,0,15.56,12.93,31.11,0
531.97,3.77,7.0,1189.98,31.33,32.96,734.14,24.41,17.17,2456.09,0,4589.85,2,4445.59,0,0,25.38,46.78,31.97,0
556.98,3.42,15.12,709.77,9.35,16.31,178.84,7.64,9.03,1445.58,1,2065.65,0,8905.88,0,0,24.33,18.03,10.41,0
1099.52,8.66,22.75,822.9,24.04,22.15,374.0,10.18,9.68,2296.42,2,5232.64,2,4713.75,0,0,55.63,23.47,9.33,0
1249.99,10.07,30.05,589.57,9.77,21.1,982.26,29.73,30.15,2821.81,2,1761.42,0,10840.48,0,0,65.06,13.69,37.56,2
1070.75,9.2,30.23,681.56,13.75,20.5,1264.94,37.84,26.89,3017.26,3,5713.48,2,7038.9,0,0,56.76,17.68,49.25,0
296.48,3.81,6.61,1716.15,53.11,50.61,679.38,19.83,22.16,2692.01,1,3833.09,1,8768.05,2,1,14.62,75.89,26.57,3
1386.37,9.88,29.51,726.18,15.32,32.06,1302.05,36.81,31.48,3414.6,1,4949.45,1,9885.6,0,0,62.69,26.29,54.55,2
628.25,5.44,16.13,1855.47,58.84,49.78,489.81,14.15,15.61,2973.53,2,5782.18,2,8470.7,2,1,36.94,80.68,23.02,0
508.82,3.92,8.4,488.78,19.02,23.36,1202.97,31.79,31.3,2200.57,1,4698.41,2,11443.91,0,0,25.75,21.91,49.34,0
549.36,4.41,18.29,336.48,3.18,11.0,645.48,12.86,16.74,1531.32,2,1923.68,0,6985.08,0,0,30.03,8.13,19.5,0
926.16,6.76,26.11,691.58,19.11,28.82,431.96,15.77,4.05,2049.7,2,2439.36,0,10410.41,0,0,44.71,26.8,17.5,0
1129.59,9.16,32.39,883.82,24.68,28.9,1409.8,44.57,29.46,3423.21,3,7469.72,3,9904.51,0,0,60.15,29.28,58.14,0
891.25,8.11,22.45,1338.86,36.58,49.2,626.33,10.74,14.9,2856.43,3,4180.7,1,13361.95,0,1,47.29,58.99,24.07,0
190.49,1.06,1.82,1325.67,42.67,41.31,553.05,17.21,9.78,2069.22,3,1936.3,0,2684.45,0,0,3.29,61.91,23.47,0
1407.07,11.14,27.17,506.16,15.22,24.91,1879.86,55.58,47.76,3793.08,3,4507.51,1,11159.06,0,0,65.13,17.06,79.02,0
131.64,1.94,6.97,371.15,7.05,11.04,1085.58,21.69,25.81,1588.37,1,2733.69,1,7713.66,0,0,6.56,15.91,36.99,0
702.69,6.35,22.81,1009.98,24.97,31.35,1089.23,30.46,29.23,2801.9,0,3923.92,1,530.37,0,0,41.49,34.96,39.17,0
993.02,6.82,22.58,630.06,18.65,35.64,58.88,9.39,0.0,1681.96,2,4456.6,1,14283.85,0,0,50.45,29.72,2.41,2
1014.71,9.29,15.64,463.41,5.65,21.34,573.26,13.26,8.52,2051.38,2,4764.61,2,8399.6,0,0,48.21,12.13,21.43,0
254.19,0.0,10.61,1003.57,23.84,27.59,666.12,15.86,15.69,1923.88,2,5585.56,2,1978.91,0,0,10.63,38.06,22.86,0
1105.74,8.39,24.18,840.62,12.79,24.2,482.84,14.34,13.79,2429.21,1,3037.18,0,10416.47,0,0,54.17,25.94,17.48,2
711.31,4.86,20.84,642.34,6.89,18.56,505.07,27.21,12.17,1858.71,3,2986.66,1,8034.61,0,0,37.51,22.56,24.71,0
715.45,4.27,14.38,1586.49,44.02,42.99,376.87,15.12,6.6,2678.81,0,2777.37,0,1245.93,0,0,24.67,68.37,16.48,2
463.21,2.2,13.56,688.95,23.92,17.88,1480.6,39.62,39.36,2632.76,1,5019.49,2,6228.97,0,0,18.56,31.84,60.36,0
797.78,7.63,19.75,1759.36,48.21,56.48,1401.78,32.55,34.74,3958.92,2,3682.03,0,7507.97,0,1,42.03,74.49,50.86,3
853.09,7.59,22.05,942.79,19.56,28.13,1004.36,31.16,26.77,2800.25,3,5333.34,2,14332.98,0,0,46.29,30.54,44.5,0
312.98,3.09,6.35,656.68,12.95,19.59,1165.02,36.93,34.17,2134.68,3,6416.47,2,9665.74,0,0,11.74,26.39,53.19,0
867.24,6.6,20.32,522.12,8.58,8.55,821.06,22.75,13.63,2210.42,2,5094.7,2,9601.22,0,0,40.74,11.47,28.1,0
907.59,9.21,22.57,509.45,20.44,18.9,488.2,11.93,8.04,1905.25,2,1886.96,0,13632.93,0,0,51.79,19.28,17.03,2
253.14,0.66,9.82,425.68,17.75,14.69,768.04,23.68,18.79,1446.86,1,2740.05,1,408.75,0,0,9.57,22.14,32.59,0
1019.69,8.61,18.57,1392.9,37.39,38.0,1187.68,32.52,28.06,3600.27,2,6977.19,3,5982.94,0,0,48.9,54.9,50.77,0
1089.32,8.63,28.3,718.36,9.94,13.37,1199.56,35.18,24.1,3007.24,3,4038.03,1,7063.96,0,0,54.59,11.87,51.08,0
567.56,4.08,14.25,1428.56,49.39,39.31,1470.12,43.49,33.33,3466.24,2,4263.22,1,9544.17,0,0,24.31,63.83,59.32,2
1469.65,12.03,32.08,563.7,10.77,21.95,1263.94,45.34,32.88,3297.29,2,3671.98,0,13903.45,1,0,70.58,9.67,52.33,1
777.14,8.72,23.41,831.91,35.93,27.34,508.45,18.03,13.9,2117.5,2,3178.91,1,568.06,0,0,52.55,44.9,25.98,2
456.32,2.56,13.79,539.71,13.17,13.77,449.48,12.95,13.55,1445.51,1,718.51,0,750.81,0,0,19.94,17.44,16.92,0
208.01,2.42,4.41,986.71,39.09,36.99,1282.13,30.11,26.0,2476.85,2,4571.44,2,5767.42,0,0,17.56,45.66,45.84,0
343.77,1.53,9.88,906.91,19.3,24.98,395.97,3.09,1.25,1646.65,2,3435.4,1,9937.47,0,0,14.85,29.61,8.87,0
1215.79,9.74,22.69,941.23,27.54,34.62,612.69,14.69,11.28,2769.7,3,3744.27,1,3123.41,0,0,57.33,31.09,18.06,0
1152.5,9.35,24.97,542.06,12.75,19.13,1753.21,57.48,50.65,3447.77,1,7137.23,3,8545.82,0,0,60.15,14.16,79.4,0
556.92,4.54,18.76,1103.12,32.24,43.79,568.97,8.85,8.51,2229.01,3,3969.39,2,2174.91,1,0,30.65,49.79,20.13,1
458.48,2.94,6.28,611.28,5.71,12.02,948.92,18.86,13.22,2018.68,1,2518.28,1,5094.14,0,0,17.36,18.05,34.73,0
719.19,5.39,19.43,557.04,9.62,16.33,1091.87,35.46,28.43,2368.1,2,3185.51,1,14840.75,0,0,34.89,12.59,45.2,0
973.78,8.75,23.47,1487.34,40.83,52.42,739.84,13.84,17.53,3200.96,2,6833.16,3,3999.84,1,1,48.81,67.58,24.16,1
1095.65,8.12,25.23,1562.71,44.09,42.03,825.54,26.7,15.42,3483.9,1,5384.61,2,11112.36,1,0,46.84,61.75,37.33,1
1522.63,14.47,29.17,1486.59,33.01,41.14,278.19,6.48,8.58,3287.4,0,5345.76,2,10717.2,2,1,86.84,52.72,7.59,3
903.47,7.44,23.77,414.21,9.19,18.37,1380.18,43.61,34.64,2697.86,2,6168.63,3,5774.27,0,0,48.58,8.54,61.34,0
277.67,2.06,9.02,634.31,10.55,11.78,1526.07,40.0,34.09,2438.05,2,4297.98,2,6750.39,0,0,9.31,22.67,58.56,0
836.92,6.26,17.66,382.72,12.76,11.34,1070.8,33.95,25.36,2290.45,3,4218.22,1,12051.1,1,0,36.63,7.31,44.83,1
863.9,6.68,26.07,663.9,20.48,27.79,950.09,32.81,22.57,2477.9,3,4534.28,1,994.06,0,0,47.82,27.71,40.05,0
466.84,3.53,6.84,964.72,20.72,28.24,1107.17,35.98,29.79,2538.73,0,5321.97,2,11286.19,0,0,23.32,39.44,51.4,0
748.87,5.86,18.49,1160.11,37.75,39.91,656.28,9.82,13.94,2565.26,2,4387.54,1,8296.34,0,0,37.46,49.52,21.97,2
171.29,2.12,10.08,519.41,12.49,19.24,919.21,20.45,20.04,1609.9,1,1899.78,0,13824.81,0,0,5.75,27.04,35.68,0
609.12,3.87,9.33,390.78,13.55,17.03,549.0,20.33,18.65,1548.89,2,4222.58,2,7698.95,1,0,26.3,16.01,20.95,1
428.13,3.52,13.63,595.89,18.88,24.4,690.52,14.06,15.16,1714.55,1,2101.1,0,7345.64,0,0,19.56,31.65,24.55,0
492.24,4.24,12.98,283.43,20.52,8.0,1741.32,52.93,44.0,2516.99,2,2558.31,0,13330.89,0,0,20.02,16.37,70.19,0
614.06,4.86,10.87,1273.21,40.17,41.79,1159.1,28.01,36.65,3046.37,3,6956.11,3,6487.01,0,0,35.02,57.79,47.68,0
899.94,7.41,24.01,1040.65,16.74,32.65,1145.45,27.15,30.83,3086.05,1,3764.54,1,7815.77,0,0,44.91,36.26,45.95,0
203.94,2.7,4.68,630.11,22.68,30.59,1136.56,33.31,38.19,1970.61,1,4922.06,2,10461.68,1,0,6.73,33.45,45.11,1
1475.07,10.55,35.55,1370.73,38.01,52.36,571.2,18.03,16.96,3417.0,1,7668.24,3,4666.57,2,1,73.75,59.98,29.88,3
1197.64,7.66,24.53,1210.23,33.67,33.35,837.15,27.56,22.32,3245.03,1,4159.51,1,11951.26,0,0,50.89,39.8,31.82,2
1316.55,10.53,28.46,405.25,9.56,22.68,163.53,7.46,8.41,1885.33,2,1545.22,0,11707.43,0,0,64.45,11.85,10.78,2
378.13,3.44,14.93,525.99,12.08,13.05,679.46,15.14,16.97,1583.58,1,3573.34,1,12406.6,0,0,19.69,19.7,26.76,0
1168.84,9.35,27.87,1008.84,26.72,38.67,914.62,19.42,23.01,3092.3,3,6840.97,3,14646.48,0,0,57.68,35.78,34.92,0
909.84,7.85,15.34,575.4,16.97,20.51,665.01,31.57,21.01,2150.25,1,5984.31,3,13186.19,0,0,46.33,19.31,34.44,0
569.74,5.6,9.93,935.23,30.59,28.32,1368.39,39.74,38.05,2873.36,0,4974.66,2,9953.78,0,0,28.71,39.18,57.87,0
442.53,3.64,12.44,1068.76,26.46,29.09,894.46,26.36,20.01,2405.74,3,3853.2,1,3290.43,0,0,22.49,50.59,38.17,0
305.14,2.36,7.06,498.87,21.15,14.6,157.72,2.07,0.0,961.73,1,2510.45,1,8227.19,0,0,15.09,22.42,4.21,0
826.32,7.92,26.27,527.84,2.7,17.56,372.26,7.36,7.04,1726.42,1,1995.03,0,2660.47,0,0,46.55,14.29,9.3,2
449.21,5.8,11.22,212.15,10.78,17.67,546.1,9.38,10.95,1207.46,2,1704.64,0,9709.99,0,0,26.27,9.18,12.09,0
1596.56,13.49,33.75,1321.77,27.87,40.61,845.13,21.81,20.89,3763.46,3,5708.74,2,11734.78,2,1,81.34,43.23,30.98,0
673.78,6.36,18.85,442.42,14.31,20.05,1114.07,25.56,21.29,2230.27,1,4338.64,2,3039.87,0,0,34.57,22.39,46.43,0
174.54,0.0,13.89,1080.23,33.0,32.94,646.64,24.94,22.6,1901.4,1,2621.27,1,1011.72,0,0,4.44,48.77,31.42,2
557.35,4.72,19.08,305.51,9.17,10.27,2106.76,58.8,51.33,2969.61,2,5046.54,2,149.99,3,0,30.39,12.53,85.45,0
555.24,2.84,11.36,913.08,30.41,24.58,327.12,12.3,11.76,1795.44,2,1803.03,0,14513.34,0,0,23.83,36.22,11.52,0
510.02,4.33,16.03,788.51,30.9,32.61,858.8,36.39,19.95,2157.33,2,4986.65,2,3492.97,0,0,27.02,36.73,42.61,0
1243.73,12.44,31.81,489.62,5.96,12.54,119.35,4.55,8.62,1852.71,2,3632.17,1,8772.92,2,1,70.6,7.44,6.59,3
1035.5,6.34,23.01,805.84,21.39,21.94,430.04,15.57,12.5,2271.37,1,951.49,0,4167.31,0,0,46.11,25.8,21.23,2
827.04,7.88,16.26,940.42,22.13,29.34,457.39,13.94,21.72,2224.85,3,3484.25,1,7495.71,0,0,40.58,32.92,21.76,0
697.95,5.71,23.6,701.86,18.67,25.92,788.22,13.72,17.69,2188.03,2,3656.45,1,2135.82,0,0,35.72,28.67,27.13,0
467.91,4.3,9.17,1155.84,33.84,41.05,158.88,7.32,4.05,1782.62,2,3013.82,1,7114.54,0,0,22.4,43.4,2.23,0
971.77,9.01,24.94,1212.57,38.59,40.41,735.67,17.26,13.98,2920.02,1,4024.78,1,14075.8,0,0,51.14,49.18,26.89,2
513.79,5.1,10.02,466.73,9.37,12.05,321.47,17.14,12.71,1301.99,1,4020.61,2,14347.23,0,0,21.91,16.76,23.25,0
900.37,8.86,24.53,1221.79,39.39,36.97,1576.45,37.96,37.78,3698.61,2,5734.65,2,6355.53,0,0,52.45,46.96,64.08,0
191.01,1.57,9.38,362.93,19.77,19.76,1753.13,46.51,44.11,2307.07,1,6059.98,3,9785.76,0,0,14.19,20.69,72.73,0
842.9,7.51,15.75,1019.2,22.55,31.03,995.36,25.51,28.61,2857.47,2,3235.82,1,9643.56,0,0,41.88,42.32,49.29,0
191.91,0.1,2.46,1004.68,26.6,27.71,1210.22,40.19,36.51,2406.81,3,2048.91,0,9606.88,0,0,13.96,42.82,56.58,0
817.36,7.18,24.96,1223.91,34.7,45.47,1563.14,39.63,41.51,3604.41,2,6864.98,3,8071.49,0,1,49.44,53.2,61.79,0
1260.97,9.39,24.88,497.1,7.15,18.48,628.63,17.15,18.69,2386.7,1,3346.46,1,6569.31,0,0,61.6,12.31,27.19,2
678.64,3.52,16.8,866.72,14.27,24.83,1401.11,39.07,33.96,2946.47,1,3648.41,1,2724.71,1,0,32.52,26.59,55.01,1
851.31,8.08,25.12,484.56,12.26,13.36,1069.07,24.97,25.37,2404.94,3,3934.27,1,8662.84,0,0,42.05,18.42,44.46,0
1064.8,10.61,27.76,1377.2,37.52,39.38,612.35,16.05,3.85,3054.35,1,3748.72,1,572.93,1,0,59.68,52.4,26.07,1
1135.11,8.75,14.66,1097.78,39.56,36.28,754.57,22.52,21.39,2987.46,1,6137.17,2,13944.71,0,0,52.44,46.65,30.84,0
500.33,3.8,7.93,1235.39,42.83,31.05,1192.04,41.92,32.6,2927.76,1,4897.01,2,14105.57,0,0,18.88,55.03,59.14,0
457.99,4.62,8.94,631.41,24.43,13.7,1364.57,30.6,31.64,2453.97,3,4709.18,2,14376.44,0,0,27.04,21.34,56.2,0
1216.4,10.87,24.76,662.08,5.97,19.71,656.87,23.56,16.53,2535.35,2,5681.42,3,1081.85,0,0,63.62,15.94,31.22,0
581.78,5.76,14.58,899.25,25.12,35.49,853.45,25.57,26.95,2334.48,2,1845.23,0,5772.23,0,0,29.7,35.14,43.02,0
841.85,5.65,27.55,1220.26,32.62,38.53,1106.17,37.8,36.05,3168.27,1,5632.92,2,10607.25,0,0,42.52,47.41,52.92,0
616.15,4.72,16.75,349.15,7.27,14.96,326.03,11.22,6.13,1291.34,0,1032.35,0,3598.96,0,0,24.95,11.1,14.86,0
642.43,6.17,17.6,530.96,11.88,21.45,667.14,21.99,7.9,1840.53,3,3226.13,1,12165.43,0,0,32.94,20.26,23.57,0
1360.06,10.21,29.69,1027.14,21.09,23.85,453.48,14.1,13.44,2840.68,1,3181.81,0,3622.73,1,0,66.74,32.67,20.15,1
376.56,3.68,14.88,723.63,25.19,28.3,1133.8,28.98,21.66,2233.99,2,4158.27,2,662.86,0,0,24.17,38.26,44.03,0
619.66,4.61,11.19,687.94,22.54,21.26,1279.84,30.95,28.17,2587.44,2,5374.96,3,4835.34,0,0,32.72,28.01,50.06,0
552.78,4.74,10.59,980.01,31.09,24.8,720.84,18.43,11.02,2253.62,0,4217.78,1,6181.58,1,0,28.05,42.53,24.29,1
1028.11,9.12,25.64,1187.67,30.0,40.87,935.8,15.19,18.32,3151.57,2,5928.66,3,3866.72,0,0,55.08,46.73,30.09,0
827.9,6.79,19.52,1602.81,49.9,40.49,335.01,3.25,7.23,2765.72,0,4149.04,1,8022.94,0,0,41.44,65.92,9.0,2
483.45,2.86,13.51,765.47,15.12,22.57,1363.99,26.74,35.55,2612.91,1,3130.62,1,7076.19,0,0,21.71,30.48,55.27,0
244.01,2.39,12.65,1097.33,39.12,31.15,353.16,4.41,8.07,1694.5,2,4404.73,2,14967.77,0,0,8.09,51.24,14.89,0
784.21,5.16,15.24,691.28,17.11,16.46,266.12,16.69,16.71,1741.61,2,4625.93,2,13627.35,0,0,35.18,21.61,18.52,0
1021.63,8.29,21.06,1159.46,27.95,41.08,328.31,3.07,2.38,2509.4,0,3429.04,1,13153.73,0,0,49.05,45.69,9.36,2
504.4,5.47,16.33,754.06,21.19,22.69,760.72,24.35,17.15,2019.19,3,3784.17,2,1313.23,0,0,30.25,29.02,36.71,0
857.72,5.44,14.78,1271.95,27.77,36.83,1434.08,43.45,36.24,3563.75,0,5369.41,2,4808.64,0,0,42.54,45.71,67.45,0
618.84,5.49,12.01,852.45,22.39,26.87,569.1,23.06,26.68,2040.39,1,1793.06,0,6338.32,0,0,32.66,29.38,27.07,0
989.89,8.51,25.51,710.1,1.81,19.66,863.56,20.99,14.46,2563.54,2,3399.99,1,10430.4,1,0,46.91,11.7,32.21,1
1125.28,8.36,22.43,597.95,21.7,27.91,1494.43,41.73,40.53,3217.66,1,2677.4,1,14324.93,0,0,52.31,28.32,59.45,2
265.72,1.77,5.83,1233.34,27.09,28.15,240.03,1.09,2.62,1739.1,0,2434.03,1,13195.86,0,0,6.58,50.71,6.09,2
688.44,3.51,14.59,680.57,15.39,16.25,768.04,33.06,24.66,2137.06,2,3036.81,1,6590.98,0,0,25.33,19.3,35.86,0
651.11,5.38,9.93,626.75,14.06,24.9,732.14,15.88,9.38,2010.0,1,2051.49,0,245.78,0,0,28.38,26.99,30.48,0
690.91,3.81,14.4,547.45,14.82,15.47,1525.89,39.02,33.69,2764.24,2,2308.53,0,10473.45,0,0,29.5,20.03,58.86,0
319.54,2.68,9.17,971.76,33.39,30.51,1423.78,48.91,39.73,2715.08,3,4059.63,1,11693.48,0,0,16.84,42.13,61.83,0
792.6,7.34,20.0,1103.47,28.81,34.14,500.83,14.0,14.76,2396.89,2,3275.8,1,13536.39,0,0,39.7,47.96,20.96,2
491.61,4.11,5.6,492.42,3.45,19.14,1285.01,35.48,34.89,2269.04,0,2568.14,0,1051.92,0,0,19.8,19.85,48.17,0
712.59,4.38,14.45,1075.16,14.35,23.63,611.79,11.85,1.88,2399.54,1,2995.98,0,11740.3,0,0,33.86,28.65,13.35,0
520.78,4.4,13.61,434.15,7.68,9.82,882.95,28.4,24.89,1837.87,0,3314.29,1,4217.82,0,0,28.55,13.91,37.54,0
259.74,1.77,8.48,970.21,23.08,37.21,982.51,37.97,29.83,2212.46,2,3784.02,1,13490.39,0,0,14.09,39.95,47.97,0
383.81,4.93,16.88,587.21,6.69,17.69,639.02,20.35,14.2,1610.04,3,2620.0,1,8234.33,0,0,24.92,20.25,24.6,0
943.72,7.35,18.85,1156.03,28.36,27.34,1180.44,27.99,30.88,3280.18,1,4722.99,1,3671.21,0,0,46.33,46.88,51.1,2
374.02,3.46,21.55,1430.82,54.0,42.8,726.33,18.45,11.06,2531.18,0,3114.83,1,14418.86,0,0,20.91,70.52,22.2,2
854.54,6.79,21.26,765.02,22.55,27.81,809.56,25.45,19.37,2429.12,2,4751.29,2,14664.65,0,0,40.05,23.92,38.53,0
728.84,4.28,15.03,578.95,8.72,22.34,1000.51,33.88,29.57,2308.31,3,3753.96,1,13881.92,1,0,32.83,20.76,45.56,1
214.99,1.28,9.09,599.43,25.32,26.14,766.4,17.99,23.12,1580.82,0,1663.82,0,7545.17,0,0,6.51,33.28,32.43,0
244.34,0.37,9.76,1116.72,37.01,30.37,701.56,20.31,15.09,2062.62,2,3438.35,1,1294.25,0,0,7.38,50.42,24.65,2
420.26,1.91,9.1,397.25,4.96,13.66,658.58,19.71,19.21,1476.1,1,2371.36,1,10363.09,0,0,14.38,12.67,30.65,0
385.76,1.55,12.61,948.31,34.58,23.09,1003.15,23.76,22.65,2337.21,2,5148.59,2,13286.78,1,0,11.88,36.33,36.63,1
1367.21,13.42,30.57,846.06,22.66,37.69,692.72,24.15,25.03,2906.0,2,5872.85,3,11487.57,2,1,81.43,33.33,29.63,3
970.53,6.78,22.98,382.47,6.71,9.67,1039.99,32.81,24.83,2392.99,3,3046.9,1,9829.66,1,0,46.34,9.25,50.06,1
605.23,3.94,14.14,713.13,14.79,23.24,502.09,15.83,14.74,1820.46,1,4830.79,2,8598.27,0,0,27.02,31.51,22.58,0
601.42,4.68,15.55,370.3,12.82,4.31,405.18,14.92,11.3,1376.9,1,2231.0,0,14369.03,0,0,27.65,15.03,20.54,0
555.33,5.0,14.19,866.56,17.13,25.45,442.08,16.32,11.12,1863.97,0,2134.78,0,14639.84,0,0,24.3,35.06,21.87,0
929.26,8.12,22.06,1115.16,33.71,34.56,2072.85,55.67,53.26,4117.26,1,7253.4,3,9728.83,0,0,48.58,47.2,81.37,0
311.52,4.67,19.16,1176.23,32.24,35.05,294.16,4.72,6.94,1781.91,1,2571.6,1,4079.53,0,0,23.52,49.27,8.65,2
555.98,2.96,13.44,675.02,18.46,19.58,502.08,7.74,7.72,1733.09,2,2547.76,1,6543.25,0,0,29.13,30.35,13.9,0
776.79,8.64,19.02,1848.39,54.98,58.56,1188.92,39.77,34.49,3814.11,2,6932.07,3,2992.97,2,1,46.84,82.6,51.82,3
396.35,3.3,13.46,1012.45,34.9,42.65,588.85,14.53,8.98,1997.65,1,1878.08,0,3203.77,1,0,24.92,41.95,19.91,1
322.91,0.91,11.97,659.97,22.01,16.65,274.81,12.3,13.22,1257.69,2,2756.89,2,3253.97,0,0,8.74,26.1,12.06,0
1133.86,11.31,26.45,527.84,12.31,17.44,322.59,4.97,2.88,1984.29,2,5877.56,3,224.16,0,0,60.97,12.81,2.79,0
764.03,6.03,17.67,856.19,23.53,28.21,938.03,30.47,26.85,2558.25,2,5262.7,3,155.73,0,0,36.81,34.0,39.7,0
882.33,6.53,18.93,410.29,5.5,4.73,980.04,29.02,23.8,2272.66,2,5216.71,3,12040.88,0,0,44.55,13.22,44.3,0
1006.68,6.8,19.48,1014.32,20.34,26.99,388.47,13.88,9.45,2409.48,1,4551.05,2,6964.18,0,0,45.53,32.45,19.37,0
968.79,6.74,25.37,1513.21,41.86,47.79,578.01,11.44,17.66,3060.01,2,5470.74,2,541.16,0,1,49.05,63.73,27.39,0
308.63,2.47,10.19,924.93,33.59,31.52,1166.94,32.27,27.1,2400.5,2,3672.76,1,12470.17,0,0,15.36,46.12,54.74,2
395.0,1.48,9.59,470.46,21.01,23.35,850.98,6.22,22.13,1716.45,1,1851.0,0,6944.05,0,0,10.92,28.21,26.74,0
1145.28,10.36,24.4,747.41,13.12,25.06,424.23,10.02,8.25,2316.92,2,4205.35,2,5855.54,0,0,61.4,18.68,16.18,0
769.49,7.21,20.09,614.85,23.52,19.63,1097.1,38.11,31.54,2481.44,2,3657.27,1,527.88,0,0,36.45,28.22,47.1,0
135.26,0.0,8.97,365.88,8.52,0.88,1855.5,48.25,42.03,2356.64,0,4212.16,1,5339.15,0,0,0.86,13.74,65.29,0
673.78,6.64,15.7,239.69,7.98,16.93,327.18,0.0,8.74,1240.65,1,2695.78,1,336.52,0,0,38.51,8.68,3.85,0
380.55,0.79,6.71,500.93,8.22,11.43,425.48,20.11,8.6,1306.96,2,3069.11,1,2237.83,0,0,12.61,18.94,20.94,0
562.76,3.68,9.75,569.7,21.96,17.5,821.5,18.04,17.57,1953.96,1,1000.03,0,7607.2,0,0,20.8,20.3,27.13,0
564.57,4.17,19.29,1170.97,36.28,40.15,217.24,11.09,7.24,1952.77,2,3318.64,1,6471.25,1,0,31.96,46.25,7.41,1
505.12,2.68,10.34,1303.78,37.88,40.97,798.59,16.44,14.69,2607.49,2,5404.59,2,1132.04,0,0,23.49,58.62,32.8,0
1358.19,12.45,26.74,432.35,9.73,12.09,725.34,22.24,17.41,2515.87,3,2753.66,0,712.76,0,0,65.06,8.8,31.57,0
129.8,3.32,5.54,1646.39,61.24,52.9,681.96,15.26,17.35,2458.16,2,5088.18,2,9729.9,2,1,9.99,82.66,27.59,3
909.22,6.36,25.22,337.52,0.0,12.57,951.74,28.84,23.39,2198.48,3,3051.85,1,2876.65,0,0,43.27,8.16,41.91,0
541.92,6.52,14.33,505.48,15.9,10.78,384.98,3.2,0.22,1432.39,0,4141.86,2,14032.68,0,0,31.21,16.9,14.95,0
299.71,2.15,14.76,907.89,23.52,30.38,784.91,20.68,13.21,1992.5,2,3811.84,1,8739.03,0,0,13.63,39.64,33.49,0
968.05,6.95,22.52,832.75,24.44,30.3,593.87,18.23,21.12,2394.66,1,3538.02,1,2302.11,0,0,50.27,31.44,20.77,2
646.62,6.39,16.37,668.15,27.93,32.84,674.95,19.18,19.4,1989.72,2,2963.54,0,11093.64,0,0,36.71,29.77,24.3,0
179.68,2.29,10.75,1326.73,48.96,42.77,1289.99,39.85,34.93,2796.4,2,4569.34,2,11681.34,0,0,9.59,67.88,53.93,0
866.81,7.65,20.29,542.3,18.86,11.63,1477.35,38.96,33.32,2886.46,2,5373.76,2,9374.7,0,0,44.03,9.47,56.33,0
609.44,2.38,17.38,957.36,29.81,28.84,753.1,15.31,12.53,2319.9,1,3440.33,1,10855.06,0,0,23.29,37.93,25.29,0
1206.1,8.75,25.5,1546.69,36.64,42.73,1852.07,50.84,46.08,4604.86,2,6992.28,3,14294.57,0,0,60.42,52.98,74.1,0
782.82,8.16,19.86,1231.73,33.77,43.91,582.04,19.73,11.68,2596.59,0,6264.76,3,2993.16,0,0,46.33,49.13,25.75,0
776.87,4.94,16.46,767.59,19.83,23.37,239.28,10.69,11.27,1783.75,0,3064.32,1,11981.49,0,0,36.65,26.05,12.05,0
636.61,5.73,19.49,1446.55,47.95,44.79,1138.1,26.14,30.03,3221.25,2,4905.97,2,6307.73,0,0,30.74,68.74,46.37,0
1154.84,9.71,27.64,1383.87,27.44,42.69,1263.95,36.48,31.25,3802.66,0,5128.34,2,6762.64,0,0,62.53,48.97,51.47,0
530.82,3.0,12.23,211.78,7.09,14.03,1016.97,34.16,26.94,1759.58,0,2004.4,0,9403.29,0,0,26.99,12.27,46.67,0
200.49,0.0,2.26,1427.58,41.57,40.18,753.26,17.32,16.06,2381.34,3,4810.46,2,6262.97,0,0,4.48,63.98,28.64,0
577.63,5.9,17.76,1178.8,38.04,35.61,678.93,26.4,22.06,2435.36,0,4882.58,2,837.68,0,0,34.63,49.69,34.59,0
782.06,7.1,16.84,756.4,11.56,21.19,947.9,23.96,19.54,2486.36,1,5402.12,2,1522.44,1,0,41.88,20.74,40.55,1
371.17,4.65,7.14,1122.35,36.76,32.04,168.14,7.9,15.18,1661.66,1,1927.12,0,11122.29,0,0,21.27,50.08,9.47,2
445.99,3.84,16.63,907.98,27.18,28.63,196.96,0.0,0.14,1550.93,2,1383.26,0,2994.81,0,0,23.88,38.12,2.97,0
683.22,4.97,12.52,1012.97,35.17,33.92,834.38,19.03,13.35,2530.57,3,6208.27,2,5326.7,0,0,32.05,52.0,30.24,0
177.01,2.27,1.45,356.79,13.54,11.72,665.37,22.16,24.63,1199.17,0,4770.21,2,2099.99,0,0,5.17,23.03,35.63,0
1112.47,8.03,23.62,1157.48,31.42,45.35,361.82,23.85,14.03,2631.76,3,3704.62,1,7179.56,1,1,54.38,44.37,26.45,1
484.38,4.97,15.47,840.99,19.87,21.2,926.02,20.21,16.56,2251.38,2,2377.97,0,2306.7,1,0,32.48,27.98,30.8,1
1336.25,11.74,27.23,519.76,4.2,22.02,978.27,27.89,27.66,2834.27,2,2876.31,1,14275.42,1,0,70.99,10.39,45.7,1
1030.01,7.8,24.3,710.18,16.25,18.97,966.03,33.64,23.33,2706.21,2,3015.28,0,14698.88,1,0,53.25,24.7,42.32,1
477.97,5.06,14.4,772.54,19.26,22.0,415.62,13.92,9.56,1666.12,3,5275.56,3,2166.14,0,0,29.39,29.18,19.58,0
331.56,2.73,17.56,837.98,26.33,27.88,965.98,25.31,20.13,2135.51,3,3584.36,1,9478.87,0,0,17.03,34.85,34.53,0
832.42,7.61,19.08,542.3,9.91,18.35,888.25,19.8,24.8,2262.96,2,4027.87,2,12962.59,0,0,41.9,14.02,32.0,0
1047.95,8.04,19.5,366.42,9.13,10.98,412.71,17.0,8.97,1827.09,1,4642.52,2,7000.43,1,0,52.35,11.78,16.23,1
344.2,1.59,10.5,243.46,4.18,3.3,465.37,8.42,7.67,1053.03,2,391.35,0,316.95,0,0,13.13,5.42,13.97,0
153.09,3.59,10.64,1500.19,50.78,51.1,1857.98,54.13,51.78,3511.25,1,4347.43,2,1025.56,0,1,12.82,74.64,79.09,3
1084.9,10.06,24.52,769.3,12.36,19.52,1915.97,58.71,41.08,3770.17,2,6697.67,2,9831.96,0,0,58.63,20.65,81.61,0
687.37,7.36,14.2,1034.81,38.4,38.69,1288.4,38.1,33.49,3010.58,2,5447.92,3,9898.68,0,0,40.54,47.63,51.61,0
712.03,6.29,21.94,772.11,18.49,26.61,1010.75,38.77,27.84,2494.89,3,4026.74,2,9758.21,0,0,35.14,30.96,41.89,0
551.28,3.96,11.05,888.79,30.31,19.3,635.69,23.42,16.74,2075.76,0,2824.64,1,8060.94,0,0,28.1,33.74,27.15,0
1005.49,7.9,26.62,562.99,22.98,27.56,416.28,8.51,5.09,1984.76,1,4354.59,2,14098.24,1,0,54.2,23.12,10.78,1
690.45,2.41,15.64,670.97,19.15,25.74,717.4,15.26,16.85,2078.82,0,2185.94,1,10229.62,1,0,19.84,31.14,27.79,1
357.27,2.75,11.1,788.75,17.53,16.7,1126.35,28.76,27.11,2272.37,1,1528.43,0,161.95,1,0,20.08,21.75,47.16,1
362.99,3.49,13.17,768.66,21.73,20.95,1045.02,30.24,26.79,2176.66,0,2761.85,1,8796.0,0,0,15.79,27.86,42.9,0
434.58,2.79,14.05,793.68,25.33,19.72,502.56,22.41,12.01,1730.83,0,4049.58,2,10535.53,0,0,17.57,31.87,21.58,0
598.01,5.1,11.3,1408.94,43.47,40.18,1252.11,46.63,39.62,3259.05,1,5178.04,1,4489.94,0,0,27.19,59.64,58.82,2
1672.45,14.4,39.48,1714.34,50.63,64.72,205.34,7.69,3.39,3592.13,1,6040.83,2,11273.36,2,1,85.9,77.85,8.12,3
779.28,7.25,19.03,486.12,14.3,18.85,1778.37,47.11,44.69,3043.77,0,5322.37,2,10972.39,0,0,37.27,12.07,75.73,0
836.85,7.6,13.74,1045.81,29.47,30.03,942.09,23.27,26.57,2824.75,3,4709.17,2,3605.21,0,0,43.52,32.49,39.13,0
377.75,2.81,11.37,986.26,29.94,29.19,740.95,22.68,23.48,2104.96,1,2027.27,0,14930.05,0,0,16.49,45.81,34.55,2
789.26,5.73,18.13,1291.71,28.97,34.55,790.61,26.51,23.55,2871.58,1,5047.26,2,7070.97,0,0,42.32,45.62,38.26,0
561.1,6.36,16.85,419.36,2.59,15.66,519.4,15.89,13.78,1499.86,2,5463.17,3,5870.92,0,0,30.03,15.28,25.05,0
421.36,4.82,11.77,693.07,20.71,20.13,227.16,9.63,3.44,1341.58,2,2864.15,1,4417.88,0,0,24.82,26.82,7.03,0
1156.74,9.35,22.81,788.31,22.95,31.69,1627.29,49.37,48.84,3572.34,2,5622.48,2,11341.27,0,0,56.32,34.16,62.62,0
1126.02,8.68,20.51,737.27,11.54,13.95,692.18,21.4,23.63,2555.47,1,2798.69,0,1105.2,0,0,53.21,23.2,32.85,2
446.39,2.25,13.71,772.51,22.3,19.66,1003.79,25.0,24.82,2222.68,2,3505.43,1,13987.84,1,0,22.96,30.94,38.29,1
808.45,6.87,20.85,1466.91,42.06,54.0,292.88,9.38,9.08,2568.24,0,2901.82,1,5634.67,0,1,40.81,64.84,15.57,3
1319.76,9.46,26.61,1216.18,38.42,45.52,1087.63,27.45,31.15,3623.57,1,3955.01,1,14209.62,0,1,61.77,52.35,41.86,2
1434.81,9.93,28.72,1330.18,33.19,46.94,919.87,30.14,16.22,3684.86,2,5401.87,2,10165.23,2,1,70.28,51.34,40.83,0
873.07,6.03,19.32,973.37,26.38,35.2,1525.44,44.76,42.55,3371.88,1,3749.58,0,8654.62,1,0,40.1,42.29,65.65,1
1059.43,8.71,26.8,839.47,17.83,27.05,715.19,21.93,15.76,2614.08,0,4228.27,1,13158.57,0,0,53.22,24.96,25.22,2
818.35,7.31,17.21,709.52,15.4,23.81,552.24,13.54,13.38,2080.11,2,3288.43,1,13277.41,0,0,43.81,24.11,20.62,0
673.71,4.7,13.34,1015.33,25.29,38.44,307.08,3.03,10.34,1996.11,1,4543.72,2,10352.67,0,0,35.27,44.4,8.77,0
498.47,2.46,9.17,946.91,29.54,27.8,793.76,22.1,25.31,2239.15,2,2116.26,0,3311.34,0,0,22.2,35.51,31.54,0
868.43,6.45,14.73,1179.2,34.42,32.26,473.8,5.62,5.46,2521.43,1,4993.26,2,1241.95,1,0,41.85,51.34,9.04,1
537.23,5.21,12.36,649.21,17.19,14.94,381.83,13.47,11.33,1568.26,1,3265.62,1,10393.74,0,0,29.71,19.64,19.07,0
982.14,6.5,24.03,587.84,14.17,17.7,434.36,10.42,6.06,2004.33,2,2247.49,0,10195.88,0,0,44.58,18.62,16.3,0
549.1,2.81,6.83,548.33,13.8,31.71,310.32,0.0,5.56,1407.75,2,2460.85,1,13086.18,0,0,19.81,30.48,9.97,0
898.6,6.86,18.93,1473.39,44.74,45.43,919.61,26.64,31.23,3291.6,1,2976.83,0,10108.62,1,1,41.95,60.94,41.75,1
546.18,2.42,13.73,373.34,7.24,16.83,1174.14,35.45,26.11,2093.65,3,3467.49,1,933.77,1,0,19.22,12.55,45.65,1
422.64,0.99,10.71,1325.79,39.39,36.92,192.22,2.52,0.0,1940.65,2,2834.16,1,10918.29,1,0,16.2,57.59,6.63,1
1242.81,10.39,29.8,659.89,22.03,25.38,1390.15,31.4,29.17,3292.85,2,4467.69,1,4707.7,0,0,63.38,18.91,55.4,2
823.71,5.18,17.64,972.9,28.43,31.18,922.21,26.59,20.68,2718.82,3,6575.72,3,1362.75,0,0,41.09,37.87,37.44,0
311.98,2.55,8.53,1141.86,35.28,31.52,1367.28,45.41,32.86,2821.11,1,5143.98,2,14645.68,0,0,14.3,51.24,59.72,0
724.77,5.56,16.38,1494.36,34.3,34.38,892.73,26.64,19.72,3111.86,0,5916.83,2,14475.34,0,0,35.84,51.43,28.66,0
718.78,6.24,20.7,1215.08,41.85,37.18,479.86,21.08,17.46,2413.71,2,3814.16,1,14736.07,0,0,40.11,48.61,26.05,2
832.82,5.87,27.96,1090.29,37.43,37.43,535.19,16.33,14.61,2458.3,1,5194.13,2,3013.61,0,0,42.19,53.53,17.42,0
953.49,8.33,23.78,864.99,31.55,34.86,1681.13,49.42,38.36,3499.62,1,4111.67,1,4626.8,0,0,53.72,39.23,65.96,2
660.56,5.03,16.82,1608.3,49.94,47.06,1547.98,51.73,44.88,3816.84,1,7775.03,3,14775.64,0,1,35.81,69.38,73.05,0
538.45,5.48,9.11,364.72,10.86,16.07,1093.16,27.45,23.55,1996.33,3,3582.84,1,9911.64,0,0,20.01,14.6,45.73,0
442.28,1.74,15.43,683.31,20.24,13.57,840.29,21.95,18.01,1965.88,2,1985.75,0,5632.05,0,0,14.87,23.07,31.95,0
646.07,6.46,16.15,898.01,25.13,27.33,551.23,20.18,15.06,2095.32,2,3593.66,1,9075.72,0,0,35.17,34.51,24.9,0
981.3,6.94,19.32,491.15,8.5,15.43,1230.34,34.72,29.96,2702.79,2,5068.18,2,13079.94,0,0,46.2,12.24,49.27,0
493.1,4.28,13.32,786.48,27.69,25.62,1143.25,33.65,28.53,2422.82,2,2872.01,0,10826.68,0,0,25.56,36.59,41.4,0
419.01,3.49,18.09,552.24,8.01,18.35,560.13,13.58,12.44,1531.39,1,2857.48,1,4566.3,0,0,21.78,17.97,18.03,0
559.35,3.14,10.47,570.38,16.61,9.78,696.64,11.94,11.06,1826.37,0,1774.92,0,1720.99,0,0,20.44,21.09,19.03,0
406.24,3.52,12.97,156.05,4.36,0.38,710.63,24.8,28.17,1272.92,3,2493.16,1,9417.39,0,0,22.99,5.54,33.01,0
525.1,5.43,8.89,1398.38,44.33,44.96,1768.12,51.05,42.46,3691.6,2,6219.52,2,517.19,0,0,32.67,66.18,77.31,0
531.14,5.58,17.75,890.96,21.41,30.47,645.29,22.79,22.9,2067.4,1,4751.21,2,637.98,0,0,28.02,28.56,32.17,0
246.19,1.0,8.31,1257.63,35.82,36.65,478.55,12.76,11.92,1982.37,3,5563.94,2,6783.92,0,0,11.91,54.76,19.81,0
1105.6,7.97,28.26,554.38,8.74,27.96,745.92,15.05,18.45,2405.9,1,2395.05,0,10975.98,0,0,58.64,17.34,27.49,2
957.19,8.36,26.63,323.25,9.43,19.72,1003.74,31.17,19.83,2284.18,2,1545.11,0,5330.46,0,0,56.38,6.93,40.34,2
532.16,3.87,13.72,394.45,12.11,6.67,415.99,8.37,5.93,1342.6,2,1820.54,0,240.92,0,0,23.56,12.64,17.32,0
837.69,5.15,15.43,882.68,27.18,27.15,1656.83,51.32,41.93,3377.19,2,5670.97,2,14649.05,0,0,33.67,34.14,71.79,0
379.01,3.68,10.54,1134.09,45.45,34.14,119.87,5.76,6.06,1632.98,2,3081.46,1,4354.86,0,0,15.27,57.65,10.36,2
498.39,5.01,9.46,504.39,15.88,11.92,1266.73,38.59,27.63,2269.51,2,2220.13,0,12533.95,0,0,24.23,18.71,53.31,0
171.46,0.0,6.41,575.16,18.46,14.77,632.95,12.48,8.47,1379.57,2,1582.96,0,9110.89,0,0,2.11,35.19,17.61,0
530.83,5.19,15.31,897.69,30.34,23.9,1004.82,31.64,30.44,2433.35,2,3946.36,1,6549.33,0,0,24.71,37.8,48.6,0
839.03,7.04,19.92,1236.98,29.72,37.17,487.11,12.56,8.36,2563.12,0,4023.71,1,6039.19,0,0,41.91,44.78,18.16,0
560.95,3.75,14.59,453.08,13.03,20.94,564.62,11.05,15.68,1578.65,0,2593.72,1,11727.23,0,0,27.09,21.6,15.36,0
614.84,4.5,13.24,759.17,23.97,25.66,338.59,16.21,7.22,1712.6,0,1750.0,0,6411.04,0,0,28.75,30.85,15.95,0
970.29,8.05,22.47,1359.75,44.53,41.47,909.85,34.11,22.61,3239.89,2,6219.43,2,9498.25,0,0,51.29,57.88,38.17,0
612.24,5.3,14.59,537.13,18.35,19.66,307.97,0.0,1.77,1457.34,0,2263.55,0,9681.2,0,0,36.81,23.46,4.61,0
563.3,2.47,9.89,726.57,21.96,19.02,974.88,17.21,12.02,2264.76,2,3628.0,1,5903.16,0,0,18.63,32.3,28.41,0
951.62,7.73,27.32,194.5,7.73,18.16,592.07,5.85,12.8,1738.19,1,4287.6,2,1133.49,0,0,46.07,5.92,21.63,0
500.35,3.92,14.53,632.17,21.24,25.23,1006.11,23.38,20.68,2138.64,1,2153.24,1,1360.94,0,0,26.47,28.98,40.07,0
1336.15,10.69,30.34,757.29,17.94,21.37,633.42,17.27,22.66,2726.86,1,2647.59,0,12862.57,0,0,68.23,23.31,30.03,2
518.61,4.54,15.21,607.53,10.37,19.32,371.28,0.0,7.13,1497.43,2,3793.89,2,3225.82,0,0,29.39,20.53,11.13,0
360.3,2.09,10.06,1079.92,29.91,28.51,449.92,6.02,10.04,1890.14,1,1408.64,0,11470.19,0,0,13.88,50.06,17.79,2
529.54,4.2,12.99,1238.38,32.6,34.93,589.91,13.69,11.34,2357.83,1,2878.72,1,2031.85,0,0,21.67,48.46,21.19,2
677.55,3.92,14.29,1682.45,46.91,52.34,567.31,11.57,16.1,2927.31,1,3115.88,0,14162.21,0,1,28.61,72.67,19.5,3
1137.85,9.18,26.46,1156.69,30.64,21.19,298.92,5.59,6.6,2593.46,2,4225.62,2,1708.45,0,0,56.24,36.06,10.54,0
495.85,2.62,11.23,1166.51,30.38,44.83,1247.23,29.21,23.7,2909.59,2,3732.67,1,239.48,0,0,23.95,51.83,46.71,2
384.25,1.56,4.87,402.98,11.2,18.93,1364.58,50.02,36.51,2151.81,1,4716.12,2,11339.47,0,0,12.35,20.04,55.45,0
319.31,1.47,11.1,1001.23,24.68,27.13,403.33,13.76,13.43,1723.87,0,4084.33,1,13271.5,0,0,15.75,45.14,17.53,2
259.0,2.67,11.37,1470.36,42.64,36.74,214.17,7.67,3.14,1943.53,2,3233.89,1,5975.3,0,0,8.62,58.65,11.24,2
725.35,6.36,16.74,490.68,11.6,22.89,791.17,22.82,13.84,2007.19,2,2956.3,1,526.55,1,0,39.09,20.18,25.28,1
566.03,3.82,16.45,557.71,18.05,6.88,597.51,11.89,19.28,1721.25,2,2519.33,0,12906.06,0,0,25.98,16.24,18.01,0
1005.58,5.78,22.69,157.16,3.48,12.28,302.61,0.32,6.27,1465.35,0,3084.57,1,5176.89,1,0,44.78,2.79,8.39,1
1020.35,6.74,26.76,1107.64,31.33,39.49,1168.51,35.43,48.02,3296.5,2,6730.96,3,14304.5,0,0,48.81,46.39,54.93,0
666.16,5.24,20.55,282.89,7.21,14.58,1368.02,48.02,41.03,2317.07,1,3301.16,1,11946.62,0,0,28.47,8.88,59.45,0
1152.53,9.03,25.86,1379.22,45.06,44.3,398.79,6.77,17.03,2930.54,2,4590.41,1,8841.88,0,0,54.64,61.85,11.66,2
192.53,0.0,6.94,1526.99,50.73,43.28,433.92,6.86,9.0,2153.45,1,2997.96,0,10581.79,1,0,6.56,67.97,19.84,1
792.46,5.8,15.36,756.56,18.42,24.91,1308.64,35.85,37.91,2857.66,1,5972.67,2,9480.12,0,0,43.46,20.61,46.83,0
917.61,10.24,27.1,1312.95,33.05,36.81,455.75,16.8,8.36,2686.31,1,4538.19,2,10771.94,0,0,54.77,49.42,22.1,0
532.74,5.88,18.88,444.05,6.44,17.0,192.1,4.61,5.27,1168.89,0,1529.51,0,7906.26,1,0,29.97,14.07,10.0,1
491.55,3.81,12.05,650.79,24.7,20.51,865.94,24.7,17.67,2008.28,2,3207.31,1,8898.59,0,0,22.34,33.12,34.25,0
1042.38,10.09,27.93,990.06,32.06,31.93,479.14,13.66,7.4,2511.59,1,4381.15,2,7234.35,0,0,62.5,35.98,11.96,0
398.62,2.57,7.84,961.78,32.33,19.79,951.32,38.33,32.87,2311.72,0,2771.85,1,5704.28,0,0,16.91,38.92,50.66,0
727.49,4.4,15.03,573.65,22.03,9.33,357.77,10.32,9.23,1658.91,2,3823.55,2,551.83,1,0,33.78,20.58,16.01,1
319.19,3.93,8.12,712.47,22.2,20.86,679.92,32.17,24.76,1711.58,0,4939.96,2,1698.65,0,0,20.24,22.45,39.24,0
517.26,3.11,12.94,726.59,16.94,26.83,1225.77,38.02,26.26,2469.62,2,4622.95,1,1660.38,0,0,20.38,30.75,45.67,0
282.31,2.68,8.39,176.65,4.3,8.1,296.0,5.31,10.13,754.95,1,682.81,0,7255.3,0,0,13.11,6.36,13.19,0
1058.9,9.54,30.33,1161.62,27.81,32.39,803.97,26.2,16.79,3024.49,1,3675.88,2,11870.55,0,0,61.65,40.4,24.89,0
252.71,3.03,11.7,604.13,14.32,18.44,902.05,31.71,25.71,1758.89,1,3300.87,1,10365.76,0,0,17.12,19.8,44.69,0
472.99,3.15,13.79,1205.1,32.89,32.94,479.21,18.47,12.62,2157.31,1,3221.43,0,3183.62,0,0,22.08,45.95,22.55,2
862.77,6.95,20.12,479.19,12.35,17.49,1288.64,39.75,28.81,2630.6,0,5110.77,2,11430.66,0,0,43.11,11.38,56.16,0
645.85,5.68,20.76,562.53,9.91,22.31,724.56,21.1,16.65,1932.94,1,3861.43,2,13236.5,0,0,31.5,23.92,26.78,0
555.23,3.06,16.98,50.97,9.3,6.98,527.79,15.92,13.72,1134.0,3,2435.48,1,5839.19,0,0,21.79,8.74,19.67,0
457.7,4.93,11.73,711.84,28.7,27.09,462.0,11.87,15.81,1631.53,2,906.76,0,9438.25,0,0,20.71,37.6,19.88,0
624.17,4.79,17.38,1427.0,48.48,44.6,1237.9,45.27,33.24,3289.07,2,3669.91,0,8601.37,0,0,32.81,65.83,63.3,2
437.46,3.51,16.69,463.09,4.49,10.69,620.47,22.29,11.95,1521.02,2,1909.77,0,13822.27,0,0,21.28,9.83,25.39,0
984.05,8.37,17.37,809.12,19.25,26.53,409.47,8.69,11.57,2202.64,1,2259.15,0,12292.93,0,0,45.42,24.02,15.43,2
779.84,8.18,21.26,565.07,12.09,18.48,365.81,14.38,11.18,1710.73,3,3297.17,1,1721.74,0,0,43.86,20.2,14.77,0
732.99,6.07,16.4,736.45,17.8,24.42,762.11,11.35,18.06,2231.55,1,2784.16,1,14982.3,0,0,35.57,23.92,24.48,0
803.05,6.5,23.16,444.81,13.17,19.91,1589.18,51.27,51.45,2837.04,1,4955.65,2,13577.4,0,0,39.26,19.73,69.34,0
589.93,3.86,14.92,710.9,12.63,17.55,897.69,32.22,13.32,2198.52,1,4047.25,1,1331.83,1,0,23.78,22.27,30.14,1
650.14,6.07,10.7,451.15,4.45,15.15,825.68,23.57,15.87,1926.97,0,3767.95,2,14554.8,0,0,31.18,15.78,31.15,0
419.61,4.46,11.84,1149.75,36.53,35.97,434.85,3.85,8.73,2004.21,1,3820.04,1,780.44,1,0,23.12,47.28,13.17,1
1196.87,10.66,30.63,471.01,3.85,16.44,1049.69,31.36,24.2,2717.56,2,3736.31,1,11945.44,1,0,61.19,8.18,39.74,1
403.69,3.67,12.85,1059.34,30.58,29.46,766.82,26.66,18.97,2229.86,2,1581.13,0,9314.54,0,0,14.79,44.92,29.11,0
602.04,4.91,11.81,236.99,8.86,18.17,725.49,23.63,24.92,1564.53,3,3117.95,1,6771.12,0,0,28.38,10.09,30.68,0
729.9,4.67,13.0,247.9,0.04,13.86,786.82,19.08,26.8,1764.63,2,3860.23,1,1916.7,0,0,31.23,7.15,29.48,0
550.71,5.39,16.42,1438.56,43.32,46.15,762.02,14.94,12.95,2751.29,1,3647.01,1,6387.73,0,1,31.96,58.36,26.6,2
1096.56,9.19,24.85,948.32,24.06,37.68,839.03,22.55,21.94,2883.9,1,4421.45,1,4742.66,0,0,57.18,32.8,31.73,2
546.26,3.99,13.29,843.95,22.85,30.32,256.41,12.33,14.56,1646.62,1,3350.68,1,13769.66,0,0,25.88,40.22,14.3,0
726.38,4.87,15.16,1164.77,31.07,44.74,1140.23,23.58,24.05,3031.39,0,6429.53,3,7314.72,0,0,32.48,47.99,44.06,0
915.95,7.23,18.09,178.81,6.8,13.02,999.13,31.99,23.78,2093.89,2,3844.01,1,5551.83,0,0,42.44,4.31,37.95,0
776.31,6.68,25.27,202.76,9.81,6.74,699.72,4.91,13.04,1678.79,2,3339.91,1,7322.32,0,0,38.58,7.18,23.87,0
751.87,5.67,17.53,406.73,13.53,14.16,980.85,33.32,18.92,2139.45,2,2649.95,1,9114.77,0,0,38.93,14.1,41.93,0
454.87,3.45,10.02,978.44,26.97,23.32,959.35,33.16,22.79,2392.66,2,3013.53,1,11599.61,0,0,19.99,42.9,42.89,0
219.68,3.35,11.01,456.17,14.09,21.27,1043.68,34.78,25.48,1719.52,0,2991.23,1,4145.26,0,0,12.83,23.39,43.53,0
463.21,3.16,12.91,882.37,18.35,25.16,1253.1,28.67,34.91,2598.68,1,4301.43,1,4250.32,0,0,23.46,32.64,48.6,0
936.69,8.3,18.01,862.02,28.41,28.87,385.32,18.15,13.43,2184.03,2,3315.65,1,13800.32,0,0,45.06,36.39,20.0,2
729.83,4.83,16.34,795.56,16.87,26.38,658.69,27.58,16.76,2184.07,1,4450.24,1,6590.39,0,0,34.53,31.26,25.7,0
592.03,5.31,15.81,1559.05,54.22,46.05,372.96,14.78,12.78,2524.04,2,4196.17,1,6518.51,0,1,31.39,67.5,21.91,2
479.59,2.68,15.28,1362.8,35.84,32.59,62.94,4.71,4.15,1905.33,1,2965.03,1,11694.3,0,0,25.67,51.56,5.2,2
1236.47,11.36,29.67,1331.72,33.77,52.3,749.74,11.88,16.35,3317.94,2,4693.89,2,3668.47,0,1,67.8,49.95,25.05,3
1179.03,10.11,24.46,894.91,21.27,33.34,1359.57,36.45,26.92,3433.52,3,5608.28,2,2799.39,0,0,64.3,33.12,56.5,0
634.56,3.43,17.38,1200.78,37.1,40.55,507.11,15.71,17.02,2342.45,2,3682.94,1,12312.61,0,0,30.15,56.95,24.06,2
364.55,1.3,11.34,801.83,28.8,26.47,699.74,12.07,14.8,1866.12,2,3360.59,1,6327.79,0,0,10.47,41.28,24.8,0
1678.02,14.68,30.79,1413.33,38.05,47.69,1291.72,35.91,39.29,4383.07,0,7833.07,3,8814.43,2,1,82.9,59.64,57.42,3
1577.85,14.43,33.23,1573.81,47.91,48.22,1655.56,46.8,37.93,4807.22,2,7631.44,3,1204.23,2,1,87.31,62.84,69.26,3
1138.29,9.26,24.54,588.75,11.27,23.3,1008.39,30.08,30.57,2735.43,0,3267.53,0,7391.5,0,0,57.33,11.31,39.75,2
587.68,4.74,15.09,887.64,27.1,26.03,1476.08,36.26,32.61,2951.4,2,3559.22,1,4876.16,0,0,26.95,37.48,59.96,0
1270.27,11.24,28.59,1133.04,35.71,31.84,1238.82,33.48,33.55,3642.13,2,6414.34,2,7349.67,0,0,65.18,46.17,48.11,0
916.06,9.35,22.65,896.72,19.81,24.16,696.07,13.59,15.22,2508.84,1,4427.8,2,9809.67,0,0,50.79,33.15,28.46,0
569.23,4.64,11.37,1341.48,31.07,38.94,480.17,12.93,13.8,2390.88,1,3677.31,1,2880.92,0,0,30.48,50.76,18.77,2
781.68,6.47,21.14,931.59,30.73,35.01,1872.23,58.07,50.27,3585.5,2,3706.98,0,7005.02,0,0,37.45,41.24,74.9,0
299.21,2.6,6.89,928.51,26.44,24.07,869.9,28.68,25.83,2097.61,1,3612.99,1,12517.03,1,0,13.89,38.55,39.44,1
1043.19,8.58,27.64,596.85,14.42,27.25,305.48,10.1,3.47,1945.53,1,3989.12,2,4985.55,0,0,53.11,20.19,7.46,0
866.71,7.56,25.38,360.49,0.25,7.82,319.95,9.53,6.07,1547.16,1,1246.0,0,2250.2,0,0,48.21,6.29,13.47,2
564.73,5.94,11.85,1080.01,30.26,37.99,1033.96,31.33,24.42,2678.7,2,4312.61,2,7255.21,0,0,29.11,42.94,42.68,0
182.71,2.07,10.13,1070.05,24.43,20.51,756.2,12.18,8.67,2008.96,1,3860.31,2,1160.62,0,0,11.63,41.39,22.23,0
475.96,2.36,16.37,566.48,19.71,19.5,630.56,23.92,18.96,1673.0,1,1130.34,0,2087.49,0,0,20.82,21.98,30.17,0
330.55,0.15,12.18,851.78,21.58,22.73,608.25,18.55,23.15,1790.59,3,6176.63,3,3014.93,0,0,15.47,31.1,30.08,0
940.74,8.23,16.23,883.75,27.77,31.62,476.44,2.92,11.15,2300.93,2,4448.78,1,13656.31,0,0,46.64,31.67,11.15,2
595.06,4.49,15.47,1085.13,37.59,30.62,480.86,11.49,15.13,2161.05,2,3659.91,1,10019.84,0,0,30.24,52.7,16.67,2
1016.59,8.04,25.35,1318.5,36.02,42.55,408.82,6.36,13.71,2743.91,2,4183.18,1,1287.61,0,0,50.99,55.76,17.69,2
378.3,1.69,13.04,637.14,13.94,15.18,714.08,22.8,10.12,1729.51,2,2241.47,0,4113.84,0,0,8.55,15.45,28.95,0
904.81,9.67,21.45,501.8,5.92,14.24,677.63,27.07,15.17,2084.24,0,3255.97,1,14535.91,0,0,48.15,14.94,27.62,2
782.52,6.98,12.9,820.14,22.3,33.24,997.08,28.63,27.65,2599.75,2,4692.76,2,13553.78,0,0,36.84,33.55,42.52,0
829.94,6.95,27.17,1085.93,31.3,28.36,1234.43,31.15,25.76,3150.3,2,5331.25,2,303.84,0,0,44.59,45.69,45.86,0
388.17,3.42,10.83,928.39,20.72,22.27,277.66,10.88,6.33,1594.22,1,3310.27,2,4518.43,0,0,17.71,42.59,12.67,0
657.41,4.31,19.83,1235.4,48.29,38.92,346.6,11.25,8.53,2239.4,0,3521.38,1,10683.98,0,0,29.98,60.66,12.67,2
585.35,4.91,13.61,1557.18,59.44,57.01,1313.29,42.87,36.49,3455.82,0,4267.46,0,7085.43,2,1,26.82,81.83,60.5,3
1057.83,7.54,24.59,256.69,0.0,19.2,433.09,5.1,12.67,1747.61,3,3013.27,1,10956.91,0,0,51.25,5.51,16.55,0
346.3,1.83,6.63,669.53,22.39,17.5,890.29,32.37,20.54,1906.11,2,3022.0,1,14511.68,1,0,10.54,30.15,39.35,1
374.06,2.31,7.69,335.37,1.47,8.67,633.59,20.6,3.83,1343.02,2,1869.7,0,3153.54,0,0,13.38,8.51,23.28,0
403.48,1.38,15.29,463.78,14.87,19.46,995.92,24.4,20.87,1863.18,1,2902.77,1,3870.93,0,0,13.88,19.46,41.84,0
322.55,1.53,12.2,353.74,4.5,11.95,377.6,0.0,11.49,1053.89,2,781.05,0,13195.49,0,0,12.53,11.67,10.42,0
266.9,0.44,9.68,699.26,25.01,32.45,802.91,29.31,16.21,1769.07,2,3887.27,2,124.94,0,0,13.62,35.33,26.3,0
682.21,4.48,18.27,822.35,30.8,28.43,370.76,9.76,9.66,1875.32,1,3910.11,1,6794.23,1,0,29.9,41.71,18.1,1
722.93,6.88,16.06,549.47,12.66,22.58,394.97,3.6,13.24,1667.37,2,1596.79,0,4627.01,0,0,37.41,16.62,13.21,0
340.66,3.42,8.99,707.81,17.57,15.41,409.04,3.57,7.3,1457.5,2,2180.04,1,12954.45,0,0,11.4,26.93,21.7,0
511.42,5.92,15.65,871.3,18.85,25.75,458.98,9.54,14.12,1841.7,0,2317.29,0,6235.73,0,0,29.55,30.72,16.53,0
700.33,5.46,15.34,949.5,21.68,27.06,960.06,28.14,24.11,2609.89,2,3933.18,1,7298.94,0,0,36.04,32.55,37.05,0
888.03,7.67,19.12,570.11,11.91,17.74,808.3,31.57,23.96,2266.44,0,1962.11,0,10548.89,0,0,47.96,11.22,34.14,2
220.42,0.91,1.45,818.3,25.06,16.62,591.25,13.18,14.53,1629.98,3,2062.74,0,6471.83,0,0,6.06,33.07,21.0,0
735.51,6.07,15.74,388.59,12.11,13.39,1357.98,32.06,37.27,2482.08,1,5239.29,2,4579.21,0,0,38.98,12.94,56.19,0
730.49,6.57,23.16,1027.17,28.59,28.09,324.79,7.35,6.92,2082.46,2,2775.62,1,5461.54,0,0,36.21,41.01,8.02,0
602.27,4.3,10.05,1325.16,46.03,39.34,755.22,26.15,22.96,2682.64,1,6735.44,3,13032.23,0,0,29.66,59.92,35.7,0
519.73,4.34,11.85,957.0,35.72,29.11,1077.33,25.17,25.81,2554.06,3,4789.05,2,5474.78,0,0,19.87,42.52,39.94,0
346.56,2.15,9.91,368.44,2.3,5.21,509.77,13.1,7.87,1224.78,1,651.64,0,13318.19,0,0,12.72,11.06,20.54,0
263.26,0.49,7.36,1147.17,28.1,26.55,468.8,17.93,11.73,1879.22,1,3607.46,2,2901.28,0,0,8.89,46.2,24.73,0
900.76,7.2,23.55,828.24,23.42,27.81,988.3,34.73,37.6,2717.3,2,4731.79,2,14748.75,0,0,45.51,27.28,45.01,0
206.46,2.05,7.83,213.34,10.85,6.76,720.28,26.28,17.78,1140.08,2,2742.7,1,13306.65,0,0,10.43,5.64,34.37,0
246.23,2.88,12.46,458.53,7.45,19.62,490.03,15.49,8.11,1194.78,1,1828.96,0,13062.7,0,0,13.13,16.96,20.62,0
756.87,6.42,19.38,1260.08,31.13,39.2,259.81,8.33,5.37,2276.76,3,2195.65,0,10102.15,0,0,36.37,52.25,11.63,0
30.7,0.31,2.18,684.17,13.97,22.3,494.38,25.51,12.56,1209.24,1,616.93,0,8550.13,0,0,3.55,24.29,25.34,0
721.0,5.31,21.01,837.8,14.67,15.35,1499.67,52.35,38.96,3058.47,1,4760.14,1,562.86,0,0,35.78,23.74,71.68,0
499.5,5.04,12.05,1099.68,33.79,25.53,545.93,19.02,15.29,2145.1,1,5236.64,2,5444.85,0,0,22.83,47.41,20.83,0
682.35,6.38,13.53,1296.91,42.58,40.33,1147.72,32.64,24.03,3126.98,2,4316.79,1,648.98,0,0,39.73,56.4,41.62,2
407.64,2.05,12.87,1098.1,32.76,30.59,1013.04,30.35,19.85,2518.78,2,4680.58,2,6285.15,1,0,18.45,47.85,41.34,1
571.89,3.9,13.69,575.65,18.14,12.01,479.72,20.25,9.55,1627.26,1,1613.25,0,2710.82,0,0,27.3,16.03,20.42,0
937.25,4.57,23.32,627.72,13.48,17.69,626.68,17.41,12.87,2191.64,0,2508.51,1,2327.45,1,0,38.39,19.52,29.21,1
1143.33,8.14,28.95,812.77,18.84,33.27,979.74,35.68,26.12,2935.83,3,2640.03,0,12118.5,0,0,59.03,30.84,46.25,0
535.91,3.01,9.8,1391.96,40.16,40.24,950.31,22.95,27.3,2878.18,2,3319.7,1,4954.64,0,0,21.44,62.82,40.3,2
469.28,2.51,14.72,1069.61,31.13,34.87,569.84,16.16,13.52,2108.73,3,3513.77,1,6353.89,0,0,19.64,46.95,22.71,0
336.79,1.55,7.5,437.54,14.51,19.37,983.44,18.95,24.77,1757.77,0,1554.19,0,14254.94,1,0,13.12,19.64,38.1,1
662.67,5.21,10.07,578.83,16.6,23.42,346.59,4.27,9.18,1588.09,2,3817.3,1,2876.87,0,0,28.68,24.43,13.29,0
848.94,8.56,20.35,1313.75,41.03,45.49,341.2,1.88,2.82,2503.89,2,5591.92,2,8173.57,1,1,49.13,60.86,5.11,1
846.05,5.94,16.05,759.83,18.9,24.15,612.01,28.01,18.76,2217.89,2,5344.58,3,14606.33,0,0,42.95,28.79,29.61,0
875.06,8.38,19.98,979.37,20.21,33.83,258.51,8.28,9.69,2112.95,1,4286.8,2,14918.08,1,0,42.92,33.38,12.77,1
878.69,7.86,27.82,1041.7,26.25,38.11,551.24,16.31,7.21,2471.63,0,3826.45,1,1104.28,0,0,48.65,36.19,19.1,2
453.68,3.36,12.57,1583.61,58.84,49.04,620.05,24.46,20.47,2657.34,1,2798.05,0,2243.88,0,1,20.97,72.67,26.32,2
124.09,0.0,7.1,1191.04,31.53,31.73,1010.68,30.18,32.1,2325.8,2,2749.02,0,13992.5,0,0,2.03,46.83,44.39,2
429.09,2.98,9.04,762.34,23.81,25.63,317.01,16.6,5.52,1508.44,1,1672.92,0,13349.81,0,0,20.14,31.87,13.87,0
840.99,9.02,19.56,368.83,4.86,12.47,759.54,25.55,24.56,1969.37,2,1019.67,0,3522.77,0,0,46.22,9.71,36.73,2
294.9,1.58,11.99,111.48,13.57,9.33,256.5,7.88,10.28,662.88,3,834.12,0,12223.2,0,0,15.29,9.67,17.13,0
901.34,7.74,21.26,647.12,12.27,23.33,1890.74,63.84,49.64,3439.2,1,5471.79,2,9691.32,3,0,47.06,20.8,84.9,0
645.19,4.32,13.23,206.17,3.15,15.52,902.22,31.97,33.06,1753.58,1,4384.57,2,5503.21,0,0,29.69,6.83,42.08,0
685.55,3.87,19.64,809.8,10.95,20.89,394.33,7.55,5.72,1889.68,1,3664.08,1,2404.78,1,0,33.22,24.75,12.49,1
936.85,6.25,21.77,719.5,14.69,23.64,818.82,19.54,18.04,2475.17,1,4175.08,1,5313.73,0,0,46.72,31.68,33.38,2
482.39,4.23,19.35,957.45,23.24,24.75,670.06,24.55,17.75,2109.89,1,2437.87,0,8833.83,0,0,23.38,34.43,29.31,0
1142.85,8.67,28.95,799.25,15.99,27.43,545.26,11.68,12.59,2487.36,3,3579.14,1,5044.0,1,0,62.78,26.02,23.02,1
617.95,4.01,12.53,496.91,17.69,16.69,868.16,12.61,12.92,1983.01,1,3372.58,1,11534.19,0,0,31.25,22.4,30.41,0
1176.38,11.0,27.96,442.66,14.17,27.33,965.61,35.13,23.8,2584.65,2,4627.74,2,7100.68,0,0,64.61,17.25,43.53,0
451.65,6.02,13.32,1121.79,32.73,38.56,1843.73,56.34,48.85,3417.17,1,6213.24,2,3675.29,0,0,34.1,45.62,75.45,0
454.88,3.39,18.33,177.56,6.73,0.0,1343.34,38.3,31.28,1975.78,0,3083.62,1,13475.75,1,0,20.89,6.85,50.82,1
881.68,6.37,18.03,1041.96,38.59,45.2,641.93,15.52,15.09,2565.57,2,3732.49,1,5195.73,0,1,45.69,51.6,23.76,2
808.65,4.65,20.59,566.26,8.43,14.0,243.55,8.84,9.4,1618.46,1,851.52,0,214.77,0,0,34.98,9.67,8.71,0
329.56,0.67,11.64,1024.02,26.92,27.63,480.62,10.04,12.7,1834.2,1,3061.56,1,11932.78,0,0,10.8,41.74,18.65,0
1187.57,9.4,23.75,971.8,26.06,39.03,1019.61,27.85,18.95,3178.98,3,5978.93,2,1976.15,0,0,59.42,41.9,38.76,0
700.53,6.74,19.61,856.69,28.77,26.36,1049.33,38.73,29.26,2606.55,0,4957.93,2,14071.16,0,0,38.92,42.58,45.16,0
1244.74,9.29,26.83,997.1,20.42,28.99,1086.9,23.98,20.77,3328.73,1,2928.7,0,820.11,0,0,60.18,31.42,34.44,2
719.86,6.3,19.72,665.28,22.63,28.5,709.89,24.13,18.53,2095.03,3,2941.98,0,6079.41,0,0,34.92,31.3,31.77,0
365.38,4.08,11.64,626.06,21.29,20.46,788.23,14.65,19.05,1779.67,3,3808.77,2,10004.65,0,0,17.44,24.69,28.56,0
673.18,6.14,15.75,273.59,0.45,7.44,1592.41,42.91,33.31,2539.18,2,3292.46,1,1519.89,1,0,36.43,2.53,64.01,1
701.22,4.98,19.78,1134.29,35.85,37.81,1032.86,34.34,28.54,2868.37,0,2056.31,0,12886.38,0,0,37.42,50.17,50.32,2
425.22,3.32,13.8,642.0,29.2,22.87,753.01,24.85,16.26,1820.23,2,2606.52,0,12584.44,0,0,20.32,30.44,29.19,0
418.68,4.82,10.39,833.04,32.22,32.77,1308.57,47.99,40.21,2560.29,2,1632.09,0,12861.13,0,0,23.38,44.15,56.78,0
605.85,4.14,8.25,625.42,16.8,27.19,527.91,16.33,10.87,1759.18,2,3032.64,1,4466.32,0,0,29.04,21.12,21.36,0
1150.93,9.11,27.86,871.04,20.01,17.51,929.83,16.63,22.64,2951.8,1,5034.47,2,1305.28,0,0,60.23,19.11,33.63,0
244.54,1.89,8.25,471.44,16.62,12.78,944.46,23.16,21.98,1660.44,2,3044.76,1,12152.23,0,0,6.09,24.9,39.83,0
544.5,3.09,15.56,395.86,14.69,15.7,1091.98,31.94,22.22,2032.34,2,5126.91,2,13222.2,0,0,26.47,17.31,39.01,0
970.11,9.37,29.1,1430.78,35.45,46.7,267.34,6.85,10.17,2668.23,1,4835.12,2,4960.39,0,1,57.54,55.53,13.78,0
253.86,1.27,11.49,449.13,19.2,20.08,484.62,19.39,10.83,1187.61,3,3669.68,2,8706.89,1,0,11.03,29.49,23.25,1
1562.22,13.63,39.46,1249.98,33.47,43.51,1310.86,41.26,28.91,4123.06,0,4320.53,1,11548.01,2,1,87.36,49.84,56.9,3
894.31,9.03,24.11,674.02,17.27,24.69,586.42,17.96,12.59,2154.76,2,3662.91,1,11372.93,0,0,47.89,21.97,25.4,2
252.37,1.82,10.25,1050.68,44.1,34.74,1313.93,42.69,37.12,2616.97,2,4972.53,2,2562.52,1,0,13.77,51.11,59.39,1
857.98,5.53,13.19,777.68,16.25,24.38,445.1,19.34,16.28,2080.76,2,4597.59,2,6619.5,0,0,33.93,27.7,26.58,0
399.54,3.91,16.37,1174.3,39.64,31.73,490.77,4.15,13.9,2064.61,3,3989.54,1,337.18,1,0,19.26,50.26,13.49,1
471.55,1.94,10.87,287.23,8.66,10.12,440.49,8.85,13.5,1199.26,1,3991.52,2,9036.47,0,0,18.56,7.5,14.27,0
695.27,6.36,15.62,716.45,22.48,30.33,822.66,30.22,20.12,2234.38,1,3993.08,2,2486.9,1,0,35.54,30.79,30.97,1
145.17,0.38,8.53,492.21,16.82,17.77,368.31,6.91,10.32,1005.69,2,3336.04,2,13925.8,1,0,4.63,22.47,16.17,1
151.19,0.0,1.62,748.57,25.71,16.25,1177.94,28.35,29.65,2077.69,2,5773.75,2,4306.36,0,0,6.07,32.63,46.96,0
678.14,5.42,15.5,1289.84,38.25,36.12,890.2,16.73,13.99,2858.17,2,4439.08,1,7088.24,0,0,36.32,54.49,26.49,2
430.55,3.65,10.98,849.03,18.2,24.54,1400.12,47.42,35.53,2679.71,2,2341.79,0,3906.7,0,0,22.47,28.44,56.92,0
835.2,6.64,17.13,1084.95,33.22,30.28,715.8,16.27,10.45,2635.95,3,3288.15,1,7751.85,0,0,40.29,41.06,28.42,0
638.97,4.41,21.77,532.53,13.67,13.49,1462.66,41.41,37.62,2634.16,1,2971.19,1,5044.25,0,0,31.32,20.31,61.93,0
513.49,2.74,11.11,886.5,25.24,22.46,1265.85,29.42,31.15,2665.83,3,5365.67,2,9263.79,0,0,18.18,35.28,47.84,0
838.82,5.79,18.18,1018.55,22.45,28.56,303.88,8.37,11.41,2161.26,2,3294.29,1,13301.25,0,0,43.14,37.79,14.95,0
702.08,5.16,17.38,631.06,17.9,21.65,266.45,4.85,11.02,1599.6,3,2688.77,1,12179.19,0,0,35.79,25.96,8.52,0
1564.17,12.07,36.36,1407.37,30.43,46.67,308.69,8.82,2.56,3280.23,0,4411.64,1,5275.13,2,1,82.27,51.62,9.79,3
527.5,3.48,7.04,396.67,10.51,5.84,458.9,4.04,16.37,1383.07,2,1992.85,0,2464.48,0,0,22.17,14.19,15.07,0
311.24,1.3,9.66,788.04,17.11,22.95,1207.67,38.87,44.29,2306.96,0,3042.5,1,8753.56,0,0,12.33,32.59,54.12,0
1130.87,10.04,21.98,1412.18,30.97,44.91,30.0,0.0,6.36,2573.05,1,6557.34,2,912.6,1,0,52.4,54.2,4.59,1
793.98,4.82,15.68,1219.86,27.88,35.1,424.11,12.23,15.98,2437.95,2,3057.41,1,9016.73,1,0,28.21,48.13,14.92,1
399.49,0.96,6.5,444.12,16.48,17.63,1650.82,36.17,37.72,2494.44,2,3884.83,1,7007.97,0,0,14.11,20.94,60.19,0
759.87,5.18,17.1,265.7,3.08,15.3,717.09,17.48,11.55,1742.65,2,1717.92,0,5544.34,0,0,36.1,9.94,26.56,0
564.98,6.3,17.13,1972.45,56.09,50.71,771.22,21.7,15.69,3308.66,1,5560.62,2,2528.06,2,1,35.84,80.86,36.27,3
739.16,5.07,11.85,1528.89,39.07,41.68,679.93,20.76,8.75,2947.98,2,7295.58,3,11363.46,0,0,30.47,59.46,29.06,0
927.92,5.41,25.17,943.08,25.33,29.84,716.66,27.09,20.39,2587.66,2,5498.25,2,14502.71,0,0,41.65,33.74,29.7,0
586.71,2.78,13.71,1274.72,33.91,40.6,1058.82,28.17,25.16,2920.26,1,4356.36,2,2554.95,0,0,21.33,58.52,36.86,0
1078.78,8.83,25.95,687.41,16.97,30.77,407.07,13.01,12.15,2173.26,0,2188.19,0,5673.79,0,0,51.95,24.55,15.01,2
711.49,6.59,17.69,757.7,21.73,29.53,491.78,9.01,10.0,1960.98,3,5161.79,3,3478.76,0,0,39.3,33.39,13.28,0
226.19,2.45,9.99,1096.71,36.81,31.79,286.39,4.83,4.8,1609.29,2,3834.17,2,14959.13,0,0,12.41,48.39,8.03,0
765.0,6.64,16.41,998.46,30.85,36.39,1707.99,50.66,38.21,3471.45,1,3769.47,1,14550.23,0,0,42.9,40.6,73.17,0
513.9,3.11,11.39,580.31,7.13,21.84,60.91,1.26,0.0,1155.12,1,1895.85,1,2715.02,0,0,23.75,22.42,3.24,0
1546.21,12.51,31.9,1735.79,58.15,62.98,1301.51,33.52,29.41,4583.51,2,6793.57,2,4028.2,2,1,84.57,76.36,51.45,3
535.15,4.19,13.4,672.82,19.64,22.85,357.48,7.31,2.66,1565.45,3,2051.51,0,1939.97,0,0,21.47,22.15,14.63,0
272.83,3.68,14.76,1555.18,50.86,45.4,1236.07,29.88,18.01,3064.08,1,5203.13,2,9477.02,0,1,13.25,70.03,46.98,0
403.25,3.33,14.5,1197.73,30.27,32.56,1403.58,40.56,35.83,3004.55,0,3885.02,1,6218.01,0,0,19.41,51.19,59.58,2
596.32,5.15,20.06,758.57,29.51,32.77,491.04,9.25,11.98,1845.93,0,4616.71,2,13960.18,0,0,27.51,39.23,18.66,0
515.26,3.57,16.59,868.92,33.31,28.58,1057.7,33.97,27.35,2441.88,1,4424.48,2,5003.25,0,0,26.31,43.59,47.35,0
760.04,6.67,20.9,1066.51,33.06,43.61,978.44,23.69,26.21,2805.0,1,2744.06,1,7170.7,0,0,41.82,49.05,42.51,2
92.85,1.35,5.3,864.33,27.95,20.58,578.47,18.42,8.44,1535.65,3,3517.28,1,11490.64,0,0,8.77,34.53,24.29,0
434.53,2.8,11.42,619.07,26.04,15.68,1671.35,50.07,45.82,2724.96,1,4283.64,1,4255.57,0,0,15.56,27.57,71.67,0
576.4,5.13,14.66,870.31,26.74,27.54,837.73,25.36,19.14,2284.44,2,4761.98,2,1275.11,0,0,31.67,40.44,26.78,0
240.12,3.92,11.21,1462.81,41.78,44.1,426.13,20.48,11.56,2129.05,2,3796.12,1,7668.14,0,0,10.6,64.78,21.84,2
876.2,7.98,16.98,568.17,12.92,18.37,1103.88,27.6,18.34,2548.25,1,2857.82,0,7996.74,0,0,45.88,19.65,45.49,2
207.99,3.64,10.37,1072.28,34.18,27.67,662.31,12.49,7.83,1942.58,1,4662.71,2,10973.02,0,0,16.27,45.81,17.94,0
512.6,3.86,13.02,497.77,16.09,16.94,1245.32,41.83,36.33,2255.69,2,5275.32,2,8677.79,0,0,22.76,23.07,57.87,0
379.85,0.0,14.0,643.96,15.26,7.84,876.44,23.92,19.03,1900.26,2,2572.31,1,11524.19,0,0,10.41,27.27,37.63,0
323.95,1.84,5.18,1899.61,63.04,56.92,398.96,3.47,15.15,2622.51,2,4464.41,2,13581.03,2,1,9.29,83.41,10.14,3
1034.21,9.63,27.64,1557.4,41.3,41.12,954.1,32.29,29.48,3545.71,1,6107.24,2,10989.96,0,0,54.68,59.97,44.76,0
645.35,5.39,16.82,274.89,9.56,16.03,367.8,6.66,5.24,1288.04,2,2830.1,1,12155.25,0,0,26.72,10.2,5.74,0
254.07,2.73,10.31,1003.76,34.4,35.44,1437.43,39.0,35.35,2695.26,1,5265.94,2,2948.58,0,0,17.38,45.46,55.53,0
991.95,6.37,22.67,485.79,6.06,17.57,1216.3,34.3,25.73,2694.04,0,5248.08,2,2773.18,0,0,46.97,9.68,49.97,0
1456.85,12.53,32.16,1393.62,40.13,48.33,205.61,12.35,11.51,3056.09,1,6251.57,2,5907.34,2,1,79.74,53.78,18.69,3
630.43,3.04,14.24,333.12,12.14,9.4,1182.49,31.77,23.06,2146.04,0,4251.52,2,1972.61,0,0,26.28,7.45,51.85,0
1019.18,9.35,25.47,476.03,7.56,20.26,867.63,24.4,9.91,2362.84,3,4133.22,1,7976.11,0,0,52.02,5.58,30.84,0
896.29,8.48,30.38,1114.45,23.99,45.39,427.38,12.72,9.12,2438.11,2,4391.82,2,9011.92,0,1,50.7,43.53,17.0,0
748.98,5.36,20.52,484.41,12.09,10.4,222.33,4.68,2.91,1455.73,1,2493.73,1,4553.16,0,0,36.07,18.28,5.97,0
573.79,4.98,15.34,1535.77,41.26,46.13,1685.52,46.23,41.77,3795.09,1,6442.39,3,14926.94,0,1,27.43,62.89,63.31,0
1398.48,12.73,34.54,685.15,21.64,27.71,829.44,33.04,14.69,2913.07,1,6863.03,3,11776.86,2,1,72.19,24.04,32.16,3
242.61,2.64,5.15,1026.71,32.23,38.93,794.96,29.22,18.59,2064.28,1,1643.01,0,11467.2,0,0,12.6,46.06,30.98,2
1065.36,11.19,24.77,1002.71,27.78,37.39,991.53,31.69,23.48,3059.59,3,6236.35,3,9680.65,0,0,59.95,40.54,42.69,0
586.48,3.36,14.1,320.51,4.28,11.04,1527.12,38.25,28.3,2434.11,0,5018.31,1,3514.38,0,0,25.41,14.68,58.17,0
471.71,4.31,9.61,1311.61,53.74,36.54,728.15,20.48,13.01,2511.47,1,2815.34,1,3092.9,0,0,22.06,59.28,24.33,2
302.69,0.4,6.82,646.58,19.37,17.97,469.38,12.7,7.72,1418.65,1,2830.2,1,2522.4,0,0,9.83,27.05,19.41,0
581.09,5.57,8.91,895.77,26.51,19.76,434.36,13.78,8.55,1911.23,2,4655.66,2,11779.25,0,0,25.37,38.74,18.94,0
355.83,2.53,5.43,839.54,16.1,16.82,511.03,19.39,12.02,1706.4,2,3125.8,1,5426.27,0,0,12.18,31.65,22.85,0
1176.54,8.3,23.07,1428.15,45.25,43.15,273.53,9.36,14.86,2878.21,0,6152.0,2,3277.64,0,0,53.73,63.65,10.44,0
694.78,4.4,13.82,1548.68,46.77,36.39,1065.13,34.27,31.64,3308.59,1,2999.6,0,13561.39,0,0,33.27,67.14,47.85,2
770.92,6.42,21.25,340.41,9.73,19.03,1490.36,46.5,41.81,2601.69,2,6531.78,3,12330.36,0,0,42.82,13.16,63.1,0
465.16,3.77,14.5,772.78,8.03,19.55,1352.65,41.85,33.98,2590.59,2,4413.5,2,477.11,0,0,24.84,19.42,53.53,0
851.1,7.23,21.52,433.97,3.73,21.38,487.12,9.88,13.19,1772.19,1,3663.94,1,4301.09,0,0,44.13,14.86,21.65,0
396.95,2.65,9.32,110.53,12.11,3.64,1069.87,35.61,32.46,1577.35,0,2672.94,1,6405.94,0,0,16.67,7.63,47.74,0
580.04,2.96,15.82,482.96,8.32,17.36,873.0,23.24,21.91,1935.99,3,2505.21,0,3289.32,0,0,21.65,18.57,38.34,0
362.61,3.54,12.22,347.71,9.31,9.35,760.06,22.04,11.28,1470.38,2,1821.61,0,7044.82,0,0,16.33,10.3,28.96,0
1012.22,5.73,21.19,1192.96,30.44,31.75,874.18,23.45,23.63,3079.36,3,4532.7,1,8207.13,0,0,44.33,45.08,40.24,0
573.17,3.59,12.54,305.7,6.42,4.39,1074.0,36.17,30.52,1952.87,0,2870.23,1,7849.86,0,0,19.54,3.49,51.48,0
902.08,7.15,19.69,589.57,12.17,13.18,1408.08,43.22,45.69,2899.73,1,3476.31,1,7416.49,0,0,43.76,16.3,61.02,0
177.95,0.42,9.88,816.81,23.29,13.13,1103.02,31.62,31.17,2097.78,1,3017.55,1,12759.07,0,0,2.64,32.74,45.7,0
1208.56,10.86,31.08,1153.92,27.85,32.93,642.78,20.67,13.71,3005.27,2,5525.48,2,203.3,0,0,64.74,38.97,25.74,0
676.99,3.58,12.9,749.41,17.13,19.98,224.95,3.38,3.2,1651.36,0,3877.26,2,685.21,0,0,25.7,28.88,6.63,0
834.74,6.55,21.16,539.63,9.76,24.65,1221.31,32.38,26.67,2595.69,2,5103.62,2,13107.18,0,0,44.76,20.58,47.63,0
222.86,0.18,4.72,739.08,21.86,17.28,1268.22,33.41,25.77,2230.16,2,4972.94,2,11724.8,1,0,2.59,32.62,48.21,1
108.16,0.56,14.55,589.14,13.91,22.45,539.26,11.84,14.7,1236.56,3,516.26,0,11093.56,0,0,6.15,28.62,20.7,0
1365.39,10.78,28.23,1382.89,26.6,48.35,713.87,17.65,7.6,3462.15,0,5535.64,2,4144.13,0,1,68.57,50.11,27.8,0
418.74,2.79,13.44,734.65,18.18,18.54,1481.97,41.33,32.69,2635.36,0,3499.69,1,1530.37,0,0,13.87,25.14,54.92,0
854.34,6.33,26.68,944.08,20.99,24.91,322.2,11.27,3.53,2120.62,3,2612.75,0,3852.03,0,0,38.98,31.54,11.7,0
1004.52,8.57,24.65,777.16,27.07,26.51,934.98,25.08,17.16,2716.66,2,3658.98,0,13817.93,0,0,53.44,33.09,40.31,2
324.89,2.55,4.96,468.16,12.04,6.88,273.31,12.83,1.12,1066.36,1,1157.15,0,4831.01,0,0,14.8,12.38,14.46,0
1726.5,13.28,39.15,913.16,24.7,39.05,944.01,19.14,22.99,3583.68,1,7782.69,3,8837.9,2,1,84.64,32.33,35.72,3
350.98,3.49,9.52,1116.84,35.54,35.53,454.87,14.91,20.65,1922.69,1,3444.95,1,8188.07,0,0,17.3,47.9,23.13,2
557.3,5.03,12.95,744.52,14.54,19.55,691.68,16.62,12.8,1993.5,2,1839.35,0,747.94,0,0,28.61,25.3,30.23,0
414.24,1.91,14.5,448.92,18.94,17.64,712.94,23.35,23.08,1576.09,0,2979.91,1,11800.12,0,0,11.88,24.35,32.92,0
1271.43,9.73,24.36,464.31,1.36,10.52,1204.33,39.57,32.37,2940.07,0,4015.3,1,5500.83,0,0,66.47,5.43,56.48,2
639.05,6.06,20.26,425.15,16.89,16.53,416.81,11.19,3.24,1481.02,2,3347.07,1,795.52,0,0,31.3,20.8,7.98,0
729.35,5.0,14.09,1298.06,51.77,42.04,1474.15,48.87,38.69,3501.56,1,2345.21,0,3244.64,0,0,27.9,58.21,62.3,2
229.31,2.24,3.35,512.21,1.27,8.95,766.45,24.8,21.5,1507.97,2,3015.07,1,6591.58,0,0,11.16,15.55,37.98,0
654.47,6.99,19.96,941.17,25.1,21.11,1589.16,46.88,41.42,3184.8,2,6139.25,2,12712.54,0,0,35.17,31.65,66.71,0
293.46,2.33,2.12,667.54,17.21,13.11,859.32,17.74,22.54,1820.31,1,3506.36,1,5394.04,0,0,11.06,24.17,30.39,0
287.48,1.78,8.85,312.53,6.78,4.4,414.59,6.21,8.15,1014.59,2,1322.84,0,9331.52,0,0,11.38,13.24,12.61,0
324.46,2.32,6.06,147.47,6.02,1.78,939.59,17.27,20.43,1411.53,2,1804.51,0,7869.66,0,0,17.04,4.32,33.47,0
226.11,0.29,5.6,794.14,20.32,25.87,1263.91,37.82,34.2,2284.16,1,4566.12,2,5386.01,0,0,4.53,36.24,50.8,0
277.85,1.97,10.91,675.57,28.08,24.88,348.28,2.78,3.44,1301.69,2,1570.19,0,1748.01,0,0,10.92,28.37,8.16,0
680.38,6.06,17.84,687.83,19.33,26.31,545.15,11.79,16.99,1913.36,3,2321.01,0,13116.09,0,0,33.07,21.55,21.12,0
662.11,5.96,16.95,725.72,17.56,22.61,325.4,0.8,8.93,1713.24,2,2939.48,1,13569.65,0,0,32.36,28.25,3.85,0
218.79,0.87,12.35,93.6,0.0,2.96,1548.78,41.88,41.65,1861.17,0,2508.15,1,2884.82,0,0,12.36,1.63,62.61,0
744.92,7.23,19.2,838.4,21.39,31.63,994.14,24.3,25.59,2577.47,1,4183.56,2,1223.86,0,0,40.57,34.13,39.82,0
767.91,7.0,20.19,689.71,18.69,15.11,549.36,20.5,18.7,2006.98,1,4765.2,2,14765.17,0,0,45.25,18.52,24.72,0
1031.1,7.17,22.58,1478.01,51.75,44.11,573.53,12.2,8.26,3082.65,2,6623.61,3,7651.94,0,0,47.78,62.95,17.18,0
1066.09,9.06,22.19,1040.0,21.92,27.8,933.07,20.31,23.15,3039.16,2,5750.44,2,4186.88,0,0,54.78,32.66,32.9,0
597.8,4.53,16.11,686.43,18.54,23.78,1311.11,31.74,26.52,2595.34,2,2192.89,0,1465.27,1,0,24.35,22.42,45.75,1
384.39,2.04,11.83,371.78,8.76,10.72,1214.24,35.17,29.54,1970.41,2,3921.63,2,9426.23,0,0,18.91,14.87,51.33,0
680.36,4.69,17.04,1068.61,32.4,39.24,968.91,25.96,21.11,2717.88,1,4279.48,1,10023.18,0,0,28.25,47.94,38.11,2
581.07,4.31,16.73,1712.92,50.71,50.67,656.2,19.12,19.57,2950.19,0,4212.87,1,12973.5,2,1,35.02,77.43,23.98,3
1011.31,8.22,23.09,1422.48,48.43,41.97,710.38,27.43,27.16,3144.17,1,2812.24,0,2328.2,0,0,47.42,61.19,37.05,2
196.72,0.21,9.39,737.53,15.77,24.11,948.82,32.25,26.17,1883.07,2,3139.26,1,14662.3,1,0,6.83,26.57,35.11,1
685.37,6.52,12.87,708.73,21.65,25.92,1025.03,24.32,25.92,2419.13,2,3245.52,1,12004.49,1,0,39.79,28.67,40.32,1
294.9,3.62,9.19,876.99,25.98,23.78,857.17,32.54,13.65,2029.07,3,3729.95,1,14112.52,0,0,24.48,36.12,36.86,0
613.3,3.93,12.91,528.38,22.47,8.91,746.63,24.85,8.84,1888.31,3,3311.64,1,2261.54,0,0,27.4,17.13,33.55,0
689.1,3.11,14.91,1016.84,27.71,27.2,546.54,17.8,16.84,2252.47,0,3565.51,1,12538.63,0,0,29.44,39.4,25.93,0
391.57,1.61,14.79,324.52,3.45,15.42,1752.8,47.25,42.62,2468.88,3,5228.06,2,10070.91,0,0,17.03,7.81,72.69,0
726.41,5.26,17.99,1773.32,51.82,52.1,1112.96,32.37,23.27,3612.69,1,6693.96,3,3313.04,2,1,33.23,78.2,49.58,3
790.66,5.26,19.69,679.08,22.71,13.71,1152.8,32.67,28.37,2622.54,3,4598.02,1,12399.8,0,0,37.5,27.22,45.93,0
734.59,5.52,22.27,971.08,37.16,30.49,897.41,21.62,20.58,2603.08,2,4351.91,2,11202.36,0,0,36.12,41.53,37.03,0
540.9,2.79,16.6,445.44,17.27,16.06,700.05,18.13,21.61,1686.39,2,1735.49,0,9488.21,0,0,21.34,14.33,26.44,0
403.31,3.7,10.56,1233.37,36.84,37.05,819.88,26.52,16.16,2456.56,3,3252.68,0,14800.91,0,0,24.53,55.43,27.17,0
182.78,0.0,10.54,353.33,15.87,14.12,1630.37,48.39,38.63,2166.48,1,3435.79,1,9194.43,0,0,5.27,18.04,67.61,0
420.58,2.16,10.87,236.46,1.54,9.69,867.27,25.14,14.57,1524.31,1,1584.49,0,9099.95,0,0,15.89,8.14,33.34,0
207.8,1.24,6.63,1036.26,32.17,28.44,721.41,17.68,18.86,1965.47,1,4466.07,2,9330.79,1,0,9.08,46.09,31.12,1
947.05,7.55,20.58,1976.23,52.13,55.77,957.31,27.92,25.61,3880.58,0,7784.28,3,8218.0,2,1,47.03,82.32,37.11,3
331.92,1.62,9.85,745.78,25.11,23.06,527.69,7.76,11.23,1605.39,1,3868.4,2,14341.58,0,0,19.23,35.61,20.0,0
681.9,5.34,17.01,183.1,0.29,8.43,1003.4,24.05,31.58,1868.4,0,1784.82,0,13485.92,0,0,33.1,6.19,47.42,0
571.64,3.99,15.43,833.82,20.6,17.63,562.4,17.35,13.26,1967.86,1,4833.38,2,10770.18,1,0,30.52,29.81,22.18,1
509.53,3.09,17.86,954.35,34.94,32.53,572.65,12.0,12.96,2036.53,1,3173.46,1,12453.76,0,0,26.16,42.34,16.39,0
344.88,2.93,15.06,463.04,12.05,12.91,818.55,31.52,22.46,1626.47,2,2468.77,1,6078.74,0,0,12.17,22.06,37.13,0
358.69,4.31,11.94,1261.12,37.69,42.81,477.11,4.06,3.96,2096.92,1,2155.57,0,14562.32,0,0,23.31,56.15,16.0,2
984.46,9.26,20.4,1612.82,55.19,60.2,736.45,24.18,22.85,3333.73,2,3899.99,1,10265.9,0,1,55.1,73.37,29.85,3
977.98,7.29,23.34,1098.08,21.85,27.7,1463.01,42.71,41.45,3539.08,3,5772.87,2,14253.94,0,0,46.67,33.38,62.32,0
1143.97,9.1,28.76,628.55,11.17,25.51,1043.44,33.78,30.96,2815.96,3,6173.2,3,7423.5,0,0,59.81,22.83,44.23,0
1174.69,11.44,28.57,875.6,19.14,28.49,1551.86,39.95,53.41,3602.15,3,4523.1,1,243.67,1,0,64.08,29.72,65.19,1
616.53,4.56,10.12,1053.79,29.8,24.86,309.5,12.08,8.35,1979.82,1,4173.81,2,2936.68,0,0,27.81,42.43,14.59,0
882.89,7.21,19.96,778.74,18.76,21.53,803.4,14.69,17.68,2465.03,3,5274.52,2,10592.7,0,0,49.53,23.27,29.88,0
415.48,3.0,13.74,793.59,19.43,27.54,1939.16,65.74,51.02,3148.22,0,5558.77,2,7770.14,3,0,23.7,38.02,86.04,0
649.16,5.46,14.54,237.26,3.12,9.44,714.51,16.98,14.25,1600.93,2,1718.56,0,12048.38,1,0,32.54,1.21,27.56,1
643.9,4.83,13.19,416.96,15.32,26.08,652.74,16.32,16.9,1713.6,2,3960.93,2,4726.36,0,0,31.94,20.77,24.5,0
815.42,7.89,26.89,911.35,15.32,26.67,488.74,13.28,8.93,2215.51,0,4457.37,2,13967.77,1,0,44.16,33.9,16.93,1
1029.77,8.69,20.88,605.4,12.21,18.7,1349.37,37.16,40.8,2984.54,2,3902.92,1,1277.19,1,0,53.94,18.97,58.29,1
712.16,3.71,18.84,819.83,20.99,27.01,341.66,14.94,10.5,1873.65,0,1845.79,0,13055.88,0,0,29.19,29.35,17.13,0
673.7,6.79,17.84,916.22,21.75,17.25,498.07,19.35,14.94,2087.99,3,4909.57,2,9450.34,0,0,33.14,36.04,21.03,0
478.87,3.55,16.37,388.67,4.47,8.89,733.42,15.31,20.29,1600.95,2,3762.44,2,12582.18,0,0,27.27,12.4,30.86,0
669.87,4.25,19.85,532.17,12.66,22.05,1103.81,35.89,34.7,2305.85,2,5874.77,3,10249.19,0,0,32.66,18.38,53.92,0
502.54,5.2,14.45,1419.81,48.78,44.68,804.69,22.08,17.28,2727.04,2,5024.81,2,12898.23,0,0,32.89,69.83,34.92,0
960.88,7.06,18.72,486.53,4.52,17.37,991.14,21.01,26.68,2438.55,1,5275.24,2,7325.73,0,0,41.77,18.63,35.93,0
275.8,1.86,12.07,550.0,7.0,11.58,853.37,27.34,25.57,1679.17,0,3545.31,1,8367.69,0,0,16.15,13.97,39.39,0
434.09,3.56,6.02,1227.27,34.57,38.87,1211.19,34.82,30.55,2872.55,1,6633.42,3,298.5,0,0,18.75,54.03,47.5,0
1007.43,7.73,27.73,1138.33,24.31,35.41,391.77,7.97,11.61,2537.54,3,4259.4,1,11608.13,0,0,50.8,42.39,16.2,0
698.69,8.01,18.59,1106.47,37.89,36.87,1048.84,38.84,18.29,2853.99,0,5474.72,2,1766.79,0,0,37.84,49.23,46.24,0
615.8,4.11,10.57,1176.15,36.92,31.82,918.82,26.94,23.55,2710.77,1,2701.5,0,9228.49,0,0,23.99,47.35,38.54,2
1453.91,9.88,31.8,1193.26,27.41,40.8,1917.79,57.72,49.34,4564.96,2,8556.71,3,6732.38,0,0,67.18,47.48,81.66,0
99.44,0.14,6.82,1238.05,44.73,36.46,1449.74,45.43,39.33,2787.24,2,4865.69,2,14551.72,0,0,4.41,64.93,63.79,0
680.36,5.23,13.4,973.74,30.48,26.52,870.88,20.86,26.79,2524.97,1,2803.08,0,5161.99,0,0,30.19,41.07,37.88,0
513.2,3.9,17.8,1334.89,40.71,42.21,707.79,8.95,16.74,2555.88,1,2254.83,0,10873.98,0,0,28.46,52.5,21.8,2
1103.84,8.1,15.88,1156.78,43.4,41.73,828.24,27.92,23.74,3088.86,0,6086.4,3,11768.67,0,0,51.01,57.02,32.99,0
668.9,5.91,15.74,328.26,2.2,7.66,760.35,31.02,18.23,1757.5,2,3683.13,1,14719.24,0,0,27.1,5.17,36.84,0
687.26,5.19,19.17,897.81,25.7,31.42,557.54,25.43,19.0,2142.61,3,3429.43,1,2570.85,0,0,29.25,36.22,30.83,0
620.06,6.45,15.58,996.83,23.82,15.85,696.74,12.9,6.35,2313.63,2,4307.86,1,11755.81,0,0,37.37,27.77,21.02,0
274.13,3.7,5.77,558.76,6.04,3.22,379.65,3.26,5.72,1212.54,2,2059.88,0,5526.3,0,0,13.2,10.98,8.97,0
657.04,4.9,18.31,856.22,26.4,32.52,1365.95,37.81,29.83,2879.2,2,2905.3,0,5953.28,0,0,34.41,42.97,57.18,0
618.69,5.2,14.37,906.33,25.52,24.52,414.25,1.54,7.39,1939.27,1,3308.03,1,8147.07,0,0,32.58,30.02,14.08,0
1198.02,8.75,31.42,837.08,18.13,24.08,1119.49,31.57,31.33,3154.6,2,5441.02,1,5918.31,0,0,56.21,31.87,46.84,2
1283.6,11.49,29.63,924.59,15.83,27.07,653.46,17.21,23.64,2861.65,2,6418.71,3,8015.14,2,1,74.92,32.46,25.17,0
1109.01,8.67,23.82,913.24,26.87,27.12,1183.02,33.48,25.4,3205.27,3,2033.08,0,7378.66,0,0,55.44,36.73,48.72,0
613.93,3.85,15.79,757.69,26.62,26.79,374.81,2.92,5.94,1746.42,2,3736.25,1,1675.28,0,0,26.36,33.93,8.2,0
277.49,1.73,4.48,645.6,18.93,17.96,711.37,17.63,14.18,1634.46,1,2257.91,0,455.27,0,0,14.09,20.08,23.94,0
481.14,2.97,12.19,96.72,9.73,10.79,384.43,12.83,5.65,962.28,3,1524.11,0,1186.35,0,0,20.04,10.1,12.49,0
476.99,2.69,15.39,891.36,32.12,21.58,666.99,13.63,16.3,2035.35,2,3317.38,1,10413.9,0,0,20.09,41.38,25.25,0
276.45,2.2,9.0,585.74,9.94,9.64,1928.72,53.69,49.07,2790.91,1,5133.19,2,10651.95,0,0,12.12,20.59,79.75,0
1125.85,7.76,20.2,232.22,8.74,15.99,1398.77,24.65,34.47,2756.84,2,2845.53,0,5067.25,0,0,53.27,10.31,56.83,2
899.92,8.49,20.49,250.16,4.38,11.31,1063.69,36.25,21.29,2213.77,3,2293.74,0,2828.96,0,0,47.96,2.96,44.65,0
712.65,5.43,9.86,679.3,19.93,22.88,65.49,5.91,7.13,1457.44,0,3402.64,1,10363.87,1,0,30.31,31.96,11.63,1
587.03,4.77,13.78,1306.57,39.59,37.93,1574.1,45.41,41.11,3467.7,1,7555.42,3,2593.55,0,0,27.58,56.52,64.31,0
838.74,6.6,23.57,744.42,23.52,26.04,1043.76,24.71,16.41,2626.93,1,4542.16,2,11971.4,0,0,43.54,26.94,38.28,0
663.99,5.39,14.83,1153.61,34.67,41.44,861.22,25.71,18.81,2678.81,1,4043.35,1,7883.31,0,0,33.44,44.5,36.24,0
425.45,3.96,15.97,82.3,10.69,14.2,1472.54,49.67,37.07,1980.29,2,2621.87,1,625.02,0,0,25.36,8.41,67.89,0
520.49,4.19,9.68,596.59,12.1,15.9,1050.26,24.9,22.95,2167.35,1,4131.43,1,5357.94,1,0,26.08,20.27,39.39,1
935.31,7.33,29.01,729.21,26.3,27.11,1375.64,39.69,35.55,3040.15,1,3912.1,1,13836.57,0,0,52.5,28.83,54.11,2
424.37,2.96,14.68,764.47,15.17,17.99,182.73,0.0,4.01,1371.56,2,2838.37,1,9612.31,0,0,17.95,24.78,8.1,0
1066.6,8.39,21.31,761.27,14.57,25.35,510.04,14.72,15.96,2337.91,1,4114.92,1,12973.53,0,0,50.81,29.16,16.93,2
807.11,7.29,14.46,1004.26,31.04,39.78,379.56,7.18,10.42,2190.93,2,1862.1,0,11242.15,0,0,38.36,45.04,15.23,2
1196.68,9.63,26.3,929.95,24.79,39.6,426.98,11.9,8.55,2553.6,0,5032.8,2,10500.88,0,0,65.21,35.97,13.75,0
510.25,3.06,14.62,458.59,5.58,13.59,556.12,12.32,9.06,1524.96,1,2342.4,1,981.78,0,0,25.08,12.84,14.84,0
322.01,2.74,12.53,523.2,13.7,18.89,772.15,30.95,10.14,1617.36,2,3035.3,1,8050.91,0,0,12.22,17.35,28.86,0
772.15,4.71,11.62,496.41,20.88,14.72,946.31,32.79,24.63,2214.87,2,3616.05,1,5766.88,0,0,36.99,15.9,41.76,0
494.29,3.68,14.13,1053.45,38.2,36.21,414.73,16.89,11.97,1962.47,0,2201.76,1,8113.28,0,0,15.74,51.7,17.21,2
400.34,3.35,11.03,715.69,28.61,29.58,1177.88,29.42,31.71,2293.91,2,2691.25,0,5240.58,1,0,15.03,35.95,40.45,1
1190.62,10.23,22.87,795.89,19.58,28.87,1441.1,39.56,29.6,3427.62,1,5089.37,2,14607.18,0,0,61.04,23.75,55.6,0
1090.13,7.69,16.83,597.22,8.39,27.0,633.46,11.05,21.13,2320.81,1,3376.88,1,14029.53,0,0,55.65,15.39,26.68,2
588.85,4.64,15.85,820.42,17.52,26.66,427.06,16.61,11.93,1836.34,3,3040.83,1,13200.02,0,0,29.82,30.99,15.8,0
665.13,5.16,17.04,783.89,15.44,19.53,833.82,32.57,18.86,2282.84,2,2877.45,1,3303.79,0,0,32.51,22.9,35.37,0
710.4,5.33,14.29,685.62,21.03,19.88,248.91,4.41,1.41,1644.92,2,3193.05,1,10520.0,0,0,31.84,29.97,6.37,0
817.1,7.5,23.17,1201.52,33.25,31.08,1089.08,26.47,30.39,3107.69,2,5413.66,2,12787.35,0,0,44.09,40.07,41.81,0
559.82,3.37,19.79,1116.76,29.83,36.56,930.61,22.72,23.64,2607.2,3,3121.33,1,9207.67,0,0,24.83,46.93,35.85,0
102.97,1.13,4.42,799.76,27.25,27.66,484.15,9.54,12.77,1386.88,3,2339.55,0,11803.67,0,0,1.76,38.75,14.72,0
411.61,2.14,6.54,1124.63,35.96,24.93,891.07,24.54,22.31,2427.32,1,6166.36,2,8111.43,0,0,10.79,51.38,39.61,0
463.65,3.61,17.15,202.25,5.54,7.53,856.76,25.02,16.66,1522.66,2,1517.86,0,7315.18,0,0,20.0,9.57,34.31,0
557.6,3.83,13.11,750.6,26.94,28.09,742.01,21.84,4.2,2050.21,0,1786.7,0,10219.88,0,0,25.08,35.37,25.78,0
826.07,7.55,22.82,1179.64,35.43,39.37,1099.5,26.75,18.49,3105.21,2,5026.85,2,4385.5,0,0,45.25,49.26,38.99,0
1212.61,7.31,22.92,822.18,23.19,23.37,112.98,9.4,3.79,2147.77,3,3349.52,1,13411.1,0,0,56.41,25.26,10.79,0
478.08,3.5,15.37,164.15,4.28,13.17,1027.77,32.23,27.57,1670.0,2,4502.17,2,4881.64,0,0,19.86,5.25,40.51,0
756.58,6.37,12.3,846.84,8.62,23.91,865.45,19.29,13.72,2468.87,1,3246.51,1,973.6,0,0,31.52,23.37,29.71,0
904.74,8.09,21.76,1150.86,29.02,46.46,1709.57,64.43,43.05,3765.16,1,7472.24,3,10588.31,3,1,46.64,47.26,82.75,0
442.47,3.75,12.94,1137.71,35.24,34.65,637.97,20.81,8.91,2218.15,2,3435.76,1,13747.77,0,0,20.14,53.37,18.7,2
950.36,9.33,23.51,485.76,3.44,16.05,872.51,23.17,13.2,2308.63,3,4896.1,2,5686.71,0,0,54.44,19.04,25.53,0
407.09,2.56,6.58,484.18,11.01,15.65,840.63,24.31,20.0,1731.9,2,4234.8,2,3642.04,0,0,9.97,21.81,33.28,0
639.71,4.55,20.69,1233.26,36.49,41.86,1461.93,37.87,46.15,3334.9,2,3601.76,1,7033.53,0,0,29.45,46.53,59.9,2
753.14,5.45,17.63,727.92,7.83,18.53,82.44,5.12,3.73,1563.5,2,4389.81,2,12874.06,0,0,29.15,19.9,4.06,0
837.4,7.35,17.68,1044.82,29.41,34.61,1007.9,24.25,20.13,2890.12,2,5726.55,2,9184.5,0,0,43.63,39.13,32.42,0
359.41,2.2,4.05,485.35,7.77,15.7,445.65,17.75,10.5,1290.41,1,2285.25,0,8155.31,0,0,13.43,18.47,14.88,0
1121.33,9.63,28.14,395.02,10.7,14.69,1004.57,35.83,40.69,2520.92,1,4907.24,2,14310.61,0,0,53.44,15.41,53.2,0
905.39,6.55,17.76,320.61,13.09,16.3,658.12,12.05,5.84,1884.11,2,1046.08,0,7418.97,0,0,44.39,18.73,21.43,0
645.36,4.74,16.7,419.66,9.15,11.29,262.91,15.67,12.14,1327.92,0,1570.09,0,3256.81,0,0,32.89,11.61,11.98,0
507.21,2.25,14.32,926.87,22.89,28.65,294.7,7.2,10.36,1728.79,2,2994.67,1,4511.68,0,0,25.84,40.96,11.6,0
768.34,5.62,19.78,205.88,6.52,14.04,684.47,18.08,9.49,1658.69,2,2175.58,0,7331.16,0,0,39.78,3.56,25.71,0
1146.59,7.23,16.52,623.55,11.2,17.56,316.54,4.57,3.32,2086.67,0,2695.2,1,6230.33,0,0,47.39,18.58,10.18,2
908.16,7.76,21.02,845.64,23.05,22.85,439.99,10.86,4.95,2193.79,3,4304.91,2,6401.47,0,0,48.77,38.15,14.4,0
322.0,3.92,12.75,1176.2,33.11,27.78,537.21,12.82,5.23,2035.41,2,2874.38,1,5569.97,0,0,22.27,44.66,18.3,0
396.52,3.49,10.93,1324.13,35.46,32.12,1230.88,31.99,25.33,2951.52,1,5082.38,2,14249.62,0,0,17.42,50.78,45.74,0
413.06,1.88,13.58,490.85,7.51,17.95,1077.81,36.32,25.29,1981.72,1,3194.39,1,134.75,0,0,18.39,14.83,51.05,0
954.67,8.09,22.99,1234.01,34.9,38.06,914.14,24.66,23.19,3102.82,1,6175.49,3,9078.3,0,0,49.99,52.21,35.02,0
548.47,3.82,16.41,990.31,19.9,19.33,1289.48,32.65,38.03,2828.26,1,4461.42,1,11403.99,0,0,28.79,44.72,53.76,0
315.06,1.22,8.2,1013.45,31.8,26.99,816.42,28.44,17.31,2144.93,2,5381.74,2,8393.43,0,0,14.28,46.57,34.05,0
772.64,7.35,25.64,1752.54,51.43,54.45,263.75,12.96,3.48,2788.92,3,3950.63,2,12971.11,2,1,44.35,75.88,13.62,0
1027.21,7.24,19.78,979.63,21.79,19.81,1614.5,49.54,45.14,3621.34,0,5892.48,2,14397.78,0,0,44.72,33.73,67.49,0
562.13,4.51,14.98,984.29,24.69,31.24,698.47,19.53,14.44,2244.89,1,3405.56,0,2411.82,0,0,25.7,39.61,31.99,0
290.28,2.25,9.25,1088.52,32.52,29.82,1063.17,40.81,24.8,2441.97,1,4924.58,2,5435.85,0,0,11.16,42.95,51.9,0
1605.65,12.43,34.38,758.93,15.47,27.88,893.04,25.89,19.75,3257.62,2,6236.05,3,5811.81,2,1,80.09,19.67,37.38,3
819.36,5.52,18.76,1726.89,52.45,51.8,896.56,22.16,23.35,3442.81,1,5332.1,2,13629.97,0,1,29.03,73.32,33.97,3
789.88,5.86,16.91,697.44,13.54,21.58,582.27,17.23,16.34,2069.59,2,3963.5,1,10826.37,0,0,41.22,25.34,25.65,0
597.35,3.54,17.06,844.11,25.62,27.03,1387.47,46.6,44.81,2828.93,2,3695.74,1,12610.01,1,0,27.38,40.34,67.41,1
469.58,3.21,13.54,607.69,1.19,11.75,1242.44,32.07,27.36,2319.71,0,4046.66,1,13443.48,0,0,18.08,17.74,52.5,0
833.74,6.38,19.1,514.64,5.53,9.76,344.73,7.39,7.38,1693.11,1,2961.67,1,286.3,0,0,38.8,5.49,6.13,0
402.57,1.58,10.55,1072.79,37.92,38.78,673.88,21.52,17.07,2149.24,3,1945.36,0,4761.53,0,0,13.9,46.58,29.82,0
912.65,6.08,16.3,934.51,19.42,29.18,1068.53,38.98,22.99,2915.69,2,4624.38,1,2838.28,1,0,42.18,39.63,50.7,1
1242.24,10.93,27.22,488.8,9.99,21.5,358.32,11.35,17.18,2089.36,3,3350.93,0,14830.75,0,0,66.4,8.61,19.48,0
643.41,4.36,8.37,683.32,24.65,18.42,665.83,22.21,18.0,1992.57,2,2320.92,0,5424.61,0,0,25.99,28.53,29.42,0
462.04,2.65,11.68,329.68,3.09,9.99,798.18,22.09,24.97,1589.9,2,3388.58,1,8550.59,0,0,21.72,9.57,32.07,0
382.84,1.98,10.26,503.41,23.76,14.17,339.86,7.76,13.0,1226.11,3,2241.95,0,1496.33,1,0,15.58,18.91,13.5,1
551.33,3.02,9.01,692.3,18.22,9.93,673.39,19.16,19.42,1917.02,2,3053.98,1,8363.66,0,0,23.45,31.38,25.37,0
501.98,2.56,15.21,299.84,5.86,12.45,1147.31,36.04,38.73,1949.13,1,4474.22,2,11516.2,0,0,26.6,11.1,47.57,0
1113.03,9.97,28.03,512.22,8.91,16.74,1707.26,45.86,36.91,3332.5,2,4943.06,2,10092.76,0,0,55.46,14.15,68.97,0
829.42,6.41,19.25,1019.17,31.93,26.37,866.11,31.44,29.96,2714.7,0,5378.16,2,8467.22,0,0,38.88,42.62,35.9,0
805.16,8.72,22.03,866.1,17.39,28.43,1040.84,27.29,23.31,2712.1,3,5779.87,3,3235.08,0,0,48.7,29.65,40.41,0
595.24,3.34,11.26,1415.31,41.83,46.28,261.45,14.07,8.24,2272.0,3,5244.23,2,10238.88,0,1,22.39,62.55,7.61,0
644.93,4.83,18.37,1214.94,28.89,36.44,491.57,9.21,10.96,2351.44,1,3260.59,1,1163.99,0,0,35.02,48.96,17.43,2
768.47,5.23,14.91,632.16,16.73,25.49,556.42,12.94,15.98,1957.05,1,3428.19,1,1971.23,0,0,37.03,23.26,20.43,0
285.0,0.03,1.0,1613.16,61.73,57.77,1038.87,25.12,28.28,2937.03,2,3946.62,1,4485.02,2,1,4.59,80.5,47.79,3
230.48,0.46,11.65,1233.1,42.95,38.42,1910.65,58.18,56.27,3374.23,0,6400.96,2,3784.18,3,0,5.45,62.55,83.14,0
269.19,0.0,9.94,880.3,27.02,22.89,1946.15,65.9,55.57,3095.64,1,5133.49,1,4155.66,3,0,5.89,34.68,87.24,0
662.29,4.08,11.3,434.53,10.15,16.69,777.48,20.49,16.46,1874.3,1,4699.03,2,5766.78,0,0,27.42,16.54,35.04,0
906.59,7.24,17.5,1107.79,39.52,41.67,469.16,13.39,11.04,2483.54,0,3462.37,1,1086.78,0,0,48.11,47.83,15.44,2
304.14,3.43,11.29,1170.81,32.54,28.19,632.29,13.06,16.15,2107.24,1,3963.15,1,6597.58,1,0,17.06,46.09,22.41,1
322.62,2.29,9.26,579.91,13.76,21.96,1312.97,42.17,37.96,2215.49,1,5319.19,2,9654.48,0,0,11.63,25.72,58.46,0
525.36,3.15,15.0,577.36,23.5,28.4,917.85,27.6,16.9,2020.57,2,2563.4,1,9302.25,0,0,21.57,33.03,34.46,0
696.06,5.07,14.26,783.52,20.26,25.32,342.6,18.38,7.08,1822.18,2,3423.93,1,1058.17,1,0,29.32,30.18,13.52,1
455.9,1.91,14.56,1194.08,38.49,43.25,1588.57,49.71,39.65,3238.55,3,5790.12,2,5446.04,0,0,17.41,56.34,64.05,0
273.21,1.06,8.87,1057.35,37.31,37.47,383.94,1.18,1.25,1714.5,0,2887.19,1,6999.35,0,0,12.92,51.04,3.41,2
366.48,1.85,12.84,755.73,17.0,17.98,519.87,5.99,18.59,1642.08,1,4084.94,2,1816.04,0,0,12.01,33.18,17.36,0
1272.92,12.18,30.92,999.85,31.02,42.48,858.3,26.8,20.74,3131.08,1,3651.15,1,9436.73,2,1,75.61,45.39,35.42,3
352.26,1.4,5.72,396.69,21.25,19.75,590.3,23.86,11.84,1339.24,2,3013.63,1,11064.5,0,0,9.47,24.21,25.86,0
746.73,7.64,18.22,509.35,17.91,23.33,773.93,21.33,17.64,2030.01,1,2877.85,1,215.67,0,0,40.99,18.12,30.17,0
1310.12,12.13,32.3,912.83,17.02,21.33,870.73,26.24,17.86,3093.68,2,6929.12,3,12500.94,2,1,72.39,28.48,39.93,3
1215.34,9.15,24.27,1486.95,38.48,48.59,319.78,11.29,7.3,3022.07,3,4264.58,1,9155.28,0,1,52.02,64.36,11.53,0
309.15,1.55,9.52,324.4,14.68,14.88,1047.44,32.67,24.85,1680.99,0,2363.74,1,178.61,0,0,12.48,12.38,47.59,0
1215.77,10.54,24.35,1011.12,22.56,39.44,1479.77,40.45,32.29,3706.66,2,3189.75,0,9960.25,0,0,64.23,37.43,59.35,2
170.27,0.79,8.37,633.94,13.86,9.27,698.47,22.31,20.74,1502.68,3,3608.5,1,12262.32,0,0,10.14,22.23,30.07,0
489.64,2.74,10.32,995.76,26.79,26.25,1158.36,37.11,21.97,2643.76,2,4528.29,2,13163.29,0,0,20.79,42.97,48.71,0
625.65,4.55,12.34,221.17,2.34,9.28,1109.57,33.63,31.21,1956.4,2,4100.99,2,7513.01,0,0,26.79,3.79,54.17,0
292.06,1.42,12.66,432.87,10.87,13.57,148.67,0.0,7.54,873.61,2,1184.54,0,5405.41,0,0,13.34,18.92,4.22,0
516.78,4.78,14.53,772.61,25.77,25.05,1307.98,35.17,29.91,2597.36,2,4234.2,1,5214.92,0,0,33.81,32.01,57.04,0
530.17,3.19,8.75,244.63,6.43,6.82,836.56,23.43,22.68,1611.36,1,4107.43,2,1177.69,0,0,17.78,5.17,38.11,0
1375.26,11.11,31.58,1932.17,47.66,59.02,829.19,32.27,28.67,4136.62,2,6694.0,3,3909.51,1,1,73.24,75.55,34.94,1
522.46,4.92,11.34,1310.12,33.73,38.01,228.89,10.49,15.45,2061.47,2,6322.61,3,3133.22,0,0,25.96,56.92,17.63,0
943.2,7.53,20.18,518.52,8.9,23.56,248.24,10.78,5.81,1709.96,2,5492.73,2,9516.52,0,0,48.11,19.28,12.44,0
1219.56,10.56,34.19,523.08,7.26,25.03,1608.12,51.35,42.69,3350.76,1,4231.05,1,2617.3,1,0,66.89,14.12,76.6,1
906.65,6.64,18.59,438.35,7.11,12.48,707.48,14.51,17.26,2052.48,1,2538.18,0,10520.86,0,0,40.26,6.84,24.61,0
1441.7,11.48,32.37,834.6,20.15,35.88,283.69,10.6,3.96,2559.99,3,2136.59,0,9823.92,2,1,72.42,26.98,8.93,0
1016.18,8.2,29.99,936.17,36.25,33.29,760.22,22.31,32.15,2712.56,3,4492.31,1,7207.09,0,0,49.84,42.75,42.16,0
967.67,5.51,19.26,637.7,11.57,20.34,666.12,20.41,15.39,2271.48,2,4167.22,1,338.55,0,0,39.04,20.36,21.68,0
530.53,2.32,16.42,214.19,0.0,8.54,793.39,21.01,11.04,1538.1,2,3318.5,1,5689.89,1,0,28.13,6.21,30.04,1
335.56,0.23,8.92,632.02,22.67,15.38,776.55,22.62,13.3,1744.13,2,4732.06,2,1860.73,1,0,8.52,32.57,31.7,1
414.98,4.19,14.0,534.58,5.99,19.06,687.79,22.27,11.0,1637.35,2,2375.37,0,12072.17,0,0,28.49,18.53,25.62,0
410.96,2.88,10.81,579.75,19.51,24.12,785.32,28.21,16.02,1776.03,0,4358.58,2,12826.39,1,0,15.53,27.36,32.19,1
1270.52,10.7,24.1,840.61,15.89,30.22,306.54,4.46,6.59,2417.67,2,2586.43,1,745.08,1,0,56.1,26.05,11.45,1
284.27,2.09,7.87,645.19,25.95,19.78,979.45,21.94,26.05,1908.91,2,1984.76,0,7220.58,0,0,16.01,25.91,40.06,0
817.27,4.86,19.28,1412.69,37.9,33.84,445.19,4.49,4.55,2675.15,1,3514.22,1,11205.52,0,0,33.65,55.37,15.88,2
792.33,7.58,15.57,1339.9,46.51,44.84,373.04,11.68,4.42,2505.26,2,3519.38,1,4714.3,0,0,45.72,54.9,16.58,2
506.31,2.49,10.08,1262.55,43.68,46.2,579.95,9.52,6.93,2348.81,1,2574.44,0,8135.35,0,1,14.45,59.95,18.89,2
647.15,5.57,15.91,755.52,25.24,25.35,360.22,5.99,7.66,1762.89,2,4480.54,2,12419.61,0,0,33.56,31.79,15.89,0
415.91,3.31,9.57,249.34,6.92,9.35,1116.63,35.71,31.27,1781.87,1,1243.76,0,6293.64,0,0,21.95,7.48,48.04,0
765.88,4.89,21.04,965.64,19.2,34.92,1179.31,34.31,23.04,2910.84,2,6774.14,3,2215.14,0,0,40.48,36.24,45.66,0
281.48,1.93,5.8,1083.64,44.84,36.32,640.47,13.02,14.01,2005.59,2,4502.64,2,13842.23,0,0,11.05,56.23,20.09,0
1388.1,11.7,29.45,1190.17,33.69,40.14,827.07,19.39,15.29,3405.34,3,6093.57,2,5954.69,2,1,73.35,43.64,29.21,0
754.41,4.76,20.38,814.74,25.63,29.25,647.3,24.12,16.27,2216.45,2,3631.2,1,5365.89,0,0,37.7,36.18,33.03,0
1344.88,11.48,23.33,1571.76,31.91,49.08,944.44,22.87,22.29,3861.08,2,6182.04,2,9200.82,0,1,68.87,53.56,39.69,0
1015.05,8.72,26.04,1295.07,28.84,44.39,520.4,19.62,13.86,2830.53,3,4966.73,2,12447.28,0,0,50.88,50.86,24.84,0
450.45,3.73,12.08,1257.09,36.04,27.4,555.98,21.21,21.86,2263.53,1,2687.69,0,14524.19,0,0,20.55,53.02,25.94,2
913.21,7.4,20.96,873.57,26.33,31.9,648.68,25.1,18.55,2435.46,1,3998.49,1,9579.7,0,0,48.25,32.58,28.3,2
1188.15,9.72,21.74,1115.25,36.24,43.33,778.26,15.52,14.92,3081.67,1,5494.47,2,5235.02,0,0,59.66,51.29,32.6,0
1061.35,7.74,23.77,519.3,11.41,16.08,333.95,11.58,14.71,1914.6,2,2236.68,0,6632.07,0,0,52.85,14.44,13.62,2
742.37,4.55,17.44,1192.19,40.24,42.1,689.54,29.81,28.95,2624.09,2,5211.59,2,10289.13,0,0,35.34,48.85,39.26,0
399.43,2.76,12.85,668.84,24.54,24.25,328.06,13.17,1.43,1396.32,2,2845.02,1,14517.08,0,0,17.75,30.13,9.66,0
861.83,6.24,19.87,702.13,20.25,19.08,658.44,17.6,11.23,2222.4,3,5436.39,3,14758.81,0,0,46.51,25.01,26.26,0
873.16,6.89,17.38,681.12,17.35,24.21,1248.09,32.16,25.67,2802.37,2,4611.52,2,10077.1,0,0,43.74,20.84,47.04,0
500.54,3.89,14.55,378.77,9.54,16.31,1076.79,30.77,22.04,1956.1,2,3001.7,1,5495.16,0,0,24.6,11.19,45.26,0
155.56,1.49,7.95,499.1,15.05,10.44,311.88,11.47,14.16,966.54,1,2040.97,0,6591.95,0,0,13.38,18.09,18.67,0
882.14,7.97,20.56,1184.29,34.97,37.13,183.73,3.73,9.14,2250.15,1,2884.86,0,14072.84,0,0,40.12,47.07,10.45,2
395.61,2.14,7.64,1429.91,43.81,38.56,564.84,16.43,18.62,2390.35,2,2865.29,0,10966.23,0,0,16.38,59.36,29.31,2
515.42,4.05,15.88,517.87,30.29,18.67,1364.16,38.65,34.21,2397.45,0,3943.22,2,5145.78,0,0,24.28,22.92,59.14,0
958.66,7.28,25.74,616.96,7.05,14.43,392.6,6.39,5.02,1968.22,2,4771.6,2,7779.5,0,0,46.48,10.68,6.55,0
291.91,3.17,9.8,1130.26,19.77,25.89,648.61,12.6,12.51,2070.78,2,3798.57,1,7336.71,0,0,15.13,41.06,23.12,0
364.2,1.29,12.46,651.05,16.95,22.64,456.78,13.75,7.95,1472.03,1,1848.95,0,12671.63,0,0,9.75,30.36,16.03,0
305.47,0.13,9.77,347.48,11.1,7.55,1027.42,33.19,27.89,1680.37,1,3285.17,1,321.29,1,0,7.16,9.44,47.6,1
746.92,7.09,20.79,877.41,19.03,26.49,903.78,26.71,21.73,2528.1,1,4004.4,1,11055.83,0,0,42.22,24.93,35.05,0
805.37,5.7,20.05,1480.98,38.67,47.05,741.03,24.45,20.33,3027.38,2,4339.4,1,2769.68,0,1,43.11,56.88,30.92,2
602.64,3.49,12.48,355.78,14.97,23.03,1032.13,28.03,20.75,1990.55,3,3381.0,1,4774.29,0,0,26.04,18.97,41.62,0
1036.7,7.92,26.81,1086.06,34.36,33.63,1733.16,55.35,42.73,3855.92,2,6737.52,3,10026.16,0,0,52.05,43.76,72.36,0
563.38,3.93,17.41,516.52,16.76,23.1,620.57,22.98,15.87,1700.47,2,2979.46,1,12185.26,0,0,26.93,20.8,26.24,0
620.46,4.21,11.69,1111.16,36.21,33.6,399.39,4.24,7.43,2131.01,1,2431.14,1,11017.25,0,0,28.07,43.57,12.78,0
383.82,3.69,14.16,1326.67,45.58,38.38,897.74,17.04,9.45,2608.23,2,2396.21,0,4272.89,0,0,25.2,54.33,28.32,2
127.79,1.18,4.92,670.86,28.16,23.62,1668.07,44.88,39.02,2466.72,2,2865.57,0,7839.61,0,0,6.75,34.94,66.0,0
410.55,2.82,13.79,230.5,5.65,8.72,466.48,13.18,6.11,1107.53,0,832.55,0,4791.96,0,0,21.04,8.41,12.98,0
281.21,1.59,9.97,916.07,39.71,24.57,917.26,23.94,12.65,2114.54,2,2975.25,1,6994.43,0,0,7.79,49.01,26.78,2
287.63,2.7,7.7,888.2,23.79,30.45,633.06,12.25,11.85,1808.89,3,3691.6,2,9246.81,0,0,21.11,38.19,15.79,0
935.69,6.46,21.11,1451.55,39.79,49.78,424.95,11.51,8.31,2812.18,2,6252.72,2,972.73,0,1,46.73,63.51,8.31,0
147.54,0.0,8.17,391.52,4.36,10.09,230.49,6.4,7.94,769.55,3,2905.05,1,14370.81,1,0,5.43,12.94,11.13,1
510.73,3.04,12.64,927.7,20.49,16.76,827.88,33.26,18.68,2266.32,3,4491.56,2,8267.34,0,0,21.04,30.71,38.94,0
517.55,4.09,17.6,1690.94,49.33,50.81,520.84,21.53,11.26,2729.33,0,6318.45,2,6686.69,2,1,20.72,76.6,25.34,3
976.98,6.74,15.08,536.75,14.28,21.35,1058.43,28.8,29.53,2572.15,2,4377.5,1,7212.44,0,0,42.28,18.49,40.13,0
282.22,2.26,14.82,425.61,10.47,17.51,1148.93,33.91,32.03,1856.75,2,3704.86,1,12535.44,1,0,16.45,11.29,44.7,1
871.38,7.59,19.02,950.51,34.4,34.24,473.18,15.53,11.69,2295.07,2,3502.1,1,1860.02,0,0,47.62,38.64,15.35,2
406.09,1.9,4.84,908.11,26.7,20.67,844.91,25.63,19.77,2159.12,0,3795.11,1,13589.61,1,0,17.9,40.12,39.14,1
1102.3,6.72,23.65,640.31,18.6,24.22,1109.38,26.85,27.92,2851.98,0,4386.08,1,3556.59,0,0,50.53,20.07,41.95,2
932.77,6.48,20.52,1136.99,37.81,45.28,1417.89,45.39,42.34,3487.64,2,3821.14,1,10393.26,0,1,45.43,52.49,61.71,2
674.21,4.37,16.67,813.59,26.51,25.5,1581.05,47.35,50.13,3068.85,2,4313.93,1,8391.45,0,0,32.54,33.84,68.74,0
630.85,5.95,15.37,823.86,33.99,21.61,250.6,2.85,0.0,1705.31,3,3023.85,1,11472.58,0,0,25.16,37.91,4.05,0
242.7,3.27,10.43,984.08,31.33,33.69,1187.39,41.64,38.92,2414.17,3,3643.98,1,2372.89,1,0,10.8,40.05,50.63,1
730.74,6.48,14.24,862.29,25.06,30.75,1189.58,32.07,22.66,2782.62,2,5563.43,2,12271.19,1,0,30.95,40.12,50.4,1
1137.95,7.2,25.31,1176.89,32.22,39.5,493.57,20.87,20.69,2808.41,3,7015.97,3,9791.95,1,0,51.06,52.38,24.8,1
314.16,3.59,3.74,965.07,26.55,33.68,615.58,22.64,16.61,1894.81,2,3812.07,2,11701.72,1,0,13.69,46.25,30.78,1
890.61,7.74,22.89,300.98,0.0,11.26,788.06,14.52,18.92,1979.65,3,4065.8,2,7376.77,0,0,51.92,7.68,27.07,0
1085.16,10.15,27.71,841.12,13.6,20.43,186.04,0.0,0.0,2112.33,1,2099.61,0,12435.2,0,0,55.2,21.91,2.9,2
514.95,3.05,11.76,1089.14,30.95,27.65,843.96,17.6,27.41,2448.06,0,2955.12,0,11700.74,0,0,16.86,43.01,38.46,0
702.62,4.39,16.49,707.02,17.29,22.16,726.86,17.39,12.9,2136.5,2,4365.19,2,2613.77,0,0,32.4,24.54,27.37,0
1204.56,12.3,27.97,745.28,15.39,26.59,482.45,8.11,7.01,2432.29,1,4382.24,2,14504.75,0,0,68.59,25.51,17.72,3
553.69,4.6,13.28,1131.41,27.74,36.55,473.97,16.27,18.86,2159.07,1,3588.62,1,14579.13,0,0,20.67,50.29,23.01,2
996.87,6.74,20.75,855.57,22.2,26.81,678.47,19.8,10.93,2530.91,1,1464.26,0,14746.57,0,0,47.4,24.27,27.25,2
446.19,2.8,12.45,661.13,17.31,20.31,930.15,19.03,19.07,2037.47,0,2171.52,0,1568.88,0,0,15.9,28.72,36.96,0
692.49,3.09,13.59,668.52,23.75,23.57,1124.99,29.95,38.53,2486.0,2,6039.67,2,11245.18,0,0,28.99,30.95,54.7,0
375.19,2.69,16.16,991.75,23.32,30.66,1588.1,47.04,39.96,2955.04,0,6691.59,3,9635.71,0,0,18.81,39.18,64.05,0
684.49,4.31,16.75,1555.68,43.31,50.84,546.18,12.22,14.56,2786.35,1,3533.89,1,14629.97,0,1,28.88,71.13,19.78,3
869.04,7.15,26.79,924.46,23.74,27.01,644.35,8.79,8.48,2437.85,1,3700.38,1,9174.95,0,0,46.7,36.58,17.46,2
546.41,6.28,14.74,701.11,21.85,27.92,952.19,22.29,14.65,2199.71,2,5489.57,3,10297.82,0,0,31.16,28.01,33.41,0
573.59,3.91,19.56,483.14,4.96,19.36,1087.33,28.37,22.22,2144.06,2,2774.67,1,902.52,0,0,31.11,16.76,38.0,0
429.85,2.44,6.93,952.57,26.17,24.64,782.82,28.16,18.66,2165.24,1,4443.07,2,4974.47,0,0,16.36,39.19,34.69,0
1184.56,10.71,29.28,658.22,14.53,18.94,1044.55,28.42,22.3,2887.33,2,2408.69,0,9506.03,1,0,63.18,21.46,40.7,1
1372.0,9.38,27.48,738.0,13.77,27.45,1022.46,30.41,24.43,3132.46,2,4897.23,1,4567.63,0,0,65.22,22.07,42.05,2
910.8,5.89,19.78,1447.11,35.22,43.63,358.3,7.3,4.49,2716.2,2,7227.45,3,6496.14,0,0,41.2,57.46,5.17,0
1472.06,12.79,33.21,986.22,18.49,32.29,827.99,22.72,13.51,3286.28,1,5470.78,2,12825.48,2,1,74.34,27.27,27.32,3
1022.11,8.47,23.4,1727.54,53.51,63.04,483.23,11.7,7.95,3232.88,2,5307.6,2,14544.57,2,1,46.21,80.46,10.22,3
52.56,0.25,8.81,1450.54,38.53,38.64,477.02,7.92,16.03,1980.12,0,4661.2,2,14711.72,0,0,3.7,63.37,18.69,0
361.26,2.51,10.04,639.24,19.46,16.47,469.77,4.78,15.68,1470.27,1,2512.81,1,7616.43,0,0,11.37,21.09,22.85,0
509.74,4.66,14.09,1358.93,42.38,39.48,124.94,0.81,8.8,1993.61,1,2003.12,0,6984.64,0,0,21.32,54.94,5.67,2
760.99,6.63,19.56,733.29,15.93,22.76,655.16,20.4,18.27,2149.43,0,4650.15,2,6551.03,0,0,43.49,26.39,23.79,0
164.51,1.9,5.83,305.27,5.87,11.75,824.81,27.03,27.2,1294.59,2,1166.1,0,131.66,0,0,7.9,11.77,38.95,0
687.25,5.17,17.55,573.75,19.03,28.98,709.74,24.09,13.98,1970.75,3,3899.77,2,9323.09,0,0,34.44,27.75,27.21,0
965.4,6.92,16.07,1384.46,43.81,42.98,467.41,7.64,14.72,2817.27,2,4114.9,1,1003.68,0,0,50.02,57.72,18.07,2
501.37,3.78,14.51,717.9,19.22,9.38,746.62,25.06,24.14,1965.89,2,3485.27,1,13759.17,0,0,23.59,19.95,40.22,0
658.68,5.39,19.83,726.69,12.34,19.43,1309.56,39.67,38.46,2694.92,2,3385.99,1,5029.84,0,0,34.9,26.03,54.26,0
917.32,5.65,20.84,822.1,26.69,27.87,1233.3,35.03,35.94,2972.72,1,3110.02,0,7747.92,0,0,39.94,32.69,48.88,0
721.59,6.31,17.56,1146.1,31.79,28.77,695.07,16.29,16.78,2562.76,2,4829.18,2,13574.95,0,0,41.13,44.73,22.03,0
435.32,3.83,7.65,260.63,7.5,9.95,803.31,23.79,21.88,1499.26,2,2668.44,1,10638.48,0,0,25.1,11.7,34.9,0
910.38,8.27,24.58,1218.05,31.03,40.92,935.27,29.78,27.37,3063.7,3,2061.45,0,2002.67,0,0,50.32,51.22,43.2,0
450.77,4.58,10.83,604.8,12.77,18.74,552.63,22.62,14.6,1608.19,1,3331.7,1,10416.85,0,0,23.42,19.15,22.8,0
631.82,6.24,12.98,1420.15,41.26,46.48,730.91,23.8,17.58,2782.88,2,6189.85,3,8974.72,0,1,33.83,59.64,34.61,0
755.93,4.74,18.38,1004.42,29.9,34.25,1325.17,41.89,28.38,3085.51,1,5259.25,2,11830.12,0,0,30.09,44.71,53.65,0
501.26,3.78,10.15,1499.87,40.35,39.76,848.25,23.62,22.97,2849.38,1,5473.82,2,1318.32,0,0,26.33,58.63,33.96,0
719.45,6.84,17.11,460.09,19.26,18.44,1061.53,39.11,27.05,2241.07,0,4176.03,1,14392.43,0,0,36.07,21.39,49.61,0
1025.38,9.22,30.68,815.58,20.15,27.6,491.3,13.7,13.15,2332.25,0,3316.92,1,1029.01,0,0,58.13,26.99,20.16,2
175.14,0.7,5.58,962.16,31.33,28.24,815.96,17.3,14.07,1953.25,1,3353.92,1,7071.92,0,0,7.37,39.27,25.9,0
645.14,4.73,11.86,1316.57,30.57,38.97,934.01,26.61,19.36,2895.73,2,3654.56,0,10391.14,0,0,28.72,51.84,38.64,2
339.68,0.36,10.51,720.96,19.74,20.53,852.93,29.85,20.03,1913.57,2,4585.04,2,10863.55,0,0,11.4,30.23,37.97,0
290.75,0.8,8.55,1305.21,37.79,40.84,950.45,23.09,33.86,2546.41,1,2401.48,0,4038.99,0,0,7.33,56.83,41.51,2
327.68,2.48,6.4,435.27,13.13,11.63,431.52,8.64,6.11,1194.47,2,4766.36,2,9654.72,1,0,18.19,15.51,14.73,1
1146.4,9.33,26.94,952.4,19.46,32.67,1426.12,39.37,28.84,3524.91,2,6270.97,3,873.57,0,0,62.24,26.44,52.45,0
811.06,6.22,21.48,947.71,28.77,27.67,217.17,6.89,2.72,1975.94,1,3429.69,1,5240.44,0,0,36.98,36.72,10.55,0
515.65,4.75,17.71,783.46,24.78,16.16,845.41,16.36,17.56,2144.53,3,1981.31,0,14012.7,0,0,24.31,26.23,27.84,0
443.11,4.62,11.37,146.33,5.48,8.31,1213.58,36.28,30.45,1803.02,2,2247.72,0,6927.62,0,0,20.44,6.53,52.47,0
871.36,6.22,20.96,566.86,13.31,12.57,1889.16,56.09,38.72,3327.39,1,3408.36,0,12850.73,0,0,41.34,19.21,75.93,0
726.24,4.81,17.64,643.74,13.86,17.88,172.75,11.01,11.49,1542.73,2,1166.1,1,2274.6,0,0,31.47,21.27,9.01,0
473.2,3.45,16.76,876.75,16.78,28.58,504.94,3.91,0.0,1854.9,2,2500.12,0,6888.77,0,0,24.95,33.94,11.81,0
257.32,2.08,8.34,611.44,14.86,22.25,1515.08,46.45,30.2,2383.84,0,2573.65,0,9198.84,0,0,10.31,28.37,56.68,0
361.09,1.09,14.54,595.23,16.71,28.47,1132.78,24.43,22.06,2089.1,2,5323.22,2,4733.35,0,0,16.15,33.14,38.92,0
1076.07,9.23,23.69,443.6,10.82,20.23,936.85,26.5,26.16,2456.53,1,1969.32,0,14692.14,0,0,59.64,18.53,38.51,2
748.38,5.96,19.87,947.7,28.7,28.84,149.05,0.0,0.0,1845.13,2,3051.98,1,7686.8,0,0,35.8,43.25,2.67,0
342.1,2.21,7.93,681.14,16.76,14.46,157.57,5.44,1.12,1180.8,2,1846.03,0,4234.62,0,0,16.96,14.08,6.43,0
788.88,5.96,13.42,838.07,33.77,33.5,253.9,6.32,7.76,1880.85,1,1946.36,0,9979.67,0,0,39.41,47.67,11.89,2
1030.2,8.78,24.3,1575.42,48.65,52.02,928.6,21.56,18.52,3534.21,1,5701.83,2,12706.4,0,1,49.9,68.62,34.03,3
471.84,3.25,21.07,1198.31,35.35,32.89,811.09,24.53,14.24,2481.23,1,3577.64,2,4935.11,0,0,20.58,54.8,32.7,0
493.82,5.26,15.39,465.86,10.31,12.89,892.8,23.46,25.34,1852.48,3,4274.66,2,6832.25,0,0,26.93,15.54,34.31,0
622.42,5.99,14.6,811.14,14.33,23.72,1154.73,29.88,30.32,2588.29,3,4454.95,1,14211.73,0,0,29.23,33.08,46.46,0
354.41,2.77,13.85,1055.85,38.96,34.07,730.88,22.56,24.53,2141.14,2,4993.3,2,2140.79,0,0,14.63,52.0,35.01,0
681.6,5.51,16.24,900.36,20.08,25.35,113.7,7.03,4.71,1695.66,0,1877.0,0,2949.15,0,0,35.92,31.04,6.61,0
294.0,3.78,5.21,1315.75,42.79,44.88,994.33,21.13,22.09,2604.09,2,3283.61,1,14979.31,0,0,15.73,68.09,37.53,2
238.84,0.0,10.68,894.04,20.76,20.9,282.58,6.0,9.67,1415.45,0,2732.15,1,6633.26,0,0,8.14,30.63,6.79,0
247.26,1.24,15.09,1153.6,37.38,34.75,580.19,11.58,10.72,1981.06,1,3626.28,2,8429.86,1,0,15.5,49.6,22.82,1
619.24,6.17,17.53,571.95,20.2,20.25,1590.21,48.66,41.84,2781.4,0,3191.14,0,7765.01,1,0,34.7,24.45,66.38,1
276.69,4.64,11.76,904.65,37.07,30.89,760.46,22.16,15.06,1941.8,3,2385.35,0,9501.17,0,0,16.63,42.69,23.89,0
480.41,4.97,12.84,748.47,16.35,24.09,421.47,4.23,6.93,1650.34,1,1692.25,0,6764.8,0,0,27.63,24.06,10.87,0
590.75,5.03,15.19,533.51,13.15,16.63,1002.2,24.69,18.17,2126.46,1,4012.57,1,5346.42,0,0,30.5,25.31,40.27,0
359.61,1.36,9.45,1163.31,38.35,29.86,710.19,26.15,11.86,2233.11,0,3961.47,1,5676.6,0,0,10.81,52.8,26.16,2
1521.8,12.82,32.21,366.8,6.29,20.33,1628.68,47.44,45.33,3517.28,0,4938.75,1,9355.02,2,1,77.35,3.39,63.24,3
603.96,4.79,13.55,306.05,7.9,13.07,785.29,22.23,22.53,1695.3,1,2575.94,0,6553.38,0,0,24.12,8.47,33.47,0
892.85,8.26,12.33,475.72,7.8,14.5,861.99,23.51,15.75,2230.56,1,4471.08,1,6377.79,0,0,47.87,10.38,34.04,2
425.69,4.55,15.34,1486.87,47.31,46.08,683.67,14.26,9.44,2596.23,0,4760.69,2,4926.5,0,1,28.14,63.4,27.09,0
912.71,8.65,18.14,582.18,9.96,17.98,1401.49,35.36,32.95,2896.38,0,6199.32,3,12390.36,0,0,48.92,16.21,62.5,0
1014.79,7.75,22.85,2031.11,60.05,60.55,409.6,10.65,5.7,3455.5,2,4159.7,1,2527.34,2,1,46.92,85.41,15.44,3
642.42,5.69,19.72,366.99,7.11,11.68,718.99,21.31,22.56,1728.39,2,2605.92,1,9115.22,0,0,32.99,8.61,33.21,0
220.38,2.04,9.44,160.64,0.0,5.57,886.87,24.56,11.34,1267.89,1,772.36,0,14582.97,0,0,7.9,5.86,31.39,0
1186.23,9.24,23.4,552.7,11.63,30.3,144.56,3.17,9.24,1883.49,2,1781.79,0,2990.76,0,0,62.41,20.43,4.46,2
431.71,2.61,8.25,708.51,15.36,30.7,721.65,18.04,18.36,1861.87,1,1909.61,0,6316.44,0,0,16.44,29.15,27.75,0
343.48,1.84,8.63,1061.44,26.62,24.31,879.42,20.22,23.49,2284.34,0,2953.85,1,10796.09,0,0,10.95,45.98,31.13,2
796.28,6.51,23.9,429.33,8.23,18.95,1358.88,29.25,31.16,2584.49,2,5935.42,3,6518.4,0,0,46.68,19.8,51.4,0
507.74,4.66,20.08,1457.11,43.78,41.31,1050.33,25.84,25.33,3015.19,2,5198.29,2,251.2,1,0,34.56,61.95,43.38,1
672.55,4.3,16.58,1122.38,38.88,43.0,228.13,0.32,1.82,2023.06,2,1925.04,0,10648.7,0,0,30.01,52.48,6.71,2
424.97,4.05,9.15,542.26,13.02,23.84,1699.03,51.94,40.04,2666.26,1,4770.84,2,10788.03,0,0,20.11,25.1,69.93,0
1132.35,8.73,27.96,1193.25,28.62,42.92,1273.84,38.7,32.25,3599.44,2,5584.31,2,11339.94,0,0,55.55,47.08,51.94,0
286.65,2.14,9.38,395.77,19.04,15.9,396.74,14.3,12.58,1079.16,2,2763.03,1,7694.03,0,0,12.73,24.88,19.15,0
707.02,5.45,15.19,726.83,18.49,19.79,698.8,21.05,7.27,2132.65,2,3069.89,1,4619.1,0,0,32.52,20.73,20.19,0
266.54,2.26,7.38,1144.66,34.86,24.36,1106.24,32.57,17.11,2517.44,3,3086.07,1,11728.2,0,0,10.96,47.53,45.11,0
850.18,7.76,16.53,561.65,20.43,26.3,1286.12,35.73,29.3,2697.95,3,5065.7,2,4079.54,0,0,45.99,23.63,50.65,0
1368.6,11.79,33.97,1157.93,30.3,42.84,920.35,23.26,27.38,3446.88,1,5268.84,2,3105.92,2,1,73.35,44.34,36.13,0
794.89,6.36,18.79,836.24,25.15,25.13,610.68,13.88,11.37,2241.81,2,4863.14,2,4083.03,1,0,40.46,31.48,21.33,1
418.46,3.45,8.55,1104.99,35.82,38.19,229.11,1.5,0.0,1752.56,0,1175.3,0,3888.1,0,0,16.09,53.08,7.07,2
930.48,7.29,23.63,930.13,28.21,31.78,816.34,25.68,19.84,2676.94,0,2839.84,0,5294.38,0,0,48.01,38.29,29.85,2
404.38,4.73,15.34,1074.59,28.62,25.61,561.69,14.77,9.96,2040.66,2,3332.64,1,14908.35,0,0,22.79,47.42,18.36,2
553.05,2.56,6.41,698.43,25.74,26.08,281.76,2.71,0.0,1533.24,1,2030.05,0,1710.97,0,0,18.88,28.65,4.84,0
595.02,4.13,19.18,1308.16,47.8,47.47,1350.48,43.63,29.71,3253.65,0,5802.64,3,6637.47,0,1,27.23,58.49,63.51,0
328.5,1.81,14.38,473.63,13.84,7.33,955.71,36.51,28.47,1757.84,0,983.21,0,13721.37,0,0,7.76,18.74,44.89,0
1132.24,12.02,27.47,1228.45,39.21,41.66,808.31,25.26,22.35,3169.01,0,5399.55,2,201.28,0,0,63.31,46.55,32.09,3
599.97,3.25,16.22,300.87,7.96,17.2,520.42,11.86,11.76,1421.26,3,2267.51,1,13736.95,0,0,30.01,8.72,21.38,0
714.56,6.2,24.22,1072.35,29.56,27.27,1440.91,33.24,29.24,3227.82,2,5210.44,2,1610.59,0,0,34.41,42.79,55.78,0
1231.39,10.14,23.09,1248.84,28.96,30.09,183.87,4.87,0.0,2664.1,2,5754.45,2,6724.66,0,0,61.04,43.94,8.25,0
1006.72,9.22,24.39,1665.68,55.42,52.15,484.01,10.76,18.46,3156.41,1,4322.23,1,3373.38,0,1,59.87,68.54,13.85,3
312.24,3.67,14.15,1209.54,30.96,31.65,1052.7,29.08,30.56,2574.48,1,3272.13,1,9976.56,0,0,21.16,45.1,51.34,2
617.81,4.29,19.93,321.54,10.23,20.51,173.59,0.5,8.95,1112.94,0,2696.08,1,14763.97,0,0,32.82,14.67,10.7,0
434.66,2.13,11.16,747.23,27.64,33.1,465.55,10.41,9.58,1647.44,3,4162.06,2,11680.05,0,0,17.27,34.19,17.18,0
981.93,8.84,21.14,671.11,15.72,25.48,238.86,6.64,2.62,1891.9,1,3236.69,1,11319.51,0,0,53.1,20.27,5.16,2
1173.24,9.0,30.32,647.42,11.74,16.35,1304.44,37.45,30.59,3125.1,3,6657.57,2,7075.7,0,0,61.3,18.46,52.27,0
216.64,1.3,7.55,643.73,24.42,20.99,714.28,17.15,16.12,1574.65,2,3344.79,1,8678.49,0,0,7.36,29.51,23.94,0
1169.76,9.74,27.48,361.42,0.0,13.41,1388.61,38.96,37.63,2919.79,3,4361.79,2,8061.67,1,0,64.22,1.87,57.57,1
443.45,1.83,12.58,1450.05,45.78,46.11,860.15,28.49,23.38,2753.65,2,7612.63,3,5580.33,0,1,13.68,65.91,35.39,0
465.24,4.85,18.24,1019.84,26.63,20.15,1186.81,40.25,36.12,2671.89,2,2349.47,0,14531.21,0,0,24.94,37.87,53.47,0
94.34,0.66,9.21,290.53,9.79,14.6,569.2,28.32,19.23,954.07,0,1298.93,0,13262.05,0,0,9.98,14.83,29.83,0
699.55,6.18,20.01,626.42,18.53,27.12,563.02,12.31,10.8,1888.98,1,3666.99,2,13381.88,0,0,38.79,21.72,18.38,0
263.15,2.6,13.0,677.69,18.03,21.98,473.19,19.75,12.94,1414.04,2,3964.74,2,3982.54,0,0,13.88,30.53,21.43,0
536.33,4.14,12.92,590.7,12.17,20.43,936.12,24.95,21.9,2063.16,3,2930.57,1,11262.89,0,0,24.58,18.06,37.8,0
581.75,3.83,12.76,593.72,23.63,20.17,842.31,19.82,21.49,2017.79,2,3094.3,1,8416.08,0,0,26.88,19.42,30.25,0
223.62,1.15,5.78,682.16,25.42,11.76,634.3,9.05,0.0,1540.08,2,2673.03,1,8632.5,0,0,5.37,32.21,11.05,0
950.68,5.58,16.25,1476.88,45.5,44.26,1166.97,33.69,31.25,3594.53,3,7561.22,3,2577.26,0,0,40.02,59.34,49.29,0
146.46,0.18,2.98,1173.33,37.88,34.91,686.73,20.66,18.6,2006.53,0,3376.05,1,6877.75,0,0,3.57,54.74,32.18,2
560.92,4.95,19.7,924.39,37.38,27.64,207.48,5.45,2.73,1692.78,2,5164.91,2,7443.65,0,0,22.96,45.49,4.64,0
869.03,7.84,18.35,467.15,3.65,18.98,30.0,1.13,4.17,1366.18,2,2683.86,1,10337.49,0,0,45.81,14.26,4.8,2
1004.37,8.01,23.34,897.2,20.08,16.79,922.59,35.31,24.33,2824.15,1,4020.7,1,9065.6,0,0,50.07,22.26,38.6,2
473.29,4.1,12.93,998.81,29.74,31.1,378.18,10.81,10.75,1850.28,2,2026.83,0,3759.99,0,0,23.4,43.88,13.0,0
299.96,1.42,12.66,505.01,10.33,15.54,1010.62,30.98,24.42,1815.59,2,4913.63,2,1063.59,0,0,12.88,18.63,41.14,0
733.61,5.92,17.8,996.75,24.7,40.62,1273.38,35.35,28.08,3003.74,2,7095.59,3,12668.64,0,0,35.57,39.56,48.3,0
899.4,6.22,23.56,288.14,3.15,7.59,718.45,25.23,13.74,1905.99,1,2918.55,1,9292.92,0,0,41.15,4.95,25.31,0
848.68,6.41,19.64,1148.48,31.79,35.44,1302.33,46.5,33.34,3299.49,1,3965.06,1,8432.45,0,0,42.94,39.82,58.25,0
609.09,4.64,16.11,1581.27,42.32,41.53,1132.66,33.15,21.07,3323.02,3,5409.33,2,2846.83,0,0,29.65,67.45,41.27,0
1033.48,7.77,25.3,1448.83,46.55,49.67,413.77,12.22,11.68,2896.08,0,3749.29,1,14305.56,0,1,51.58,57.94,8.91,2
597.79,4.09,14.3,1277.01,36.55,39.55,498.94,15.63,11.76,2373.74,2,1582.28,0,10503.45,0,0,24.86,57.97,22.43,2
424.76,4.4,15.47,1136.98,30.83,35.01,439.04,20.74,5.74,2000.79,1,5740.48,3,9972.42,0,0,25.41,46.06,23.34,0
547.35,3.76,14.56,846.73,23.43,23.34,817.93,31.44,25.01,2212.01,2,3725.07,1,5642.98,0,0,24.88,36.64,43.12,0
655.58,3.78,14.02,1609.1,48.57,51.21,1157.71,36.86,22.67,3422.39,2,4564.97,1,7559.41,0,1,37.89,69.13,45.75,3
696.41,3.85,17.25,755.16,11.16,15.12,1021.28,26.89,22.29,2472.85,2,3593.44,1,11440.62,0,0,28.43,19.67,37.69,0
1217.42,9.0,30.12,1301.0,28.82,38.52,484.27,14.69,9.68,3002.69,1,4322.78,1,5470.46,0,0,61.68,44.49,19.76,2
1216.0,9.52,24.79,1248.34,30.74,37.6,999.94,24.92,23.2,3464.28,3,6543.85,2,14212.05,0,0,57.66,50.85,41.46,0
540.11,4.69,15.92,594.71,14.64,17.28,1176.42,27.31,30.55,2311.24,1,3718.95,1,5796.5,0,0,32.96,20.17,46.89,0
189.46,0.69,8.27,590.05,15.97,20.75,487.54,15.7,11.24,1267.06,0,4884.24,3,5455.96,0,0,6.83,30.47,16.68,0
1267.86,10.61,32.58,849.59,20.43,30.88,934.77,26.52,26.62,3052.22,2,4418.89,1,7041.85,1,0,62.12,30.87,36.71,1
989.1,6.46,19.64,1086.27,34.71,46.98,1015.87,24.5,26.48,3091.24,0,7182.76,3,8743.79,0,1,44.26,55.29,32.48,0
274.36,1.64,10.1,781.09,16.42,17.3,742.99,22.49,19.07,1798.44,2,5852.06,3,6226.45,0,0,9.24,29.6,30.4,0
906.19,7.15,21.21,625.59,14.05,30.56,1378.34,37.29,34.06,2910.12,2,5742.06,2,2528.15,0,0,47.8,24.35,57.71,0
182.35,0.72,9.2,1151.59,34.03,32.13,1133.11,30.42,31.48,2467.05,2,4650.81,2,6337.71,0,0,6.89,53.53,49.99,0
157.42,0.5,4.3,1390.6,48.63,48.49,890.39,26.31,15.33,2438.41,3,2571.28,0,9407.17,1,1,8.93,66.96,31.39,1
669.61,3.78,19.58,1552.3,43.29,45.6,1383.8,38.28,27.82,3605.72,1,4489.45,0,1121.06,0,1,26.25,65.03,51.87,2
1692.24,14.27,36.44,668.46,12.31,31.64,505.34,17.6,8.3,2866.04,2,4224.0,1,13513.52,2,1,86.67,10.08,17.8,3
366.89,1.91,10.02,1263.44,32.34,34.04,770.1,16.16,16.57,2400.43,2,3192.52,1,7966.25,0,0,16.74,50.1,29.14,2
1229.09,9.25,25.74,321.26,6.09,11.87,535.1,10.07,5.81,2085.45,1,3113.52,1,8311.22,1,0,61.42,9.73,13.96,1
1011.26,10.11,24.11,1429.95,37.66,43.63,565.57,19.55,18.26,3006.79,1,6213.2,2,9987.58,0,0,52.23,56.89,23.39,0
347.83,2.8,16.68,1301.42,43.96,41.31,1145.43,39.78,30.28,2794.68,2,3924.8,1,5005.4,0,0,16.22,63.5,46.55,2
705.44,6.37,22.98,841.25,22.37,33.4,497.66,19.93,13.4,2044.34,0,2506.29,0,4712.47,1,0,38.1,32.1,25.85,1
1158.62,9.61,26.31,608.28,8.63,13.17,585.86,16.91,3.73,2352.77,1,3329.88,1,3752.95,1,0,63.2,12.62,21.92,1
888.47,7.75,20.41,1165.42,37.26,34.78,718.39,17.92,17.13,2772.27,2,4660.33,2,12789.37,0,0,43.22,49.59,29.5,0
349.88,2.62,9.05,285.53,5.92,7.82,991.78,24.16,24.77,1627.19,2,1262.36,0,9131.46,0,0,10.34,8.12,35.53,0
173.58,0.59,1.49,234.71,8.21,8.79,631.91,12.54,16.85,1040.2,2,1527.54,0,609.12,0,0,6.69,10.33,25.41,0
938.9,9.05,22.24,1467.94,44.49,49.3,291.81,4.87,5.74,2698.65,1,3704.86,0,4989.88,0,1,51.24,56.75,10.6,2
514.89,4.26,12.6,364.66,7.78,3.82,1107.26,31.38,21.75,1986.81,3,4655.61,2,1484.36,0,0,19.93,12.83,38.93,0
667.56,3.51,13.58,1536.08,54.92,46.28,1850.78,53.61,47.78,4054.42,1,7613.28,3,2187.05,0,1,32.29,71.13,80.94,0
287.03,4.12,17.68,1390.05,43.42,44.31,499.83,11.16,4.19,2176.92,2,4546.62,2,9253.98,0,0,21.42,61.09,15.71,0
455.94,3.23,10.03,704.61,5.73,18.67,584.86,9.24,8.62,1745.4,2,2706.86,1,1081.63,0,0,24.02,23.53,16.03,0
557.83,4.97,10.52,176.22,6.8,12.9,463.97,14.94,3.98,1198.02,1,1131.39,0,14019.5,0,0,24.46,8.62,19.65,0
325.18,2.1,13.07,462.64,15.98,11.77,1113.29,27.4,19.0,1901.11,2,2691.49,1,10845.65,0,0,17.13,14.77,42.58,0
842.66,7.23,20.59,1237.24,40.55,45.3,881.49,29.0,24.69,2961.39,1,5107.32,2,13139.58,0,1,42.14,54.53,39.35,0
828.35,6.13,20.13,1903.06,56.41,55.52,879.91,24.66,19.39,3611.32,2,5459.25,2,14919.23,1,1,47.1,81.25,32.95,1
356.42,3.64,14.04,513.03,13.35,15.73,1196.03,29.84,22.72,2065.48,2,2215.08,0,4345.54,0,0,17.19,22.16,46.33,0
320.03,2.97,12.09,1271.11,49.69,40.4,1305.12,35.62,38.11,2896.26,0,4889.93,1,11301.14,0,0,18.17,61.65,57.73,2
976.26,9.88,29.89,981.26,28.91,32.65,191.22,6.39,8.12,2148.74,2,4091.92,1,9098.34,1,0,55.27,40.82,14.91,1
309.87,2.01,5.31,862.73,20.77,25.52,803.45,28.83,24.1,1976.05,2,4399.88,2,14190.93,0,0,16.14,36.39,37.24,0
876.74,6.63,17.57,1082.06,29.78,31.45,436.83,3.97,12.76,2395.63,0,3246.21,1,10847.09,0,0,40.39,41.87,15.06,0
1195.55,10.83,31.01,988.36,24.61,37.3,597.16,16.22,13.36,2781.06,0,2979.22,0,8178.91,0,0,60.12,40.02,27.9,2
479.93,2.08,11.03,392.08,0.31,12.0,962.64,29.12,19.21,1834.66,2,2123.48,1,717.97,0,0,13.1,13.86,41.53,0
395.16,3.57,11.74,1024.95,33.61,29.83,1586.98,51.0,37.19,3007.09,3,5463.68,2,5283.57,1,0,20.17,47.95,65.72,1
534.68,3.88,11.05,1161.02,37.54,38.33,1055.73,34.58,23.97,2751.43,1,4320.74,2,3612.78,0,0,20.73,53.31,45.19,0
685.17,2.82,14.93,416.05,9.8,15.63,754.31,19.04,18.04,1855.53,3,3276.44,1,2794.65,0,0,25.36,15.97,29.83,0
774.56,4.96,13.33,1322.74,41.44,41.05,36.61,0.0,1.68,2133.91,3,3926.75,1,6220.68,1,0,33.62,61.13,0.6,1
539.49,4.19,7.86,639.52,22.6,26.5,1494.52,38.15,30.86,2673.52,1,5433.48,2,7690.86,0,0,20.48,31.5,55.29,0
813.07,4.79,20.76,308.14,1.67,12.24,483.93,20.6,15.97,1605.14,2,3626.25,1,6391.34,0,0,40.19,6.25,21.19,0
886.15,7.9,22.88,609.88,5.85,21.9,692.28,14.54,23.38,2188.32,0,2137.28,0,4201.17,0,0,43.76,14.77,27.6,0
571.04,4.55,18.8,432.31,3.92,19.74,1069.46,24.7,19.04,2072.8,3,4662.19,2,10486.33,0,0,31.37,12.98,42.06,0
182.03,4.45,9.85,571.82,15.19,13.5,380.16,12.24,7.03,1134.02,2,1421.24,0,4587.33,1,0,17.54,23.95,17.94,1
1061.89,8.93,22.37,1378.78,38.4,49.49,1194.72,36.82,28.95,3635.39,3,6058.48,2,7751.35,0,1,53.64,53.36,50.15,0
489.43,3.68,14.44,1077.94,25.17,36.89,1005.57,26.11,22.34,2572.94,1,5496.52,3,12417.69,0,0,27.01,48.81,42.57,0
203.06,2.18,5.07,277.67,7.64,7.85,882.6,25.94,21.07,1363.33,0,1549.23,0,6097.42,0,0,8.73,8.11,32.52,0
290.28,3.6,12.37,191.23,6.87,7.25,1045.92,33.5,21.87,1527.44,1,4180.56,2,14814.31,1,0,15.35,11.54,43.28,1
563.88,4.55,13.02,1719.95,52.72,53.67,305.09,8.51,4.73,2588.93,1,5121.58,2,5867.2,2,1,25.44,78.7,12.44,3
493.79,3.46,13.16,193.61,8.87,0.0,242.81,2.13,8.96,930.21,2,834.99,0,5349.12,0,0,23.88,4.26,5.6,0
480.06,3.81,10.3,672.12,30.49,21.07,709.64,16.81,19.03,1861.82,1,3784.99,1,6651.17,0,0,16.64,36.92,23.05,0
489.61,3.41,15.63,185.6,5.02,0.22,1317.81,31.51,39.06,1993.01,2,3288.25,1,5273.32,0,0,25.97,4.12,57.16,0
351.91,3.15,10.86,135.24,4.86,10.02,1265.71,29.69,28.6,1752.86,0,4503.23,2,10003.05,0,0,14.3,12.86,53.16,0
637.43,3.16,21.86,1451.04,51.86,52.14,1215.69,37.71,33.67,3304.17,1,4962.69,2,11534.15,0,1,31.82,67.23,51.53,3
503.35,4.07,12.54,926.4,21.51,27.98,1206.88,28.33,33.54,2636.64,0,5846.07,3,4234.23,0,0,24.83,36.63,48.96,0
678.85,4.93,22.14,193.58,2.75,12.5,495.44,12.31,8.87,1367.87,2,2666.68,1,2073.3,0,0,33.61,5.67,21.88,0
756.52,3.83,10.35,458.76,13.81,16.26,649.95,12.72,2.13,1865.23,1,4013.23,1,9860.95,1,0,30.83,18.37,16.98,1
947.72,8.16,22.03,286.61,0.0,15.99,915.13,25.45,21.26,2149.46,2,2570.37,0,3228.19,0,0,44.46,11.76,31.3,0
648.31,3.66,12.0,1289.2,39.12,32.23,1173.85,37.11,22.82,3111.36,2,3779.5,0,8742.81,0,0,33.6,54.48,50.81,2
733.36,7.35,15.58,602.58,12.75,25.81,589.12,8.79,5.03,1925.06,2,2767.37,1,8697.09,0,0,39.01,22.99,13.07,0
703.33,4.87,15.41,824.63,20.7,28.99,177.88,10.46,2.24,1705.84,2,4060.06,1,4779.6,0,0,38.11,32.22,15.05,0
742.1,6.65,14.54,983.72,19.4,31.09,351.9,3.91,4.9,2077.72,0,2503.86,0,10087.35,0,0,36.27,34.5,7.96,0
656.08,5.58,16.74,1295.94,46.59,45.42,917.44,14.61,20.27,2869.46,2,5710.54,2,7596.98,0,1,38.74,60.49,20.82,0
569.6,2.94,21.46,1296.71,34.15,34.27,617.84,17.11,18.01,2484.15,3,1755.43,0,133.34,0,0,28.16,50.79,25.11,0
1295.9,10.17,25.41,1530.42,45.11,53.87,488.55,13.36,14.46,3314.87,0,2452.29,0,9370.05,0,1,65.85,64.42,14.08,3
649.45,6.03,12.36,580.87,17.04,14.82,865.07,21.75,20.81,2095.38,3,4257.37,2,4844.77,0,0,34.86,15.06,31.18,0
218.13,0.48,9.1,254.97,9.91,6.38,765.83,20.68,12.57,1238.93,3,2917.82,1,8796.31,0,0,7.49,8.69,31.71,0
389.76,2.77,11.34,549.2,21.02,25.58,1730.32,53.81,42.82,2669.29,1,4225.17,1,7167.32,0,0,16.03,29.73,71.99,0
595.66,6.39,24.42,1519.8,48.38,55.27,1355.68,35.49,31.05,3471.15,1,4529.85,1,10735.02,1,1,36.48,73.23,49.78,1
612.56,5.78,14.91,1181.17,33.88,35.36,1073.59,35.56,31.24,2867.32,2,4720.76,2,2343.59,0,0,28.67,52.56,48.6,0
602.47,5.02,9.01,912.91,33.8,35.2,703.76,12.06,19.27,2219.14,3,2867.33,0,6071.43,0,0,31.07,45.8,25.54,0
351.31,2.03,6.12,875.23,21.88,27.63,984.32,21.48,18.57,2210.86,2,2505.03,0,5473.86,0,0,6.86,36.58,36.24,0
796.4,6.91,17.28,594.32,3.86,11.66,377.39,11.61,10.37,1768.11,2,2539.59,1,9725.23,0,0,38.92,16.28,16.11,0
172.0,1.4,4.52,789.59,26.29,27.51,915.19,29.41,21.12,1876.78,2,3550.14,2,5402.74,0,0,9.19,42.02,36.92,0
1001.54,10.4,24.06,275.99,3.6,14.02,579.74,16.71,15.25,1857.27,0,2927.07,1,1411.96,1,0,59.27,2.83,19.87,1
451.04,4.05,11.84,1240.1,36.59,30.93,866.66,24.01,22.86,2557.81,2,2108.72,0,4597.42,0,0,20.83,55.85,38.38,2
842.31,5.71,17.61,1173.13,36.49,31.21,522.43,10.4,7.91,2537.88,1,2562.8,0,13770.97,0,0,36.55,46.23,12.83,2
340.23,3.31,6.86,713.4,16.67,15.06,828.43,26.98,19.68,1882.06,2,2164.92,0,13058.11,1,0,17.15,27.55,32.17,1
170.64,0.8,8.1,896.42,29.23,25.92,347.53,8.67,10.3,1414.59,1,2634.11,1,933.38,0,0,3.64,42.84,14.75,0
407.08,2.82,15.12,370.38,10.83,15.75,229.5,5.75,6.85,1006.95,1,1549.82,0,11104.24,1,0,14.88,19.86,11.35,1
607.56,5.71,15.03,613.29,15.69,13.51,1276.93,41.28,38.04,2497.78,1,2497.19,0,6450.69,0,0,26.25,23.22,55.02,0
200.45,0.43,10.67,1042.56,29.28,27.44,323.27,13.55,0.45,1566.29,1,3544.03,2,8812.29,0,0,6.71,48.27,11.85,0
1319.74,11.69,30.67,1242.87,41.57,44.78,1465.21,42.99,39.88,4027.82,1,5918.83,2,7110.24,2,1,71.8,51.97,60.52,0
609.42,4.92,12.56,630.42,12.89,21.18,1303.99,37.11,37.95,2543.83,3,3779.09,1,11139.04,0,0,30.57,12.85,60.42,0
360.49,3.88,12.93,614.03,10.95,15.78,382.4,13.25,10.63,1356.91,1,2278.86,1,4980.45,0,0,20.34,23.29,16.02,0
920.88,7.78,21.31,775.91,25.78,28.5,917.41,23.39,17.36,2614.19,1,6335.52,3,10624.35,0,0,50.91,30.91,30.55,0
628.94,3.72,10.81,983.79,36.82,33.23,917.92,32.95,33.89,2530.65,1,3754.72,0,8917.47,0,0,26.1,44.57,44.49,0
880.81,6.83,19.82,735.5,18.17,29.15,703.8,19.06,18.28,2320.11,2,6709.82,3,13209.51,0,0,43.0,22.66,30.49,0
330.62,2.4,11.89,1128.28,36.37,30.19,294.73,19.05,13.86,1753.62,1,5852.78,3,7092.8,0,0,12.64,45.07,14.68,0
945.07,7.83,21.91,1637.23,47.69,57.93,562.68,20.72,19.9,3144.98,3,7351.36,3,7146.03,0,1,51.25,67.59,20.36,0
449.74,0.31,16.15,468.02,11.34,4.52,322.04,4.49,1.48,1239.79,2,2951.11,1,1735.78,0,0,15.22,12.54,7.17,0
584.85,3.89,18.03,1003.72,35.91,37.82,1107.75,16.69,17.39,2696.32,0,5241.02,2,894.51,0,0,29.08,48.52,29.92,0
639.23,6.01,14.03,398.64,4.75,10.12,502.43,7.66,2.29,1540.3,1,1766.22,0,6768.4,0,0,30.49,12.09,14.19,0
1174.48,10.14,22.73,1055.87,36.15,38.15,242.5,11.36,3.1,2472.84,1,4241.75,1,8079.26,0,0,55.63,46.7,12.34,2
651.26,5.19,23.67,637.09,14.83,16.67,1264.78,37.45,32.87,2553.14,1,2904.84,0,2195.41,0,0,34.95,19.09,50.75,0
658.2,7.03,16.22,1201.66,28.56,30.82,1428.77,45.29,36.29,3288.64,1,6129.13,3,13245.28,0,0,34.95,46.86,61.25,0
1052.21,7.65,23.39,521.79,7.57,26.36,469.0,14.9,9.3,2043.0,1,1803.09,0,2269.85,0,0,49.42,20.13,19.27,2
394.35,0.99,11.11,454.29,15.17,10.88,1006.92,32.64,34.7,1855.56,1,4129.98,1,9355.83,0,0,13.85,20.13,41.57,0
546.65,3.66,8.37,732.48,23.41,22.84,408.94,4.5,5.21,1688.07,3,1803.48,0,10015.56,0,0,24.4,34.28,10.43,0
828.17,8.78,17.8,587.42,6.94,19.54,702.92,13.66,9.25,2118.51,0,3536.35,1,5704.37,0,0,51.24,17.06,24.06,2
905.39,5.97,21.63,382.94,11.96,11.41,393.48,14.84,8.31,1681.8,2,2733.1,1,1386.07,0,0,40.17,10.13,19.93,0
523.93,4.86,11.44,388.67,9.99,13.62,937.34,22.59,23.68,1849.94,0,2586.11,0,6272.69,0,0,27.37,11.64,38.32,0
839.14,7.37,20.7,375.72,8.99,7.52,821.42,20.26,24.02,2036.28,0,2377.8,0,1113.77,0,0,44.75,10.21,37.77,0
421.07,2.94,7.41,1434.78,39.88,34.01,638.07,17.67,11.64,2493.92,1,3679.53,1,382.38,0,0,19.84,56.1,24.18,2
368.91,4.04,11.5,917.93,19.16,21.87,420.26,9.27,7.04,1707.09,2,3337.37,1,9823.11,0,0,21.37,34.39,17.01,0
499.98,3.85,11.91,1275.57,36.54,35.1,644.46,15.48,10.0,2420.02,3,5920.47,3,7453.06,0,0,17.92,58.31,21.48,0
791.99,6.35,12.4,396.34,17.6,24.15,780.36,23.82,25.76,1968.69,1,1874.41,0,1056.1,0,0,38.79,18.15,32.63,0
488.52,3.61,12.02,373.19,15.38,14.59,187.65,2.23,10.11,1049.35,1,1935.36,1,9053.54,0,0,19.59,20.7,7.62,0
1054.1,8.04,25.47,1386.67,41.49,48.73,880.07,25.06,21.29,3320.84,0,5824.88,2,2944.07,1,1,57.56,65.29,35.64,1
1634.47,14.23,32.29,605.64,8.24,24.48,309.65,4.81,7.38,2549.76,2,4346.46,1,9048.24,2,1,81.97,12.29,10.07,3
514.17,2.42,7.93,718.69,23.38,25.98,1456.44,37.99,38.26,2689.3,2,6458.1,3,11973.26,0,0,17.79,30.59,62.83,0
486.14,3.83,13.75,1271.58,32.67,32.86,598.94,19.49,12.97,2356.67,2,3279.65,1,10561.95,0,0,28.23,49.69,25.16,2
771.32,7.65,19.07,1404.65,40.47,43.67,356.42,21.21,16.97,2532.39,1,6151.88,3,7212.25,0,0,43.41,56.64,23.3,0
718.15,5.94,24.44,233.35,13.56,10.76,1344.01,34.68,22.24,2295.52,1,3223.43,0,466.14,0,0,39.03,13.46,48.16,0
615.06,3.54,13.6,924.32,37.07,32.19,1169.35,44.18,34.61,2708.73,2,4188.66,1,9842.27,1,0,25.62,42.98,55.17,1
759.25,5.67,16.53,355.62,4.79,17.5,321.87,9.09,10.09,1436.73,2,1930.2,1,14482.14,0,0,36.93,17.13,9.44,0
889.48,6.27,20.47,1774.97,59.96,53.12,440.73,7.35,5.16,3105.18,2,6358.22,3,1828.2,2,1,45.27,80.47,14.23,3
911.27,6.56,21.86,601.1,14.82,13.01,778.47,15.17,11.11,2290.84,2,3841.85,2,1690.85,0,0,44.55,18.32,21.39,0
1336.34,10.61,27.58,868.17,22.55,35.23,507.6,13.48,0.0,2712.11,2,5785.88,2,10912.57,0,0,61.21,30.35,8.47,0
798.3,8.56,23.03,573.77,9.17,24.06,750.17,17.07,13.35,2122.25,2,3396.31,1,11068.52,0,0,47.66,18.13,28.16,2
546.98,4.42,16.37,1129.18,40.05,40.41,30.0,1.57,8.05,1706.16,2,3413.12,1,11637.78,0,0,27.32,54.73,1.77,2
139.56,2.17,6.56,1502.89,38.2,43.1,1264.03,44.52,27.01,2906.49,0,4161.9,1,14536.78,1,0,16.98,57.54,57.88,1
581.55,4.43,15.51,1141.01,35.99,36.64,652.93,23.31,13.77,2375.49,2,3287.28,1,1512.6,0,0,25.61,48.95,28.42,2
838.39,4.45,18.61,652.63,12.79,13.11,565.56,12.72,18.84,2056.58,1,4076.35,1,5220.71,0,0,37.3,15.68,21.75,0
229.36,2.48,6.51,1171.96,39.75,32.47,336.5,17.13,7.07,1737.82,3,2542.18,1,4745.05,0,0,9.66,49.56,13.32,0
662.37,4.66,15.63,429.21,10.58,18.28,449.31,14.68,9.73,1540.9,3,2110.33,1,3544.22,0,0,29.45,10.5,20.74,0
1210.69,10.32,29.05,479.92,0.0,15.97,969.24,27.16,24.33,2659.85,1,5465.38,2,10140.58,1,0,69.64,7.0,39.56,1
1644.57,14.76,34.62,887.26,21.83,34.31,265.63,5.64,4.6,2797.46,3,5613.16,2,5134.61,2,1,84.79,30.92,11.81,0
944.36,5.97,18.51,986.64,35.53,34.89,839.52,24.81,14.0,2770.52,2,5237.57,2,2161.94,0,0,37.11,43.22,27.78,0
207.31,1.06,3.03,1401.6,40.13,47.27,1138.8,31.27,31.71,2747.7,2,4367.76,1,9974.79,0,1,8.77,65.77,51.46,2
910.02,8.72,21.28,290.45,3.16,14.66,737.55,21.47,17.65,1938.03,2,5180.81,3,2662.45,0,0,44.26,5.2,32.54,0
177.04,0.86,9.76,78.62,9.38,5.08,1579.18,51.9,41.4,1834.84,0,1605.33,0,13114.18,0,0,8.01,11.49,67.18,0
565.58,4.79,14.9,565.23,5.6,18.21,694.38,25.94,27.59,1825.19,3,1786.86,0,11848.88,1,0,26.19,20.91,33.41,1
845.59,6.57,15.99,762.2,19.66,23.6,365.21,16.69,11.7,1972.99,2,2558.56,1,10890.96,0,0,37.61,26.11,14.2,0
915.89,6.33,17.73,1435.82,45.27,52.3,130.59,10.74,6.39,2482.3,0,5597.88,2,5176.54,0,1,43.78,68.24,8.68,3
1186.45,9.8,27.22,824.64,24.32,27.15,909.45,22.5,21.43,2920.54,1,2830.96,0,10394.19,0,0,61.92,33.79,37.52,2
227.15,1.19,10.46,868.42,27.71,19.33,1228.57,40.88,27.14,2324.14,1,5438.87,3,9582.71,0,0,8.7,38.29,55.52,0
555.99,3.67,20.05,1293.39,37.02,38.53,294.04,3.35,11.8,2143.43,3,3827.76,2,4494.03,0,0,31.78,54.35,11.52,0
529.43,1.7,14.45,1139.1,35.83,34.74,432.96,13.0,7.61,2101.5,2,1881.25,0,1292.58,0,0,20.44,51.22,14.96,2
927.53,5.26,21.85,1002.68,22.65,28.36,479.8,9.5,7.87,2410.02,0,3764.62,1,11821.23,0,0,43.76,38.34,19.54,0
206.91,1.66,1.79,1010.06,30.62,29.48,593.27,13.74,5.83,1810.24,0,3877.41,2,452.94,1,0,12.63,44.44,19.54,1
287.26,0.92,6.92,941.44,28.42,28.57,1433.47,40.92,39.72,2662.17,0,3946.26,1,3274.77,0,0,10.73,43.89,65.56,0
613.11,4.65,17.75,194.8,2.44,14.9,982.65,28.0,26.12,1790.55,0,2992.06,1,4587.62,0,0,33.74,1.36,42.72,0
131.39,0.44,4.67,812.51,25.73,21.32,189.65,2.32,1.0,1133.54,1,2926.74,1,1961.08,0,0,4.88,36.55,6.01,0
1166.45,9.08,22.07,1109.64,26.1,32.7,1836.37,52.49,48.68,4112.46,1,5486.15,2,2526.21,0,0,56.75,43.36,75.71,0
893.74,6.28,16.1,1248.04,34.31,46.1,397.3,9.98,6.63,2539.08,2,4122.61,2,802.32,0,1,40.81,53.53,9.17,0
690.02,4.35,21.05,1182.14,31.34,33.52,186.03,3.32,1.19,2058.19,2,3812.03,1,14482.85,0,0,30.73,49.29,8.79,2
456.32,5.08,8.84,620.42,13.31,17.77,1365.38,37.38,29.38,2442.11,1,3302.2,1,9571.22,0,0,22.11,19.47,59.81,0
679.04,4.84,15.29,640.58,15.66,23.77,729.38,27.06,22.02,2049.0,2,4533.69,1,11392.84,1,0,31.23,21.67,37.85,1
555.62,5.58,13.27,94.92,5.43,17.72,1215.01,38.88,28.6,1865.56,3,2612.74,1,5483.79,0,0,29.86,8.31,51.14,0
1210.82,8.53,23.23,325.54,8.08,18.98,548.31,13.62,14.01,2084.66,2,5175.91,2,11086.0,0,0,59.48,10.79,20.63,0
1206.93,11.1,28.18,1190.46,28.36,34.07,1915.87,56.0,49.27,4313.26,2,7090.46,2,8779.9,0,0,62.69,43.66,76.56,0
1100.34,8.97,28.05,686.4,15.03,29.05,1041.2,30.4,31.12,2827.94,2,6067.26,3,11584.32,0,0,58.8,26.07,44.03,0
1144.53,12.22,23.3,1492.2,33.63,45.53,1191.0,34.69,26.23,3827.73,2,7465.86,3,11411.74,0,1,62.38,55.88,50.6,3
868.87,5.48,19.44,305.4,7.65,11.75,842.62,28.35,19.88,2016.89,1,2022.32,0,9886.85,0,0,40.81,13.04,36.24,0
436.96,2.42,11.81,367.34,2.86,12.51,644.35,20.64,11.1,1448.65,1,2161.55,0,10544.99,0,0,20.44,7.68,22.79,0
1018.56,8.54,22.65,1340.27,51.02,50.14,693.43,20.8,11.01,3052.26,2,5032.89,2,6552.13,0,1,54.32,59.74,26.26,3
1151.59,9.59,23.8,872.14,25.77,32.96,389.19,8.65,10.51,2412.92,2,2641.86,0,8290.05,0,0,61.73,25.23,11.64,2
869.44,6.96,25.61,657.53,19.88,26.14,1059.74,18.75,20.24,2586.7,2,3469.82,1,3003.99,0,0,49.38,25.66,34.35,2
1033.99,9.54,20.19,183.37,0.0,5.43,57.1,3.72,6.58,1274.46,2,2595.62,0,5128.96,0,0,52.26,2.66,5.27,2
534.72,4.93,9.49,922.79,26.71,35.48,1288.84,43.01,39.6,2746.35,1,4374.16,1,8794.67,0,0,23.99,38.64,66.93,0
885.62,7.94,26.27,593.14,19.12,20.12,478.55,11.43,11.46,1957.31,2,3191.32,1,4545.82,1,0,51.34,25.79,14.42,1
299.69,3.53,11.55,270.14,0.0,7.15,250.25,3.44,2.18,820.07,1,1784.99,0,7069.48,0,0,16.99,12.2,7.5,0
969.69,10.22,21.32,1064.55,25.69,31.38,333.06,15.79,3.54,2367.31,1,4528.77,2,10187.24,0,0,56.75,36.87,13.65,0
631.43,4.04,13.62,1327.18,30.94,38.54,850.08,25.86,20.07,2808.7,1,2882.37,0,14669.46,0,0,25.28,51.81,29.95,2
307.49,1.05,6.59,515.36,14.0,13.93,304.0,8.69,0.52,1126.85,3,1407.37,0,8453.78,0,0,9.89,21.92,8.95,0
1354.77,11.57,32.54,1120.16,28.14,42.75,761.08,16.98,16.29,3236.02,2,6931.41,3,9367.86,0,0,65.91,45.1,32.35,0
1116.06,8.96,21.9,975.12,31.33,32.75,482.14,6.32,9.2,2573.31,0,5154.51,2,1197.9,0,0,50.36,45.32,13.76,0
880.82,5.8,21.48,350.43,1.33,10.24,688.93,21.02,12.53,1920.18,2,1577.57,0,6651.56,0,0,42.54,4.47,23.81,0
794.74,7.53,18.92,353.45,8.1,17.85,1180.01,32.03,31.24,2328.21,2,5302.58,2,10273.56,0,0,39.98,10.39,46.59,0
568.89,3.39,18.51,351.37,14.32,19.44,496.12,19.09,11.9,1416.38,2,1247.52,0,3187.12,0,0,26.29,16.18,24.24,0
870.76,7.79,21.99,567.34,13.76,22.43,479.7,9.94,6.97,1917.79,2,5968.28,3,2810.77,0,0,46.8,16.46,21.45,0
327.29,2.12,14.53,587.94,28.35,23.25,687.57,11.84,14.57,1602.81,2,4698.56,2,14507.72,1,0,17.31,29.9,25.83,1
285.32,2.26,11.27,1157.6,34.26,31.01,676.1,15.99,4.34,2119.01,0,2999.12,0,613.46,0,0,13.28,51.63,24.49,2
1096.04,9.3,23.48,833.8,27.66,27.2,639.15,15.42,9.87,2568.99,0,3262.55,0,13821.08,0,0,57.55,31.52,18.58,2
842.28,9.74,22.41,1016.44,23.18,36.36,1183.11,30.82,26.37,3041.83,2,5910.69,3,13963.65,0,0,49.73,38.9,52.3,0
1025.07,7.98,24.66,980.52,23.84,38.4,263.25,8.31,7.64,2268.84,2,4249.27,1,10692.32,0,0,58.0,44.09,7.89,2
1273.67,10.9,28.47,962.69,25.12,30.56,740.32,19.06,15.27,2976.68,2,3104.29,0,1145.07,2,1,71.96,32.85,24.24,2
245.1,2.03,7.02,329.01,19.72,18.3,679.07,23.6,18.67,1253.19,2,2202.06,1,7616.36,0,0,15.0,19.58,27.41,0
916.32,7.24,24.35,507.3,6.53,14.77,671.03,15.43,18.76,2094.65,1,2760.41,1,1957.38,1,0,43.63,13.96,25.66,1
560.86,4.26,8.69,593.74,17.79,24.69,566.1,20.78,15.88,1720.7,0,2050.18,1,613.05,0,0,28.2,22.4,21.84,0
935.9,5.99,25.94,1105.88,34.57,40.08,682.3,13.69,17.15,2724.09,0,4005.61,2,11247.76,0,0,48.41,53.9,24.33,0
553.27,4.52,9.59,544.93,18.46,14.38,844.89,14.71,22.31,1943.09,1,3890.91,2,11642.52,0,0,24.59,20.12,32.02,0
1190.65,10.36,26.95,431.47,8.31,12.78,541.75,19.79,20.44,2163.87,3,3597.42,2,1999.55,0,0,58.05,5.87,27.84,0
1045.48,8.6,21.31,983.89,29.57,33.2,1145.05,34.82,21.99,3174.42,2,3015.39,0,9034.01,1,0,51.61,40.17,45.02,1
997.51,6.63,15.29,191.59,0.0,14.81,571.69,7.36,11.55,1760.79,2,3947.74,2,14156.91,0,0,43.69,6.03,14.27,0
183.29,1.05,10.38,507.66,17.83,14.49,419.85,15.93,13.55,1110.81,3,1758.4,0,2864.86,0,0,5.56,23.19,21.3,0
607.18,3.57,7.75,307.74,6.55,23.54,158.8,5.32,2.52,1073.71,0,4500.39,2,10103.24,0,0,28.41,18.96,1.58,0
1262.77,11.79,31.33,909.48,21.1,31.42,444.96,15.13,14.55,2617.21,2,4858.55,2,14830.88,0,0,68.4,30.13,13.51,0
742.89,7.64,21.23,564.08,6.69,13.41,470.87,19.49,15.72,1777.85,2,2285.16,1,6096.86,0,0,45.25,14.16,23.31,2
1133.42,8.88,28.51,745.22,19.57,28.93,1297.83,39.95,34.18,3176.47,0,5040.0,2,929.84,0,0,58.17,27.38,58.37,0
260.47,1.06,9.04,697.24,22.35,28.38,969.23,29.35,18.84,1926.94,2,1897.85,0,5232.18,0,0,6.19,31.73,43.06,0
129.69,1.79,8.96,281.99,3.47,3.63,776.0,19.66,17.0,1187.68,2,2394.37,0,14077.94,0,0,6.06,4.13,30.19,0
582.38,5.76,18.26,517.89,0.95,5.21,268.38,10.24,10.64,1368.65,2,1869.03,1,6139.31,0,0,30.18,10.18,14.31,0
897.23,6.52,21.91,1209.0,28.28,33.05,931.64,32.02,21.14,3037.86,3,5771.11,2,8725.81,0,0,41.13,47.13,41.38,0
874.59,8.82,21.88,747.28,29.71,29.56,1585.5,42.71,44.43,3207.36,1,6185.15,2,1019.4,0,0,44.36,32.28,66.32,0
446.55,5.01,12.56,1094.6,32.31,22.17,314.35,2.07,10.54,1855.5,3,3765.67,1,11429.84,0,0,24.47,41.38,6.28,0
558.44,5.36,15.11,739.29,19.21,28.1,950.46,30.15,24.07,2248.19,3,2856.28,1,11431.42,0,0,30.84,25.75,38.97,0
314.36,1.3,8.86,1632.58,46.64,45.64,78.17,2.36,1.78,2025.11,2,2001.93,0,8822.95,2,1,10.1,75.42,4.24,2
732.45,5.6,17.09,546.3,12.96,5.81,950.02,28.94,22.95,2228.77,3,3018.95,1,1648.08,0,0,36.83,16.74,40.33,0
319.27,2.39,16.44,1798.66,56.73,60.03,1309.09,40.71,39.78,3427.02,3,3825.99,1,8796.86,2,1,13.94,79.0,54.49,0
859.83,7.82,22.05,258.36,6.16,22.56,476.39,6.87,11.2,1594.57,2,4556.18,2,143.55,0,0,49.46,11.3,10.64,0
705.72,6.58,12.98,1057.91,26.96,31.32,261.19,0.74,0.0,2024.82,1,3299.59,1,14605.78,0,0,32.64,45.26,5.85,2
1043.51,7.08,21.77,1031.85,29.87,34.07,503.46,13.04,5.46,2578.83,1,3652.44,1,9501.22,0,0,48.94,46.44,9.31,2
426.38,3.74,9.78,938.86,30.81,26.75,968.11,26.88,28.88,2333.35,1,1676.31,0,1843.0,0,0,20.85,38.26,36.15,0
752.79,4.09,23.32,878.17,30.46,37.18,1538.28,46.02,39.62,3169.23,2,4889.11,2,330.93,0,0,35.56,39.16,60.31,0
443.8,3.82,13.0,634.62,10.56,10.16,229.21,5.62,1.74,1307.63,2,1098.37,0,3621.64,0,0,22.02,9.5,9.29,0
451.89,3.58,13.21,972.32,29.34,21.12,1212.0,34.51,27.55,2636.2,1,4838.76,2,11932.77,0,0,18.02,38.65,47.54,0
608.92,5.5,16.06,326.68,6.53,19.37,371.86,13.25,6.01,1307.46,2,5000.39,2,5159.13,0,0,27.19,14.58,11.99,0
358.84,2.28,13.86,667.44,9.07,18.94,1474.3,37.57,26.75,2500.58,2,1741.13,0,12512.98,0,0,17.2,22.5,51.79,0
870.15,7.97,24.39,772.03,20.14,22.59,766.06,22.8,28.2,2408.24,1,4412.58,1,2857.36,0,0,53.35,29.14,32.31,2
609.86,6.1,15.35,1043.23,34.14,29.78,1357.48,30.56,34.63,3010.58,2,3174.21,0,13109.75,0,0,32.99,43.25,49.52,0
598.48,5.32,14.69,438.75,14.56,13.8,781.83,8.48,15.91,1819.07,3,1537.52,0,7971.92,0,0,27.27,15.06,23.64,0
786.12,5.47,13.68,93.24,0.0,9.43,571.97,24.48,16.21,1451.33,1,2137.38,0,12159.67,0,0,35.3,5.0,24.52,0
491.02,2.52,13.48,990.05,32.96,35.92,1167.32,33.37,33.93,2648.39,2,2750.62,1,3406.95,1,0,25.52,45.2,47.55,1
737.69,4.04,21.08,1269.93,39.82,47.14,787.24,36.52,21.34,2794.86,0,4274.33,2,11262.13,0,1,30.56,61.05,38.2,0
1029.44,7.3,23.34,1073.39,37.63,43.92,1601.46,44.67,39.62,3704.28,2,4058.01,1,14214.47,0,0,46.11,55.32,60.46,2
693.03,3.82,15.51,899.94,22.55,34.24,983.84,32.83,38.94,2576.81,3,3782.38,1,5751.63,0,0,30.95,39.51,50.39,0
534.69,5.43,21.64,1135.88,37.86,37.97,823.87,27.82,25.95,2494.44,1,5056.71,2,13747.8,0,0,30.31,50.05,40.69,0
1110.28,8.03,22.1,983.72,33.47,33.72,1134.91,40.05,32.15,3228.92,0,5386.29,2,1610.05,0,0,54.08,44.92,48.2,0
264.62,1.97,10.46,1223.69,30.54,32.95,760.64,30.03,20.43,2248.95,0,4819.99,2,6639.48,0,0,12.65,50.39,34.76,0
440.64,4.5,12.03,1208.09,34.89,33.45,526.23,20.8,12.68,2174.95,2,5342.22,3,3854.68,0,0,22.67,51.64,24.36,0
590.51,4.51,13.61,484.67,5.18,19.65,392.82,4.66,5.13,1468.0,0,4348.54,1,3913.29,0,0,26.35,16.27,15.31,0
1265.86,11.79,28.57,969.93,16.2,29.74,1149.85,24.54,27.02,3385.65,3,5508.75,2,5707.79,0,0,63.98,32.83,43.82,0
714.02,6.43,18.35,1779.75,49.19,54.68,1779.66,55.76,37.56,4273.42,1,6292.97,3,7984.82,2,1,33.2,77.78,72.27,3
612.37,3.43,13.72,757.02,20.37,20.2,245.61,5.92,0.15,1615.0,2,3364.64,1,4805.61,0,0,26.66,29.02,4.99,0
273.17,2.23,6.34,1001.53,23.98,18.04,1264.08,42.03,28.65,2538.78,2,2202.86,0,5485.7,0,0,10.98,37.2,51.1,0
348.18,3.54,17.97,406.17,17.03,19.07,1210.1,35.23,32.82,1964.45,1,2806.96,1,6784.84,0,0,21.34,24.08,50.74,0
1086.74,8.42,21.64,1461.79,39.79,46.48,556.85,7.78,6.86,3105.38,1,4315.23,1,3653.11,1,1,46.67,59.93,16.51,1
358.84,3.18,7.92,493.44,17.44,19.83,1262.95,38.22,31.61,2115.23,0,4937.71,2,12079.32,1,0,17.23,20.46,52.75,1
733.72,5.92,15.75,1017.48,22.68,31.42,588.6,20.21,10.36,2339.8,2,2359.54,0,11754.09,1,0,39.49,34.45,26.23,1
1106.59,10.37,32.82,378.62,7.34,10.14,523.8,11.6,12.98,2009.01,0,3631.33,1,5407.81,0,0,62.43,4.22,20.96,2
632.12,4.5,22.89,365.71,5.67,12.41,1880.1,51.2,51.98,2877.93,1,3704.71,1,8726.04,0,0,30.0,10.85,80.27,0
502.81,3.22,14.18,1947.89,60.57,50.31,1105.56,32.25,24.05,3556.26,2,6451.28,2,2127.88,2,1,23.33,83.19,42.27,3
244.89,1.46,6.55,1032.06,33.0,27.22,533.7,9.65,5.89,1810.65,2,5789.83,3,12413.62,0,0,9.7,47.56,18.67,0
870.82,6.16,19.04,682.27,11.11,22.4,149.22,13.84,5.89,1702.31,1,1241.57,0,11387.49,0,0,37.28,22.93,8.27,0
867.43,7.57,18.37,496.36,19.02,21.23,440.47,15.03,14.77,1804.26,2,4695.01,2,14056.47,0,0,40.82,18.34,12.09,0
217.97,1.55,10.99,875.19,33.47,18.8,591.31,20.23,13.47,1684.47,1,1834.78,0,11803.88,0,0,12.19,37.77,24.46,0
343.16,0.0,7.94,1339.05,36.31,33.76,592.59,21.06,13.07,2274.8,2,3066.99,1,8357.48,0,0,5.4,52.32,20.46,2
611.42,5.64,17.59,381.55,3.17,11.95,925.45,33.92,23.23,1918.42,1,2552.74,1,5665.94,0,0,36.26,5.84,45.13,0
560.07,4.55,14.26,762.52,23.64,17.98,1278.58,35.1,29.03,2601.16,3,4093.11,2,5232.56,0,0,27.18,28.42,51.4,0
1036.44,9.17,24.07,470.33,12.76,21.79,618.99,20.2,9.53,2125.76,1,5329.82,2,880.85,0,0,56.38,18.43,19.64,0
306.43,1.55,11.67,1466.23,42.24,31.74,941.14,30.88,26.78,2713.8,2,5286.8,2,9746.41,0,0,10.93,56.38,41.01,0
1290.08,11.06,26.96,367.82,8.92,12.35,453.54,8.67,5.88,2111.44,2,4499.81,2,13136.79,0,0,64.4,11.34,14.69,0
662.0,5.72,23.13,638.88,16.73,24.75,221.47,0.0,1.44,1522.34,2,3800.36,1,10002.79,0,0,34.17,22.96,5.07,0
756.15,5.75,22.96,505.22,7.56,18.91,834.36,23.22,23.19,2095.72,3,4606.05,1,5512.29,0,0,32.9,14.52,37.05,0
1066.06,7.15,22.73,891.25,18.44,27.96,374.77,10.63,0.0,2332.09,3,2838.03,0,14352.78,0,0,53.9,29.82,8.61,0
1226.02,9.01,23.93,284.31,8.17,16.61,313.35,7.5,9.61,1823.68,2,3398.39,1,8197.86,0,0,57.17,5.67,11.11,2
608.83,3.93,13.69,892.02,29.56,20.94,99.73,8.68,0.0,1600.58,1,3142.67,1,7323.08,1,0,25.25,33.96,2.22,1
822.32,8.28,18.24,553.43,17.31,26.39,801.82,23.34,12.98,2177.57,0,6403.54,3,2172.99,0,0,43.33,23.81,29.63,0
690.16,4.59,17.78,754.62,20.19,19.47,1078.21,34.01,21.79,2522.99,1,3759.67,1,2219.3,0,0,29.21,21.56,43.99,0
261.97,1.55,13.1,371.29,10.57,9.34,1171.66,29.71,33.33,1804.93,1,3334.91,2,5746.8,0,0,12.98,19.54,46.11,0
861.55,5.93,23.07,544.91,16.31,21.53,1901.64,55.33,54.24,3308.09,1,4143.84,1,9148.41,1,0,40.63,20.24,81.64,1
616.43,5.18,13.99,609.22,12.97,18.99,1559.94,39.97,35.8,2785.59,3,3714.13,1,2875.08,1,0,27.46,19.99,64.92,1
384.79,2.61,11.07,663.16,19.43,18.4,330.56,4.83,13.28,1378.51,2,1276.66,0,14054.8,0,0,19.23,27.63,11.24,0
279.71,2.51,6.01,800.19,17.19,13.48,496.04,12.74,19.3,1575.94,1,4448.11,2,3575.28,0,0,19.96,25.94,21.46,0
993.31,7.8,18.49,461.51,3.8,10.88,616.79,18.26,16.82,2071.62,1,882.73,0,14375.86,0,0,44.17,6.66,27.19,0
697.6,5.51,13.56,479.34,0.0,18.89,645.52,27.73,25.37,1822.46,2,4527.13,3,6036.49,0,0,32.45,13.13,28.28,0
545.03,3.93,10.69,263.71,1.44,13.56,1553.75,46.02,46.53,2362.49,3,3672.06,1,3725.82,0,0,25.74,9.42,68.87,0
528.78,2.91,12.24,389.42,1.96,13.96,906.58,21.5,13.4,1824.78,1,3222.21,1,2938.03,0,0,24.85,12.87,23.14,0
355.32,2.2,7.92,961.73,33.25,29.57,1591.15,41.63,41.78,2908.21,1,5265.77,2,14068.46,0,0,10.96,50.25,65.74,0
1184.02,8.92,22.99,558.79,10.38,20.55,977.67,28.33,23.53,2720.48,2,3649.29,1,8551.5,0,0,51.62,20.91,43.58,2
713.84,4.23,20.0,847.95,17.86,23.87,932.29,24.42,18.92,2494.08,3,3859.93,1,519.72,0,0,31.2,35.43,33.66,0
806.83,6.49,22.06,815.02,14.84,24.66,795.33,20.45,13.58,2417.18,2,4634.71,2,8412.36,1,0,38.75,27.04,23.51,1
778.84,5.93,14.77,283.04,1.16,10.12,1053.09,32.36,24.12,2114.97,2,3761.23,1,13166.36,0,0,37.55,2.9,46.13,0
1275.33,9.66,28.96,477.02,20.29,24.69,134.8,2.14,3.26,1887.15,0,527.25,0,2246.05,0,0,64.79,11.98,4.12,2
598.69,4.97,14.25,600.93,17.16,15.9,442.95,20.01,6.66,1642.57,2,3006.68,1,5509.24,0,0,33.28,25.35,24.22,0
474.39,3.05,12.2,425.7,6.25,9.61,1476.71,45.8,39.2,2376.8,0,2477.35,0,11036.67,0,0,19.31,11.07,64.31,0
595.22,4.46,20.99,419.06,5.04,13.33,1424.79,34.12,32.72,2439.07,3,1623.3,0,3339.23,0,0,34.45,15.17,57.03,0
204.44,1.25,5.27,863.97,20.52,22.51,411.91,17.57,12.68,1480.32,2,1780.46,1,14366.59,0,0,4.95,35.55,16.16,0
527.93,3.75,11.48,1313.32,42.34,41.38,485.2,17.29,11.84,2326.44,1,2324.71,0,10685.04,0,0,26.98,55.53,22.67,2
937.88,6.47,20.49,921.54,27.16,24.43,809.27,28.44,24.8,2668.68,3,4415.71,2,4177.01,0,0,43.81,30.67,39.46,0
443.58,3.37,15.44,875.92,25.56,31.65,1076.61,31.22,24.86,2396.11,2,4378.44,2,3016.87,1,0,18.51,41.8,43.43,1
1169.22,9.57,32.74,703.72,17.87,29.47,1654.31,46.12,40.09,3527.25,1,7213.04,3,14524.12,1,0,62.07,24.59,73.94,1
233.68,1.91,7.71,873.15,36.97,24.28,1125.25,20.56,23.34,2232.07,0,3660.59,1,8671.42,1,0,13.03,38.21,37.84,1
990.23,6.96,20.8,630.35,23.63,26.35,1264.9,44.51,32.05,2885.48,2,6857.51,3,9839.73,0,0,44.01,22.96,53.16,0
517.67,3.33,14.47,1412.85,47.75,46.97,1278.0,38.99,38.35,3208.51,2,6631.48,2,12318.6,0,1,24.7,66.81,57.54,0
1500.4,10.97,25.65,532.74,7.29,21.02,203.49,0.55,6.55,2236.64,1,3734.04,1,4525.92,2,1,71.18,15.87,1.15,2
580.9,5.31,12.23,659.98,17.6,22.18,1869.57,48.91,51.95,3110.45,2,6165.51,2,5631.75,0,0,33.3,30.9,71.61,0
328.86,2.38,11.21,1019.46,25.8,35.88,529.62,9.18,8.47,1877.94,1,4093.26,2,5479.04,0,0,14.95,49.09,11.77,0
871.75,9.06,22.77,683.45,13.28,20.06,1313.85,39.32,37.51,2869.04,3,3094.42,1,5825.4,0,0,53.99,19.08,59.81,0
876.36,7.0,15.1,1014.86,32.66,32.83,662.53,20.69,20.08,2553.75,1,2954.72,1,13348.32,0,0,40.88,36.65,31.77,0
1068.08,9.16,24.97,1326.38,34.78,38.02,890.59,28.89,22.04,3285.05,1,4650.58,2,14440.1,0,0,51.17,53.67,42.27,0
913.02,6.63,22.32,937.72,24.95,36.14,931.88,26.36,19.58,2782.63,3,4293.13,1,3534.76,1,0,48.97,37.27,35.09,1
427.05,4.28,12.8,426.59,10.22,7.11,278.18,9.41,7.76,1131.82,1,2587.58,0,10455.22,0,0,22.19,15.03,9.88,0
361.27,2.5,7.79,619.92,12.54,7.82,126.68,3.28,7.72,1107.87,2,2248.39,1,12769.23,0,0,17.35,17.84,4.78,0
573.42,5.08,9.85,1016.73,23.52,27.08,820.51,13.39,22.43,2410.66,2,1254.49,0,457.09,0,0,28.48,38.79,29.46,0
228.27,1.99,6.96,610.27,26.31,30.28,149.49,8.59,3.13,988.02,1,1262.14,0,6186.15,1,0,10.72,38.47,6.7,1
1090.84,7.75,23.12,899.52,27.87,37.33,590.08,15.28,7.73,2580.45,1,4819.08,2,11138.47,0,0,51.35,38.03,18.11,0
1315.18,12.53,27.62,1695.78,53.16,60.86,1151.95,31.5,37.52,4162.91,2,5652.53,2,1176.85,2,1,70.7,73.28,52.83,3
763.1,8.03,17.94,1439.96,39.09,43.8,161.37,3.03,0.47,2364.43,1,4007.45,1,9555.79,0,0,46.38,53.89,4.82,2
715.56,6.17,16.64,365.05,1.09,8.11,335.61,2.19,0.0,1416.22,2,1305.9,0,3522.42,0,0,36.44,6.12,4.86,0
750.21,8.07,18.93,425.39,13.07,13.44,890.75,29.62,22.38,2066.35,2,3464.9,1,1417.37,0,0,39.51,19.04,35.83,0
649.62,5.21,22.35,977.94,26.66,34.58,538.32,20.16,13.84,2165.88,3,3654.33,1,979.17,1,0,37.46,36.3,25.07,1
775.27,6.07,18.68,1129.46,27.23,31.89,1574.65,37.69,35.95,3479.38,2,5700.05,2,8442.6,0,0,37.79,32.94,60.6,0
168.69,2.61,5.32,357.58,7.87,3.75,1086.48,36.28,23.18,1612.76,3,2802.09,1,6983.56,0,0,13.49,8.24,40.14,0
569.19,3.22,7.85,496.69,11.1,19.03,681.09,14.22,11.89,1746.96,3,3086.61,1,4865.51,0,0,25.48,21.86,20.33,0
578.9,3.93,7.39,1318.82,35.8,35.25,971.19,36.41,28.43,2868.91,1,3568.95,1,11510.03,0,0,27.86,50.75,47.82,2
165.76,1.96,8.56,261.17,6.37,1.44,391.68,8.04,9.66,818.61,0,1236.82,0,5827.51,0,0,7.27,6.79,12.35,0
700.59,5.93,15.69,220.41,5.39,5.24,317.26,6.1,8.63,1238.26,3,5318.24,3,10645.06,1,0,39.57,4.95,13.53,1
108.49,1.99,9.32,992.1,33.69,29.51,479.88,12.33,12.14,1580.47,1,3501.34,2,8806.59,0,0,8.09,44.65,20.47,0
945.44,6.56,24.0,284.39,5.9,11.37,1308.6,29.41,33.23,2538.43,2,3263.42,1,12154.33,0,0,44.16,5.31,52.47,0
530.23,5.83,15.99,1211.44,33.38,37.43,417.36,8.24,16.9,2159.03,0,4490.6,2,5515.63,0,0,26.34,56.62,22.83,0
1128.57,8.64,27.32,914.2,22.86,35.79,1136.37,31.74,22.94,3179.14,3,2722.64,0,9806.73,0,0,65.71,38.44,46.84,0
1198.67,10.76,32.32,629.39,19.88,25.14,543.83,6.91,5.41,2371.88,0,3077.11,1,5521.97,0,0,62.2,21.65,13.66,2
610.93,5.11,14.37,718.24,15.76,24.25,1124.35,31.3,21.45,2453.52,1,2474.35,0,8688.93,1,0,30.71,28.06,46.36,1
468.62,1.23,7.65,1130.06,33.87,35.98,1037.3,22.99,22.67,2635.99,3,4072.55,1,5055.67,0,0,15.31,46.73,38.09,0
515.81,3.99,15.12,568.37,16.68,25.38,1210.96,44.42,28.11,2295.14,1,1104.41,0,7441.18,0,0,26.04,27.39,50.41,0
583.23,2.24,15.58,597.56,24.77,25.74,204.79,7.74,1.62,1385.58,2,2927.43,1,7311.68,0,0,23.6,29.73,9.09,0
945.73,8.13,14.42,1149.0,36.58,35.6,1120.5,26.85,22.82,3215.23,2,5981.44,2,478.58,1,0,49.07,46.06,38.07,1
720.45,6.06,22.62,1443.16,41.24,43.86,925.53,32.52,19.28,3089.14,0,5920.33,3,5469.9,1,0,40.83,64.18,38.85,1
1383.75,9.69,24.74,650.94,17.14,23.63,217.07,16.77,8.89,2251.75,3,6525.78,3,11900.4,2,1,70.33,20.47,11.5,0
785.19,5.54,10.66,396.06,14.56,19.79,1047.67,29.74,29.56,2228.92,0,2582.83,0,9524.76,0,0,33.77,15.83,49.84,0
198.59,0.53,4.86,1432.18,52.8,46.82,309.99,9.03,5.37,1940.75,2,5110.47,3,9354.83,0,1,2.56,72.08,10.84,0
1314.49,12.44,25.33,319.02,4.66,11.39,1169.59,29.97,27.6,2803.1,2,3352.96,1,332.82,0,0,67.19,7.99,45.1,3
1123.57,9.23,24.99,389.66,4.95,24.85,646.68,20.08,17.28,2159.91,0,3437.28,1,4968.41,0,0,53.54,16.91,25.35,2
933.51,5.56,22.4,406.85,10.37,15.27,356.98,13.99,11.01,1697.34,2,2801.89,1,10511.63,1,0,46.66,8.16,18.94,1
959.87,7.34,22.91,1006.13,23.45,32.02,656.09,14.37,13.93,2622.09,2,5835.58,3,5945.52,1,0,48.52,37.06,25.35,1
464.0,5.34,18.43,1049.88,24.64,31.89,429.02,11.31,5.48,1942.9,0,3087.93,0,5786.82,0,0,27.88,36.49,10.45,0
942.44,6.21,20.49,678.67,16.17,22.77,277.1,6.1,8.51,1898.21,3,3726.33,1,6585.93,0,0,46.97,20.44,9.08,0
596.29,2.9,13.8,1380.69,39.64,38.29,1543.91,43.05,29.43,3520.89,1,5398.55,2,962.71,0,0,21.98,62.41,59.47,0
432.26,4.3,9.39,748.46,14.8,18.86,694.62,25.31,18.55,1875.33,1,4558.92,2,4337.24,0,0,26.84,27.53,31.28,0
768.48,6.63,23.31,1090.81,28.99,37.48,676.28,19.18,18.81,2535.57,2,3777.13,1,2983.86,0,0,44.08,46.3,22.57,2
553.77,5.72,13.22,795.35,21.75,28.1,1528.12,42.09,41.3,2877.24,1,5562.97,2,4030.24,0,0,27.77,36.36,63.17,0
556.5,5.35,15.52,772.43,14.52,25.17,993.6,25.9,24.32,2322.53,3,5862.95,3,4097.0,0,0,32.5,27.01,38.67,0
553.92,3.75,12.12,1099.28,32.44,41.73,1008.52,26.5,26.08,2661.71,1,5754.93,2,8524.24,0,0,23.29,46.4,39.73,0
895.73,7.75,23.25,1233.18,40.46,49.57,1001.78,25.57,34.81,3130.69,2,7425.23,3,4858.2,0,1,53.0,56.59,42.94,0
782.18,4.88,16.49,506.93,8.86,13.61,892.63,24.1,21.75,2181.74,3,3416.1,1,14005.38,0,0,35.99,16.64,35.12,0
1141.57,8.81,17.59,873.38,25.54,32.84,1079.34,34.7,26.36,3094.29,1,4415.37,1,5284.05,0,0,54.51,36.15,46.91,2
371.57,2.06,13.37,561.95,1.63,12.3,517.06,8.76,15.94,1450.58,2,2046.08,0,3685.92,0,0,13.28,18.0,18.17,0
454.57,2.34,10.3,363.34,10.76,13.42,874.69,24.42,21.31,1692.6,2,3035.33,1,12855.4,0,0,20.72,13.7,34.34,0
779.88,6.03,16.65,773.97,15.1,16.03,692.34,23.73,9.84,2246.19,2,4569.37,2,12919.49,1,0,36.51,21.18,28.44,1
882.92,8.0,21.83,1355.71,40.01,34.74,1652.39,54.55,43.84,3891.02,2,5079.03,1,9875.63,0,0,49.74,50.93,71.66,2
594.26,4.14,16.17,1321.48,46.24,38.44,664.44,15.92,21.74,2580.18,1,6263.67,3,3818.78,0,0,27.42,63.92,32.6,0
1219.7,11.52,26.64,1638.61,52.47,46.43,421.74,0.02,5.15,3280.06,1,6290.95,2,3285.26,0,1,66.07,71.85,14.84,0
409.32,2.28,13.22,845.84,20.49,19.9,865.92,22.3,27.65,2121.08,0,5977.29,3,6252.73,0,0,14.34,33.28,32.58,0
748.3,5.24,22.51,1267.91,31.14,47.98,1170.75,31.93,26.32,3186.96,2,5167.05,1,11566.51,1,1,33.97,54.52,48.03,1
1091.74,10.47,30.84,684.57,16.15,24.0,1560.91,41.36,37.68,3337.21,2,3780.51,1,12534.65,0,0,59.81,23.16,66.21,2
1314.86,10.61,29.22,712.46,9.1,27.69,847.05,27.57,28.37,2874.36,2,3762.89,1,12039.29,0,0,67.04,21.79,40.94,2
621.64,4.21,13.19,1244.64,38.8,34.36,764.99,17.66,19.89,2631.27,1,4716.52,2,3504.64,0,0,28.34,55.1,28.94,0
199.56,0.46,6.25,944.56,28.1,20.95,476.54,12.86,14.65,1620.65,3,2873.29,1,3601.49,0,0,8.75,37.38,23.16,0
630.83,4.93,14.57,1466.84,46.26,42.12,1148.73,32.88,32.73,3246.4,2,5325.39,2,1205.85,0,0,30.5,66.69,51.54,0
355.17,2.83,7.0,295.29,0.96,4.29,753.67,24.86,19.79,1404.14,0,1978.88,1,612.02,0,0,13.01,6.97,35.41,0
606.22,4.67,17.19,1356.86,47.06,40.55,220.0,0.0,4.42,2183.08,2,4061.0,1,2235.73,0,0,31.26,57.33,10.59,2
629.93,4.45,16.39,832.58,17.56,27.31,684.94,17.82,11.42,2147.45,0,2211.56,0,13608.21,0,0,34.49,26.74,26.39,0
461.33,4.04,12.01,969.36,33.61,34.85,501.22,28.83,22.66,1931.91,1,1950.67,0,5998.66,0,0,20.17,42.29,24.85,0
951.8,7.53,18.72,844.78,28.36,30.03,716.06,27.13,15.03,2512.64,2,2466.6,0,9362.57,0,0,41.84,31.68,34.06,0
848.27,7.41,21.53,1002.35,31.93,34.56,1357.31,33.57,30.06,3207.93,2,4259.24,1,4117.84,0,0,43.36,38.24,50.41,0
765.86,6.42,19.65,922.24,30.64,30.34,1170.35,32.75,19.1,2858.46,2,4997.23,2,10459.24,0,0,39.67,39.91,40.62,0
755.38,6.9,18.31,1088.57,38.87,43.85,1714.07,54.24,40.91,3558.02,2,4947.69,2,8520.77,0,0,41.04,45.56,69.3,0
711.77,3.56,15.05,473.35,15.59,15.08,794.21,24.52,21.84,1979.34,1,2255.74,0,326.71,0,0,29.99,20.21,33.37,0
672.24,4.18,14.71,431.78,11.24,11.72,483.68,4.17,7.76,1587.7,2,1830.41,0,4893.86,0,0,29.01,10.3,12.71,0
545.23,4.78,16.29,1324.63,36.49,34.25,1338.35,34.78,40.12,3208.22,2,5598.18,2,3343.03,0,0,26.5,50.92,54.31,0
613.12,5.57,14.26,502.42,14.94,26.36,313.86,9.75,13.14,1429.4,1,2325.96,1,13998.64,0,0,33.12,26.2,19.03,0
316.87,3.39,9.45,431.95,8.16,7.93,1582.58,37.4,37.65,2331.4,2,2536.39,0,564.23,0,0,16.7,10.6,62.57,0
816.81,8.38,14.96,471.78,3.8,17.78,313.03,15.17,12.13,1601.63,2,375.25,0,10529.33,0,0,44.74,13.6,15.83,0
691.72,4.8,14.44,898.98,21.21,28.81,656.38,28.05,14.87,2247.08,0,5790.37,2,2377.23,0,0,36.18,29.71,28.08,0
451.39,4.09,12.39,749.27,18.94,17.89,775.66,21.02,17.2,1976.33,2,3694.53,1,2337.8,0,0,23.13,29.19,29.79,0
313.71,2.4,9.38,371.98,9.0,10.35,803.86,18.99,13.55,1489.55,3,3730.9,2,1458.34,0,0,16.26,7.8,31.11,0
328.43,1.06,2.21,897.66,33.83,27.49,622.69,18.48,17.27,1848.79,2,5548.36,2,13323.14,0,0,8.85,40.58,22.47,0
715.64,6.5,16.47,436.05,5.37,10.69,779.41,22.78,17.21,1931.1,2,3119.6,1,14548.14,0,0,28.27,13.82,25.89,0
456.47,2.86,11.37,283.9,3.0,4.11,472.3,8.52,12.9,1212.66,2,3044.35,2,9289.3,0,0,25.76,2.02,16.15,0
1121.28,9.52,21.28,756.71,10.76,19.42,709.31,20.25,22.16,2587.3,2,5308.88,3,14671.12,0,0,60.39,13.01,27.43,0
308.13,2.51,12.0,308.28,13.72,11.45,757.43,9.47,14.18,1373.84,2,997.26,0,14215.08,0,0,16.89,12.02,23.37,0
493.84,3.49,15.05,498.19,15.91,20.63,293.76,7.25,4.45,1285.79,2,3152.28,1,14338.7,0,0,21.58,17.6,9.62,0
177.78,0.0,1.0,345.71,15.94,18.39,1347.43,36.37,35.91,1870.92,2,5720.72,3,7296.66,0,0,6.94,16.37,57.68,0
688.31,5.36,20.48,539.28,14.8,16.02,495.17,12.66,9.46,1722.77,2,3794.85,1,931.45,0,0,38.38,18.9,16.38,0
608.22,3.56,12.05,1080.39,30.01,44.49,576.21,6.92,5.02,2264.82,3,5378.97,2,11614.49,0,0,22.0,49.79,13.01,0
830.81,5.21,18.07,1108.79,32.82,36.68,541.54,16.61,12.97,2481.14,2,5675.53,2,12194.88,0,0,39.54,51.0,23.65,0
534.97,5.5,12.01,764.98,21.16,29.92,1197.6,49.33,36.64,2497.56,1,4582.98,2,3126.17,0,0,29.63,27.77,58.15,0
1009.56,7.66,20.27,1118.47,26.22,41.54,967.54,28.36,20.69,3095.56,0,5301.07,2,11277.39,1,0,44.95,44.66,39.93,1
916.96,6.99,22.78,896.35,24.61,29.12,1232.14,33.81,20.36,3045.46,2,4832.05,2,10714.89,0,0,51.6,38.05,45.57,0
497.35,3.09,18.92,670.92,21.52,18.15,503.65,10.63,3.78,1671.92,0,4597.31,2,13194.49,1,0,20.46,32.8,16.14,1
910.27,5.96,18.95,918.27,22.53,27.22,240.57,0.0,7.26,2069.1,2,3873.85,2,11834.86,0,0,35.38,32.77,9.18,0
443.8,2.23,12.27,530.37,17.21,21.2,1048.14,27.92,25.65,2022.31,0,4790.51,2,2569.9,0,0,20.79,22.37,43.52,0
1202.85,8.92,30.83,1519.73,37.48,43.87,873.27,25.88,24.64,3595.85,2,6481.8,3,2229.88,0,0,63.66,51.72,40.07,0
813.06,5.63,21.65,564.53,15.85,19.67,427.56,18.73,13.45,1805.16,1,3341.92,1,5266.56,0,0,39.98,19.15,23.45,0
602.13,5.21,7.33,669.67,15.13,21.74,455.76,14.08,12.38,1727.55,1,2135.63,1,10818.4,0,0,19.12,26.9,17.92,0
760.19,5.87,17.91,1233.06,36.66,32.76,779.03,26.36,25.16,2772.28,2,4933.19,2,9760.82,1,0,31.23,54.6,35.84,1
480.45,3.39,13.77,506.18,19.51,20.43,421.55,15.13,12.8,1408.18,2,3421.17,2,2395.07,0,0,24.22,25.23,16.49,0
1227.71,8.92,24.74,371.09,4.37,16.9,807.05,22.93,17.94,2405.86,1,3135.13,1,8176.78,0,0,62.41,12.76,39.36,2
350.53,1.09,5.72,1188.82,36.16,29.14,1419.78,45.03,28.04,2959.13,1,4043.75,1,3665.37,1,0,10.93,47.37,52.62,1
735.47,7.35,17.97,995.3,24.12,22.85,702.32,9.75,15.77,2433.1,1,2751.39,1,14534.93,0,0,38.32,33.83,23.52,0
771.2,8.58,20.17,570.75,11.17,17.51,901.63,22.22,20.78,2243.57,1,5264.83,3,4325.49,0,0,43.43,23.44,39.31,0
1116.84,7.8,26.92,1113.07,32.59,36.91,289.39,7.69,9.5,2519.31,2,4536.56,2,14597.16,0,0,52.78,41.75,8.85,0
245.26,1.36,1.0,1350.12,40.35,34.63,569.92,7.54,15.45,2165.3,1,4980.33,2,2472.05,0,0,6.92,56.31,16.99,0
1034.67,8.05,19.29,826.58,32.94,38.93,523.63,13.02,16.17,2384.88,2,5670.42,3,1977.47,0,0,51.62,36.71,18.31,0
733.54,6.04,16.57,961.42,32.52,28.71,1230.69,34.5,31.55,2925.65,1,3908.11,1,4487.83,0,0,31.39,39.92,53.43,0
185.52,0.88,8.42,1216.66,34.33,40.17,599.77,16.75,14.49,2001.95,3,2875.14,1,7753.99,0,0,10.95,58.32,21.03,0
444.43,4.19,12.78,1368.82,41.57,45.53,332.11,8.39,6.96,2145.36,2,3070.01,1,12239.97,0,1,21.28,60.92,12.2,2
915.09,4.47,15.76,676.72,13.9,19.03,341.83,6.16,13.32,1933.64,1,3533.37,1,14997.35,0,0,34.67,18.97,12.1,0
845.27,7.16,19.74,346.61,5.19,12.48,821.48,17.61,15.25,2013.36,3,4890.27,2,6992.88,0,0,39.99,5.84,25.31,0
721.85,4.58,11.74,830.22,17.38,29.57,1135.86,40.02,34.06,2687.94,2,5394.86,2,13681.67,0,0,32.87,30.13,45.6,0
893.47,6.9,26.95,454.51,16.87,28.44,93.05,0.01,0.0,1441.03,2,3871.21,1,13667.4,1,0,44.72,23.61,0.5,1
629.34,5.68,19.8,870.91,20.4,28.6,1023.2,27.29,25.62,2523.44,1,4115.69,1,1075.6,0,0,38.7,30.74,46.94,0
1128.2,11.47,28.03,1061.06,24.92,42.22,1065.49,22.05,23.76,3254.75,2,4625.14,1,12163.94,0,0,61.87,40.45,41.88,2
723.57,5.87,12.89,1312.35,30.61,35.07,645.7,11.68,21.44,2681.63,1,4496.43,2,6506.55,0,0,31.69,46.57,20.55,0
1087.24,9.01,23.66,544.18,6.47,14.51,1608.68,45.63,32.74,3240.1,0,5300.23,2,6014.28,0,0,58.37,11.96,63.78,0
361.66,1.96,12.27,1116.19,43.41,35.44,1201.55,33.03,24.21,2679.4,1,5254.5,2,5900.78,0,0,16.4,51.48,38.87,0
482.19,4.42,11.32,1134.13,33.12,25.92,685.67,25.63,20.72,2301.98,0,3921.82,1,12996.98,0,0,21.05,40.62,31.53,0
400.83,0.83,13.56,739.3,22.51,27.74,853.03,27.53,30.73,1993.16,2,3901.06,1,6377.15,0,0,22.17,30.5,43.79,0
1015.48,9.61,22.85,523.75,2.12,18.05,1371.05,32.24,29.73,2910.29,0,4980.21,2,9665.04,0,0,57.67,12.66,53.69,0
300.98,1.21,5.3,472.89,23.28,21.19,876.95,28.03,18.21,1650.82,0,3537.82,1,10556.79,0,0,12.33,25.21,41.22,0
587.93,6.58,18.79,777.93,15.75,23.21,1098.62,35.33,34.74,2464.48,3,5955.5,3,10701.87,0,0,29.87,34.07,51.11,0
118.05,2.36,2.7,155.63,0.25,0.66,1245.37,33.38,34.6,1519.05,2,3266.26,1,6262.04,0,0,1.1,7.71,49.98,0
510.17,4.87,18.32,1092.52,27.17,33.7,896.95,27.24,20.48,2499.64,3,5171.91,3,4075.64,0,0,30.26,47.5,35.26,0
427.53,3.18,10.07,1112.99,34.74,32.09,711.7,18.05,18.65,2252.22,0,4323.4,1,9782.02,0,0,21.68,54.99,31.17,2
215.11,0.77,6.08,620.86,31.56,25.32,561.33,16.87,7.48,1397.31,3,4444.45,2,9800.91,0,0,4.44,35.48,25.16,0
1085.28,6.34,18.8,742.61,21.8,29.44,589.31,16.93,20.99,2417.2,2,5800.06,3,5302.19,0,0,42.76,26.68,22.55,0
932.17,6.85,20.75,883.52,29.73,36.29,444.86,6.55,15.51,2260.54,2,2628.61,0,472.02,1,0,46.81,40.99,18.31,1
772.16,5.86,19.69,1092.09,29.54,37.98,1306.16,39.58,28.97,3170.41,3,7017.09,3,10209.89,0,0,35.47,42.14,54.72,0
300.36,2.11,13.42,1744.21,46.89,48.18,344.84,15.14,13.73,2389.41,3,4418.92,1,5232.2,0,1,10.07,72.35,16.13,0
898.57,7.17,19.88,835.04,24.63,25.47,196.86,9.27,0.0,1930.47,2,3083.27,1,3837.84,0,0,44.17,30.49,8.85,0
822.82,6.35,18.75,686.01,22.45,22.35,734.14,25.31,20.74,2242.97,2,3039.77,1,9136.72,0,0,38.24,23.75,36.31,0
447.74,3.44,12.83,537.68,25.15,23.93,689.16,13.48,14.4,1674.58,0,3306.25,1,13241.71,0,0,24.69,30.78,25.57,0
1021.78,7.88,24.13,838.38,21.53,31.87,261.67,4.04,1.79,2121.83,0,4418.38,2,7262.74,0,0,53.91,27.21,10.75,0
494.45,2.75,10.52,429.28,14.58,13.76,1098.22,28.92,25.1,2021.95,1,4126.79,1,12976.1,0,0,21.91,15.05,42.52,0
440.1,4.51,10.4,693.63,17.87,15.59,1063.18,38.57,32.79,2196.91,1,3308.35,1,13790.83,0,0,24.3,25.14,54.24,0
803.97,6.19,19.38,692.59,13.92,21.08,821.07,23.7,26.91,2317.63,3,3698.5,1,14121.53,0,0,38.29,31.24,39.53,0
659.06,6.67,19.91,1122.33,38.06,36.11,1322.0,41.12,41.46,3103.4,2,5103.37,2,5919.72,0,0,40.69,47.85,56.79,0
731.23,5.48,19.81,465.97,1.95,12.0,542.1,14.02,16.17,1739.31,2,1994.93,0,8388.21,0,0,32.57,8.76,23.63,0
1020.33,8.42,23.67,1038.56,31.13,31.84,1349.75,42.18,46.52,3408.64,2,5658.19,2,421.18,0,0,52.91,44.3,62.17,0
251.73,1.12,7.12,1426.31,55.19,46.85,621.65,20.43,16.03,2299.69,0,2935.5,1,11362.75,0,1,6.46,68.47,25.44,2
1504.66,12.99,32.7,1012.01,21.87,32.99,824.84,14.42,17.65,3341.51,2,4462.38,1,13373.5,2,1,74.72,31.38,34.7,3
1523.36,12.45,33.83,682.75,17.8,28.01,789.79,19.32,13.87,2995.9,1,2162.54,0,3737.9,2,1,73.92,16.07,27.85,3
893.34,6.9,19.92,1373.07,37.9,37.37,1096.43,30.24,26.43,3362.84,2,6064.37,2,14832.83,0,0,43.99,53.27,44.54,0
658.47,6.0,11.22,829.57,21.55,33.02,1992.54,52.7,45.91,3480.59,1,5154.46,1,1339.26,0,0,39.84,35.57,81.36,0
419.82,5.09,11.2,1087.73,33.05,29.87,767.41,24.16,17.81,2274.96,2,4377.0,2,4396.78,0,0,26.71,47.66,23.81,0
242.86,2.61,13.34,541.2,15.96,16.24,871.92,22.66,22.46,1655.99,2,3458.03,1,10639.41,1,0,14.67,25.85,38.42,1
1074.63,8.08,28.34,1275.44,44.44,43.1,1009.04,28.87,23.35,3359.11,2,6735.06,3,8955.3,0,0,52.06,57.26,36.76,0
292.96,1.86,15.33,782.7,25.66,25.13,417.9,10.41,2.69,1493.56,0,3191.79,1,14653.37,0,0,18.09,37.69,10.93,0
347.55,3.9,9.25,1015.88,34.45,34.59,503.82,14.8,14.36,1867.25,1,4524.63,2,11714.54,1,0,15.9,45.11,19.0,1
1348.83,10.68,29.34,1095.37,24.3,35.45,425.02,4.55,5.25,2869.22,2,6167.19,3,4246.89,2,1,72.37,32.48,12.84,0
321.22,2.12,11.35,1050.16,21.27,22.95,1047.27,32.77,30.24,2418.65,1,5413.44,3,8616.11,1,0,11.8,40.89,42.63,1
458.27,4.31,13.04,193.71,0.0,0.0,824.25,20.68,17.74,1476.22,1,3584.59,1,14773.08,0,0,17.84,0.81,33.64,0
749.97,5.61,10.42,365.15,9.85,16.27,832.48,13.86,16.89,1947.6,2,5154.89,2,10350.06,0,0,36.8,13.8,32.57,0
610.53,4.11,14.2,1056.19,33.94,34.54,801.82,21.23,14.89,2468.55,1,4854.92,2,4686.6,0,0,25.91,50.52,30.87,0
902.66,8.78,22.55,1315.45,39.93,44.62,1172.46,31.72,21.49,3390.56,2,6542.03,3,3376.58,0,0,50.59,56.13,44.56,0
608.92,3.02,10.24,525.39,14.14,8.58,463.15,18.2,18.36,1597.45,0,1944.98,0,8133.6,0,0,24.85,17.0,21.7,0
458.87,1.94,10.37,743.27,23.79,29.7,569.99,9.91,16.3,1772.13,2,2976.95,1,6454.17,0,0,20.46,27.8,18.35,0
244.97,0.64,7.82,877.01,28.12,17.3,255.59,16.25,10.95,1377.57,2,978.27,0,8868.05,0,0,5.79,38.28,12.76,0
864.58,7.41,20.41,351.35,5.83,12.91,387.97,9.63,7.05,1603.91,2,2119.78,0,2479.35,0,0,45.89,7.65,13.93,2
1064.83,10.27,30.14,444.08,8.04,14.66,302.31,9.68,0.0,1811.21,2,3159.46,1,6911.51,0,0,63.83,8.06,8.46,2
904.11,7.99,25.27,1149.27,32.75,33.81,217.09,14.83,13.83,2270.47,3,3360.34,1,247.27,0,0,42.83,50.29,17.19,0
1047.22,7.94,26.87,1304.83,43.5,49.86,856.61,27.25,17.92,3208.66,2,5160.21,2,3020.48,0,1,54.37,60.8,36.17,0
263.03,0.66,8.03,666.19,23.05,18.48,995.09,32.14,20.36,1924.31,0,3285.51,1,6155.41,0,0,4.83,30.53,39.11,0
760.43,6.95,17.13,1188.21,35.13,32.34,603.02,15.7,14.36,2551.66,2,3737.85,1,14930.43,0,0,35.93,49.61,23.82,2
717.65,3.35,15.2,745.74,21.69,21.28,500.95,18.28,16.85,1964.33,0,3536.58,1,1531.24,0,0,22.31,31.08,22.85,0
1257.35,11.15,24.05,816.86,27.94,36.19,951.33,24.79,24.21,3025.54,1,5499.94,2,111.1,0,0,59.76,36.0,35.86,0
1640.73,13.86,34.09,844.54,14.69,37.44,1144.95,35.74,34.25,3630.21,2,6186.46,2,4617.12,2,1,87.81,26.62,51.55,3
154.82,1.24,5.23,774.96,22.3,30.53,1238.48,33.28,25.05,2168.26,3,2436.3,1,6216.48,0,0,11.2,36.63,51.26,0
638.43,5.55,12.56,1112.22,27.31,32.41,423.78,10.68,8.8,2174.44,1,2324.47,0,9538.36,0,0,34.9,40.2,15.67,0
1084.14,9.8,29.83,615.33,15.12,19.24,692.64,24.89,18.46,2392.11,1,2834.09,0,11171.55,0,0,59.95,15.47,27.78,2
109.79,0.31,7.2,155.74,7.44,9.52,1542.87,48.38,32.77,1808.4,1,4601.73,2,5682.25,0,0,3.97,18.75,65.27,0
336.21,2.69,11.77,188.96,6.49,7.1,538.56,17.96,13.65,1063.72,2,3205.22,1,13390.66,0,0,14.79,3.48,23.2,0
1199.69,9.61,25.9,790.49,28.48,36.99,706.44,14.31,14.36,2696.62,1,5890.96,3,3149.76,0,0,60.79,32.59,23.9,0
1378.76,11.58,33.79,1074.67,34.17,33.87,1375.91,41.01,32.45,3829.34,2,4970.29,1,11370.96,0,0,66.05,47.59,62.14,2
170.87,1.83,13.4,30.0,1.39,6.49,849.62,18.49,19.55,1050.48,1,881.17,0,9161.6,0,0,8.92,7.98,30.72,0
730.36,6.78,19.76,844.09,12.95,20.18,1391.17,47.78,39.38,2965.62,2,7477.34,3,10392.56,0,0,42.3,27.98,60.83,0
616.56,3.93,14.06,1315.78,45.75,37.51,761.14,31.12,22.44,2693.47,1,2422.15,0,312.48,0,0,26.12,53.31,39.54,2
523.35,3.64,10.89,469.01,12.41,25.42,1507.44,41.45,46.79,2499.81,3,3549.31,1,13926.66,0,0,18.71,24.64,67.98,0
924.33,7.88,18.84,421.56,1.2,5.49,1493.43,44.35,38.0,2839.31,1,4298.61,1,2051.88,0,0,49.09,4.62,57.84,2
389.06,1.64,8.16,892.43,12.79,13.1,1030.95,31.11,20.47,2312.44,0,3173.03,1,1726.58,0,0,12.54,28.73,37.51,0
356.31,1.33,8.23,520.95,6.99,21.54,992.6,35.87,32.12,1869.87,2,1336.72,0,8816.98,0,0,11.93,21.79,49.91,0
496.55,5.48,9.11,337.34,12.01,15.42,408.72,18.9,3.4,1242.6,2,3492.72,1,8407.95,0,0,30.73,13.27,17.85,0
716.75,5.74,11.54,967.36,25.32,31.27,1335.84,41.63,45.88,3019.95,2,7122.64,3,3922.94,0,0,38.2,39.5,65.46,0
1143.2,9.55,26.22,695.6,14.79,25.62,137.45,2.09,3.01,1976.26,2,2321.71,0,4192.72,0,0,61.19,16.26,1.7,2
575.99,3.44,14.05,1328.28,36.09,42.89,805.5,30.49,22.77,2709.77,1,3675.68,1,9544.6,0,0,18.72,53.53,35.6,2
447.76,3.76,9.05,680.91,24.47,21.52,514.1,15.0,7.57,1642.77,3,2251.02,0,2280.54,0,0,18.17,28.0,17.67,0
477.41,4.37,18.76,871.75,27.42,29.44,1139.15,38.79,21.97,2488.31,2,2921.32,1,3009.97,0,0,24.32,41.03,44.62,0
440.89,4.39,12.26,900.32,29.62,19.18,569.96,7.9,12.68,1911.17,2,1273.09,0,4098.0,1,0,23.15,36.83,14.94,1
784.28,7.94,18.6,316.11,0.14,9.18,1037.76,20.85,22.99,2138.15,0,2816.46,1,14980.28,0,0,46.1,5.88,35.24,2
801.07,5.66,13.09,505.62,7.97,9.17,1404.09,33.1,31.94,2710.78,2,3690.87,1,11565.71,0,0,35.32,15.89,50.99,0
301.91,2.01,8.99,537.13,12.76,16.46,896.41,21.61,22.18,1735.45,1,3290.29,1,134.71,0,0,10.57,23.7,32.43,0
803.54,7.45,12.07,546.33,9.56,23.51,448.06,20.66,8.09,1797.93,1,1638.1,0,1290.51,0,0,37.44,17.24,16.94,0
201.55,1.84,7.11,576.12,16.34,20.47,964.1,31.03,28.25,1741.77,0,4080.3,2,2234.13,0,0,12.47,32.76,48.0,0
1000.96,6.79,21.9,799.73,15.19,27.91,182.0,4.44,5.01,1982.7,3,4267.4,2,8484.1,0,0,47.89,27.51,7.79,0
144.59,0.0,2.43,567.76,9.04,15.54,272.05,5.4,5.13,984.41,1,1606.74,0,7044.44,0,0,4.65,18.51,14.45,0
1097.73,11.11,24.35,957.59,33.2,35.35,706.58,15.69,17.49,2761.9,0,5038.02,2,7751.74,0,0,59.77,36.36,25.94,0
342.08,3.55,9.37,481.68,12.13,12.97,1358.78,34.36,27.98,2182.54,2,3259.1,1,4831.45,0,0,12.28,18.11,48.2,0
749.97,6.02,16.24,951.43,30.4,30.49,134.34,0.0,2.92,1835.73,2,1220.38,0,2383.21,0,0,42.55,45.72,6.08,2
917.76,8.35,22.96,1315.09,39.93,43.68,1385.04,45.14,40.12,3617.89,1,5547.13,2,4866.87,0,0,45.75,52.79,65.61,0
312.61,3.08,12.76,668.64,14.39,21.51,485.55,12.28,13.99,1466.81,1,2700.46,1,13039.79,0,0,14.1,23.18,22.66,0
975.74,7.71,17.72,1023.13,24.09,28.73,751.27,16.32,13.4,2750.14,1,1781.8,0,7607.23,0,0,45.0,32.7,22.04,0
970.86,7.69,20.33,653.77,26.6,28.3,1272.67,38.18,21.38,2897.31,2,6258.0,3,7855.07,0,0,45.53,34.23,48.02,0
415.0,2.32,11.0,813.08,24.66,25.96,932.88,21.67,19.12,2160.96,1,4543.25,2,10035.1,0,0,18.21,31.78,33.45,0
1114.28,9.1,25.71,711.27,22.5,32.03,359.42,13.41,11.01,2184.96,3,4222.6,2,904.92,0,0,56.21,32.33,18.36,0
643.48,4.86,14.13,441.97,9.06,19.6,403.22,5.05,1.9,1488.66,1,1770.02,0,3632.66,1,0,28.64,12.35,10.03,1
231.68,1.41,5.8,197.24,6.93,4.59,412.65,13.94,5.9,841.57,1,4142.67,2,1742.06,0,0,8.47,7.86,14.41,0
376.12,3.17,8.86,1904.39,62.46,58.74,350.33,4.55,11.97,2630.83,0,4884.39,1,4362.41,2,1,20.09,86.2,7.94,3
495.98,5.08,16.35,799.96,22.75,25.08,346.44,15.72,12.23,1642.38,2,2896.76,1,387.54,0,0,25.26,30.55,16.49,0
255.08,3.24,8.57,659.68,19.38,19.3,313.38,8.07,5.69,1228.13,2,3498.13,2,14100.39,1,0,15.15,26.8,10.27,1
323.78,2.21,5.97,619.93,16.09,16.54,726.73,28.46,15.52,1670.43,1,2605.48,1,14565.8,0,0,9.43,28.36,31.62,0
510.9,4.29,15.9,798.36,24.84,26.83,821.83,23.12,17.78,2131.09,1,2426.26,0,11685.03,1,0,22.17,32.28,30.13,1
794.21,6.83,19.98,497.95,2.48,20.98,1577.57,40.65,42.97,2869.73,2,5465.59,3,9947.41,0,0,41.56,10.47,57.61,0
790.39,7.76,16.87,753.4,18.6,16.41,489.94,20.66,13.08,2033.73,2,3991.19,1,5729.93,0,0,42.69,26.43,24.1,0
399.05,1.71,10.25,554.61,13.02,14.65,1356.13,47.84,34.53,2309.79,2,3073.26,1,5199.58,0,0,16.67,17.78,58.51,0
182.79,1.97,6.29,122.89,0.0,9.42,653.59,20.95,5.7,959.27,1,1678.83,0,12867.69,0,0,11.99,7.79,20.9,0
403.22,4.2,9.41,1106.62,30.74,30.02,807.64,33.54,16.66,2317.48,1,2874.85,1,2071.68,1,0,22.71,48.1,34.48,1
655.73,5.57,14.59,1139.89,40.9,38.86,86.69,2.14,1.3,1882.32,0,3740.0,1,11391.31,0,0,32.07,51.11,3.59,2
457.02,1.91,7.92,929.63,23.03,26.01,1098.89,32.92,28.19,2485.54,1,6321.88,3,13688.7,0,0,10.1,37.58,45.42,0
573.18,4.8,12.03,748.0,21.53,24.44,355.47,8.51,16.95,1676.65,1,1789.98,0,1908.23,1,0,25.39,27.44,13.9,1
622.48,5.84,16.89,314.47,2.5,10.74,1259.1,28.04,25.3,2196.05,1,2279.36,0,1503.52,0,0,29.31,10.39,45.18,0
598.39,4.59,18.85,1346.42,35.0,36.3,1229.93,37.61,29.7,3174.73,1,5303.77,2,13682.6,0,0,34.0,57.95,50.36,0
533.67,4.94,13.15,281.82,7.82,10.11,232.76,0.0,3.99,1048.25,0,1493.86,0,9070.27,0,0,29.35,6.89,4.22,0
1385.62,10.06,27.75,726.9,19.09,31.05,1392.11,45.77,37.08,3504.62,1,4831.74,2,11371.0,0,0,66.51,20.91,63.12,0
976.29,9.15,21.73,1413.81,40.42,48.51,604.54,21.45,15.57,2994.64,0,5445.57,2,9349.6,0,1,51.85,57.67,22.77,0
1538.34,13.49,30.28,844.85,19.97,26.67,792.71,25.88,23.87,3175.9,2,6722.13,3,12765.75,2,1,80.7,26.3,32.24,3
355.15,1.25,9.9,258.74,15.31,10.42,353.91,9.28,12.4,967.8,1,710.42,0,14735.51,0,0,12.66,14.23,8.88,0
211.78,1.46,2.58,1186.42,32.09,29.61,955.65,18.09,12.36,2353.85,0,4717.9,2,8121.7,0,0,9.19,47.02,36.33,0
613.49,3.9,13.29,1873.52,56.37,56.82,512.54,21.88,8.06,2999.54,2,4570.45,1,12986.19,1,1,31.89,80.11,21.76,1
201.23,3.06,6.55,774.16,21.91,22.04,594.43,14.12,12.01,1569.82,3,2682.59,1,11409.59,0,0,14.4,32.6,22.34,0
668.75,5.67,15.63,1347.74,35.92,40.3,893.03,24.69,20.4,2909.51,3,3272.68,0,13401.45,0,0,38.11,55.58,32.07,0
521.63,2.6,9.42,852.03,16.91,21.74,1411.89,42.28,35.56,2785.54,2,4044.34,1,11958.66,0,0,21.93,32.81,62.9,0
199.35,1.1,3.15,934.24,28.28,38.62,775.73,15.05,12.13,1909.32,1,3454.89,1,298.93,0,0,8.58,45.38,22.51,2
901.57,7.29,19.06,985.99,27.86,21.35,315.53,14.09,10.96,2203.09,1,4271.78,2,14076.93,0,0,42.67,33.19,15.58,0
1176.84,11.11,27.68,1668.54,62.43,61.65,392.24,15.36,1.56,3237.62,1,4933.46,1,10449.55,2,1,67.98,79.89,14.91,3
636.1,3.97,14.52,35.33,0.0,7.6,1129.93,35.01,26.33,1801.36,0,4233.84,2,716.92,0,0,27.29,2.69,51.35,0
592.41,4.5,15.73,941.72,32.96,34.05,1039.19,29.26,28.22,2573.32,2,4725.85,2,1403.17,0,0,28.64,42.86,40.83,0
643.71,5.82,19.47,285.19,1.42,8.0,141.14,0.0,0.0,1070.04,3,1780.46,0,4515.38,0,0,37.85,3.4,2.27,0
865.11,5.43,16.1,744.65,25.19,22.36,313.74,15.65,16.52,1923.51,2,2086.23,0,14290.02,0,0,38.6,27.28,16.28,0
1065.24,8.27,26.53,825.97,19.67,31.3,1438.46,27.77,32.1,3329.67,2,3073.59,0,3567.75,0,0,60.99,28.29,51.83,2
722.87,4.94,15.04,812.06,20.32,24.4,588.5,12.04,21.83,2123.42,1,5147.98,2,10507.98,0,0,30.93,32.82,25.31,0
1425.02,12.45,30.88,579.74,11.91,21.8,819.92,20.17,30.57,2824.68,1,5250.33,2,2168.56,2,1,74.87,15.86,42.15,3
876.27,7.7,20.5,1036.8,27.31,42.56,683.76,16.91,14.27,2596.83,3,4019.6,1,1384.71,0,0,48.21,47.49,25.91,0
437.62,3.5,6.67,246.61,10.36,6.63,1173.96,33.59,23.22,1858.19,2,4351.73,2,8597.2,0,0,11.65,13.97,48.7,0
486.98,2.85,11.55,404.12,12.79,13.3,1177.74,38.12,33.19,2068.83,0,4131.11,2,7022.74,0,0,20.81,20.01,52.31,0
521.15,3.02,10.26,348.12,10.35,15.14,974.9,35.1,25.31,1844.17,1,3087.0,1,12670.11,0,0,19.11,16.5,44.04,0
1560.83,13.24,34.02,1218.95,34.2,50.48,1507.15,43.8,38.04,4286.94,1,4583.16,1,12409.55,2,1,80.35,52.47,64.52,3
481.95,4.08,15.99,283.75,6.89,12.33,230.0,9.69,5.4,995.7,2,2999.85,1,14805.42,0,0,23.29,14.37,11.15,0
1004.77,8.63,21.51,1840.82,58.31,61.9,893.26,17.04,14.42,3738.86,3,4298.92,1,12101.45,2,1,55.25,81.62,32.63,0
300.23,2.04,7.95,636.95,15.09,16.1,1345.65,39.85,34.1,2282.84,1,2963.53,0,13560.06,0,0,13.04,21.11,53.56,0
697.38,5.3,23.71,709.32,16.45,20.39,932.37,25.06,19.85,2339.08,1,4687.54,2,8694.86,0,0,33.57,24.73,37.96,0
574.63,4.36,7.89,871.27,30.26,25.54,350.85,10.62,6.85,1796.75,0,4124.54,2,11467.68,0,0,23.85,41.12,17.12,0
1209.07,9.76,22.73,973.95,26.91,40.23,616.06,20.15,16.41,2799.08,0,4435.87,1,7402.1,1,0,64.47,38.98,29.03,1
340.05,0.0,12.42,1476.75,40.35,33.89,1710.22,47.44,47.51,3527.02,1,7808.27,3,5193.5,0,0,12.16,59.03,72.01,0
457.47,1.89,15.47,1111.29,34.01,44.95,679.91,16.66,14.47,2248.68,0,2495.77,0,6288.79,0,0,13.51,52.53,24.9,2
342.16,3.57,14.21,301.29,14.75,9.65,1062.76,36.02,22.38,1706.21,2,3327.61,1,3564.55,0,0,13.86,14.92,44.11,0
264.54,3.67,12.58,806.58,33.87,31.46,675.85,21.65,15.0,1746.97,2,3256.28,1,12935.64,0,0,18.96,35.43,24.22,0
525.41,2.67,12.29,853.16,17.23,32.27,515.1,12.65,15.26,1893.68,1,4226.81,2,6341.85,0,0,24.53,38.33,16.92,0
761.18,6.66,17.57,230.36,3.61,10.42,1314.78,37.88,36.62,2306.32,2,5045.43,2,5312.38,0,0,38.26,6.56,55.57,0
861.05,7.2,21.59,668.65,15.52,26.82,1231.56,33.22,23.75,2761.26,3,2516.16,0,14263.5,0,0,43.95,23.17,51.53,0
270.6,2.53,13.99,510.95,9.79,15.28,433.66,12.13,14.65,1215.2,3,1675.8,0,2067.34,0,0,17.68,13.06,23.02,0
622.14,3.76,16.72,708.77,35.06,24.96,743.3,25.37,22.71,2074.21,1,3841.09,2,6451.0,1,0,28.89,34.21,29.55,1
1220.7,9.87,21.96,436.41,4.78,10.19,1450.77,43.77,38.08,3107.89,2,5961.69,2,14465.88,0,0,65.74,6.52,62.57,0
1176.77,9.38,22.96,595.25,7.1,13.5,812.81,17.97,15.67,2584.83,0,2244.25,0,5872.95,0,0,61.4,12.11,36.54,2
294.1,2.7,8.52,831.47,26.71,24.71,1155.42,26.77,21.05,2280.99,2,4235.53,2,11736.71,0,0,7.68,34.67,45.75,0
196.12,2.12,4.37,537.1,15.0,11.94,544.44,10.57,8.97,1277.67,2,2898.28,1,10185.92,0,0,10.06,16.67,20.94,0
348.12,1.89,4.66,332.25,3.26,8.68,518.86,0.88,5.34,1199.23,2,1505.19,0,6290.22,0,0,15.35,8.12,18.17,0
725.39,5.45,20.49,922.9,28.08,35.74,674.61,21.95,16.52,2322.9,1,3365.69,1,13759.38,0,0,36.75,40.62,35.58,0
539.18,4.17,14.96,1156.42,28.81,28.59,922.53,18.03,17.52,2618.13,2,2306.52,0,12132.41,0,0,26.25,41.4,38.65,0
325.31,2.15,15.11,802.03,28.61,25.12,1005.15,28.14,22.3,2132.49,1,4127.88,2,328.36,0,0,15.6,31.66,38.68,0
247.98,1.78,11.79,781.61,16.3,13.21,1061.5,32.08,25.41,2091.09,3,2475.48,0,5240.62,0,0,11.07,22.5,45.89,0
900.14,5.98,16.47,616.32,23.44,26.53,1409.45,46.49,35.84,2925.91,0,4111.76,1,3573.18,1,0,38.12,30.91,60.77,1
772.5,6.53,19.86,614.66,4.07,14.35,736.08,21.26,19.25,2123.24,2,5017.37,2,2576.88,0,0,40.35,9.23,28.29,0
845.81,5.02,17.1,1232.21,35.16,32.55,385.36,19.92,2.98,2463.37,1,3940.55,1,3772.58,0,0,41.34,47.59,13.46,2
532.67,4.59,8.8,1248.98,36.43,36.65,1833.35,49.89,50.45,3615.0,1,7048.88,3,6528.33,0,0,24.68,52.89,73.27,0
1137.87,8.9,29.04,654.52,16.52,30.15,1181.9,30.7,31.87,2974.29,1,3755.58,1,4837.78,0,0,58.45,25.07,47.19,2
596.07,4.97,13.7,1190.32,31.52,36.35,1312.03,41.74,24.55,3098.42,1,6188.21,2,13886.54,0,0,26.54,48.33,53.43,0
899.45,9.49,25.96,522.0,7.4,21.11,627.95,17.1,15.11,2049.4,1,1764.1,0,895.08,0,0,48.34,9.36,22.98,2
531.56,1.86,11.93,1691.33,60.3,54.11,1246.04,32.93,25.9,3468.92,2,7028.55,3,4964.46,2,1,18.86,87.02,46.87,3
689.56,6.15,19.12,808.76,16.01,30.67,1398.31,44.24,35.16,2896.63,2,5877.36,2,6997.61,0,0,37.95,28.39,57.49,0
1149.91,9.29,27.79,602.2,10.93,25.4,466.37,19.72,14.75,2218.48,2,3950.36,1,2578.24,0,0,60.17,20.82,22.05,2
693.6,6.61,18.23,789.16,19.85,22.27,1280.91,27.33,27.49,2763.67,1,6580.66,3,2844.18,0,0,39.36,27.17,49.42,0
888.18,4.86,18.61,1267.65,41.61,44.17,186.05,4.93,3.58,2341.87,1,4395.62,2,1666.71,0,0,40.91,58.9,7.87,0
351.69,2.78,12.44,1382.08,41.98,34.79,1035.18,30.04,21.66,2768.95,1,3630.55,0,12008.56,1,0,19.19,56.37,40.36,1
1144.57,8.27,28.26,872.25,23.01,31.69,978.36,21.54,28.42,2995.18,2,6368.2,3,317.03,0,0,55.78,32.14,45.64,0
769.17,7.24,19.5,656.92,9.64,12.87,253.19,7.28,8.26,1679.28,3,1253.29,0,11847.19,0,0,37.11,20.03,14.97,0
445.61,4.61,11.89,504.42,12.06,17.25,535.88,17.1,14.21,1485.92,1,3091.5,1,10075.72,1,0,19.53,13.96,21.51,1
689.03,4.39,13.87,1180.9,31.36,33.03,681.84,17.47,10.41,2551.78,3,3693.17,1,10548.19,0,0,28.87,49.72,19.34,0
890.54,6.72,21.35,1121.1,38.95,39.53,1534.3,47.69,35.31,3545.93,3,4262.98,1,11530.32,0,0,47.72,49.74,70.19,0
1175.05,8.02,21.42,1109.22,32.3,40.05,443.54,10.35,12.04,2727.81,0,3267.48,1,1382.01,0,0,54.32,40.65,21.02,2
1079.77,9.19,22.09,1017.02,25.09,32.49,300.36,9.36,9.99,2397.15,2,4262.48,1,2308.64,0,0,57.25,39.24,12.8,2
345.4,0.93,8.78,512.05,10.14,16.81,699.2,25.01,25.78,1556.65,1,3486.1,1,8336.09,0,0,12.83,19.23,36.49,0
599.6,5.17,15.42,653.73,13.78,26.51,334.01,1.09,0.0,1587.34,2,2160.04,1,2277.01,0,0,29.73,26.55,5.07,0
543.23,3.52,15.23,1051.12,32.99,37.9,849.09,12.4,15.54,2443.44,2,5339.81,2,5341.5,0,0,22.99,54.56,25.99,0
350.11,3.4,8.42,897.98,33.24,28.37,163.65,0.97,6.91,1411.74,3,2825.17,1,9579.38,0,0,19.46,38.19,4.13,0
807.53,6.71,19.01,1018.99,27.89,39.89,623.39,13.07,14.38,2449.91,1,3051.56,1,554.48,0,0,39.94,44.45,27.7,0
1268.77,11.66,29.37,1001.66,23.05,29.68,1339.41,38.28,40.3,3609.84,2,4432.99,1,8098.05,0,0,65.96,35.19,58.97,2
579.43,4.64,11.09,961.76,38.54,34.48,889.51,28.35,15.87,2430.7,1,3950.68,1,5197.3,0,0,25.81,40.9,40.95,0
447.32,3.21,10.13,1392.31,50.78,36.72,896.57,22.68,17.86,2736.2,2,4433.13,2,9507.11,0,0,18.6,65.96,36.21,0
865.6,7.79,23.89,753.81,15.58,17.25,336.25,12.62,0.0,1955.66,3,4350.33,2,8704.43,0,0,47.47,16.4,7.17,0
708.69,3.08,15.02,908.8,30.07,37.23,1200.57,29.3,25.82,2818.05,1,3182.43,1,6245.94,0,0,29.12,39.13,42.72,0
185.79,1.12,1.1,955.81,34.24,30.87,1099.88,38.22,28.11,2241.48,1,3428.32,1,6532.74,0,0,6.13,42.97,49.44,0
280.9,1.76,10.09,951.22,14.02,21.74,1179.51,37.97,36.75,2411.63,2,2235.39,0,6569.91,0,0,7.91,33.48,53.59,0
483.94,4.39,15.08,276.96,7.31,20.55,1249.77,30.21,33.77,2010.67,0,2621.83,0,11257.85,0,0,28.05,11.18,49.99,0
438.15,4.81,7.79,679.09,13.35,13.75,782.69,20.32,17.72,1899.93,2,3401.31,1,1711.31,0,0,21.74,22.99,32.69,0
455.72,1.38,7.99,864.71,22.46,29.96,1022.77,29.2,28.43,2343.21,2,2121.56,0,5844.91,1,0,16.08,41.06,42.69,1
700.61,3.76,14.14,852.21,19.48,26.74,1084.21,29.94,24.37,2637.03,3,3554.14,1,7423.45,0,0,27.21,36.18,46.49,0
459.57,2.56,12.66,321.58,4.75,8.56,1706.02,50.44,46.67,2487.17,1,6908.52,3,1609.07,0,0,19.2,7.72,72.21,0
454.93,3.4,15.51,696.66,10.07,20.71,395.03,5.44,0.0,1546.62,1,2963.09,1,2366.86,0,0,21.22,22.42,11.53,0
163.85,0.98,5.58,444.58,14.81,17.91,588.81,16.26,24.17,1197.24,2,1135.45,0,13046.76,0,0,9.38,22.44,22.71,0
824.93,5.06,16.89,744.2,16.92,24.05,825.94,29.55,24.23,2395.08,2,4781.81,2,7433.78,0,0,37.84,26.75,36.72,0
1310.62,10.44,31.1,571.77,19.6,27.68,527.18,13.89,15.99,2409.57,2,5550.94,2,9779.74,0,0,67.01,18.75,15.15,0
30.0,1.16,8.89,492.38,14.89,16.48,566.06,16.99,16.46,1088.44,3,1564.2,0,2678.59,0,0,2.15,17.57,22.35,0
407.18,4.74,13.09,904.61,26.56,26.35,888.07,21.48,14.7,2199.86,1,2800.23,0,9783.12,0,0,25.88,33.0,29.81,0
660.64,4.36,14.15,1563.55,42.37,49.47,1013.36,28.35,15.25,3237.56,3,5063.6,2,325.52,0,1,30.7,66.73,46.73,0
753.64,6.28,20.89,694.77,25.49,26.56,231.38,10.49,2.21,1679.79,2,1931.48,0,5484.44,0,0,41.12,29.1,8.67,0
204.78,1.23,2.83,929.4,35.1,28.46,425.38,7.9,15.61,1559.56,1,2664.57,1,12790.91,0,0,11.55,46.75,21.58,2
618.66,3.85,15.6,770.95,21.57,25.09,452.77,7.92,1.47,1842.38,0,5106.68,2,2394.68,0,0,30.39,31.35,13.27,0
741.46,5.98,17.25,433.89,7.54,21.23,1082.9,26.66,33.73,2258.25,0,5214.69,2,256.28,0,0,35.22,19.05,43.24,0
1146.62,7.44,22.11,996.56,26.64,25.04,1125.64,33.6,25.96,3268.82,2,5913.03,2,4361.49,0,0,52.9,35.82,44.55,0
584.46,5.6,17.5,888.05,19.14,25.01,1321.31,47.23,43.75,2793.82,3,6250.77,3,690.51,1,0,31.66,29.09,57.63,1
910.72,8.53,23.75,874.45,23.56,34.13,513.58,9.6,7.01,2298.75,2,5505.5,2,6183.26,0,0,44.21,37.53,15.74,0
757.57,7.05,16.84,554.83,11.66,18.01,718.28,24.76,17.95,2030.68,2,3183.44,1,6767.83,0,0,42.21,15.3,26.03,0
1041.8,9.4,22.29,986.25,27.48,32.15,919.07,26.1,26.28,2947.12,1,4527.11,1,11712.61,0,0,55.63,41.43,40.15,2
663.33,5.53,18.05,1348.34,36.59,40.9,1283.09,29.4,20.87,3294.76,1,6427.51,2,13339.21,0,0,31.57,52.9,45.52,0
167.76,0.49,2.58,1034.97,24.75,23.97,1177.0,31.78,31.17,2379.74,2,5313.84,2,3141.38,0,0,5.53,42.36,49.26,0
992.17,9.38,23.26,736.38,11.41,33.29,707.47,23.91,18.53,2436.03,2,2624.28,0,12740.07,0,0,56.75,25.21,27.17,2
278.91,1.65,14.57,778.63,27.03,24.17,967.04,29.79,24.46,2024.57,0,2568.83,1,4997.6,0,0,8.77,30.29,35.85,0
577.55,3.39,14.09,378.76,0.49,10.45,1134.43,34.33,35.63,2090.75,1,3964.82,1,6657.71,0,0,24.35,7.6,50.91,0
1069.94,5.11,19.73,610.18,13.77,23.62,682.64,21.36,9.91,2362.77,3,2862.37,1,4617.45,0,0,44.51,26.29,27.0,0
548.25,3.17,8.59,718.01,15.87,14.89,1463.96,43.69,41.48,2730.22,2,4821.63,2,9043.28,0,0,25.03,26.17,65.57,0
1314.8,10.1,21.52,1159.84,36.56,49.31,1236.64,44.7,29.71,3711.29,1,7159.69,3,12678.98,0,1,67.83,47.43,57.66,0
520.97,4.1,16.29,576.15,12.21,14.98,180.49,0.0,0.0,1277.61,1,2682.1,1,4587.07,0,0,23.15,21.21,1.66,0
560.46,4.06,12.97,1088.4,32.77,41.82,1208.45,47.59,33.22,2857.31,3,5751.14,2,3537.62,0,0,32.76,47.73,62.71,0
549.72,6.59,16.29,864.53,20.71,18.42,1193.94,43.15,35.18,2608.18,1,4107.22,2,4563.61,0,0,31.85,34.8,57.16,0
664.33,6.56,20.31,983.75,29.91,27.98,1337.64,39.16,34.69,2985.72,0,6462.33,3,7891.36,0,0,32.83,36.16,53.29,0
155.86,3.15,8.55,1504.47,44.28,45.76,35.31,0.0,1.45,1695.64,2,5284.54,3,13687.41,2,1,14.42,75.28,4.41,0
832.31,7.08,20.01,991.91,34.39,34.15,541.85,19.38,13.82,2366.07,2,3459.32,1,10161.06,0,0,46.82,47.82,23.28,2
597.54,3.29,17.93,847.51,33.22,29.37,872.07,28.89,14.32,2317.12,3,3824.78,0,1164.11,0,0,30.96,36.47,34.37,0
1081.47,8.85,26.97,419.44,1.87,19.33,828.88,22.84,20.09,2329.79,2,3535.83,1,1300.97,0,0,51.15,4.27,31.29,2
436.09,2.38,14.06,382.92,8.44,12.54,830.14,25.59,16.8,1649.15,2,1569.51,0,13232.59,0,0,18.63,17.34,31.32,0
918.61,9.16,28.08,566.37,4.88,23.19,586.46,13.42,7.39,2071.44,1,4339.26,1,12480.94,0,0,53.34,19.4,19.49,2
188.93,1.48,1.0,676.14,17.9,12.33,540.49,14.58,5.05,1405.56,2,2320.41,1,14160.26,0,0,6.23,23.54,25.31,0
916.02,6.66,21.61,1085.43,29.76,27.48,787.87,20.2,13.51,2789.32,2,3307.01,0,5054.34,0,0,43.85,37.27,29.41,0
604.27,3.18,17.94,462.3,13.08,3.91,269.25,13.44,5.13,1335.82,2,1744.64,0,7425.97,0,0,25.95,12.26,10.3,0
740.69,5.28,17.57,1170.7,39.63,32.58,75.62,9.61,9.11,1987.01,2,2484.4,0,10538.16,0,0,32.06,48.19,11.52,2
555.6,2.12,11.95,608.11,16.19,14.54,840.92,15.78,11.87,2004.63,3,1822.32,0,4809.34,0,0,21.1,18.74,26.67,0
735.52,5.65,13.18,647.61,11.62,16.56,706.16,24.65,16.64,2089.29,0,4593.08,2,3983.31,0,0,33.89,25.87,30.04,0
376.51,2.67,7.81,655.57,21.39,24.58,817.09,26.31,25.8,1849.17,2,2300.22,0,2982.63,0,0,14.31,23.67,33.05,0
733.13,5.11,21.84,576.94,13.45,23.47,884.22,33.06,28.48,2194.29,2,3609.38,1,12896.37,0,0,35.25,24.05,39.77,0
577.01,2.62,13.25,865.77,18.06,24.55,1088.5,25.71,23.63,2531.28,0,5023.61,2,11680.2,0,0,23.87,28.12,43.0,0
726.9,7.61,16.91,1611.36,49.04,41.53,259.34,3.95,3.78,2597.6,0,4697.47,1,7061.26,0,0,39.44,65.94,9.6,2
440.07,2.92,7.67,1091.23,32.61,32.76,264.76,13.78,14.24,1796.06,0,1818.75,1,13298.32,0,0,20.91,44.63,11.41,0
860.77,7.27,22.67,808.36,18.74,34.41,1346.31,31.0,28.05,3015.44,3,5432.81,2,14795.17,0,0,46.48,31.66,45.65,0
1351.03,11.86,26.62,960.9,23.02,31.88,65.04,0.0,5.65,2376.97,2,5677.5,2,1859.49,0,0,68.69,30.77,11.7,0
699.36,5.23,17.35,314.01,0.0,12.67,165.44,0.0,3.09,1178.82,0,2874.56,1,4880.63,0,0,35.56,6.96,5.84,0
855.79,5.57,23.69,725.09,24.35,24.56,1561.57,49.7,35.97,3142.45,2,4978.98,2,12945.75,0,0,38.6,29.75,66.02,0
397.11,4.39,13.47,516.59,9.84,15.32,762.33,23.22,15.9,1676.02,2,2021.73,0,9929.78,0,0,17.38,16.8,36.01,0
710.22,4.26,19.53,409.35,23.29,19.25,1410.67,41.79,36.79,2530.24,0,7190.99,3,9036.56,0,0,30.29,21.94,63.48,0
335.6,4.75,13.69,1766.44,52.46,49.7,1658.94,55.76,47.0,3760.98,2,5185.18,2,8363.33,2,1,23.58,76.85,70.23,0
827.44,7.28,22.79,1199.69,43.35,43.52,30.0,6.77,4.15,2057.13,0,4232.09,2,6998.2,0,0,44.72,54.93,8.34,0
662.33,4.61,18.85,1075.85,33.34,31.05,1366.53,40.19,29.81,3104.72,0,5451.2,2,10975.51,0,0,28.18,42.4,51.32,0
1216.92,9.69,24.59,381.48,12.65,22.1,332.28,8.0,8.55,1930.69,1,5029.49,2,764.34,0,0,63.07,13.56,10.2,0
1257.66,9.56,26.15,371.01,8.81,16.67,393.61,7.6,8.37,2022.28,3,4735.22,2,8716.45,0,0,60.73,8.01,13.15,0
740.74,7.12,15.39,613.22,15.67,23.21,598.12,9.71,7.85,1952.07,2,4069.65,1,9659.3,0,0,35.59,19.55,23.22,0
58.33,1.16,4.21,355.38,9.22,13.82,1398.68,41.67,38.61,1812.39,0,4384.65,2,5553.29,1,0,2.95,9.47,62.19,1
972.13,5.56,19.11,1026.47,34.49,36.39,878.95,24.65,14.99,2877.54,0,4139.98,1,7517.0,0,0,41.59,45.04,37.28,2
544.55,3.81,12.2,1009.48,32.05,36.23,248.85,0.12,8.97,1802.87,0,4312.62,2,2568.37,0,0,28.76,47.29,6.76,0
397.59,3.66,11.22,1569.15,44.12,42.6,581.61,20.35,17.0,2548.35,1,5915.71,3,12077.04,0,0,20.96,66.7,24.89,0
1117.77,9.15,25.96,1201.0,25.3,36.74,1133.48,31.43,31.38,3452.25,1,5957.19,2,8433.72,0,0,54.01,38.94,49.19,0
164.46,2.01,7.77,368.58,11.47,6.41,720.97,19.23,24.51,1254.0,1,1714.21,0,8358.88,0,0,8.74,18.17,26.82,0
568.88,5.2,14.19,345.22,16.14,21.83,808.37,25.38,19.07,1722.47,1,4565.49,2,13533.14,0,0,32.91,21.9,39.16,0
563.71,4.17,17.96,1115.75,31.14,26.45,489.69,7.43,12.16,2169.15,2,6439.92,3,6576.85,0,0,30.28,40.14,15.63,0
273.95,0.49,4.75,1073.78,35.21,36.82,872.77,11.59,15.7,2220.51,1,2204.38,0,7322.85,0,0,7.13,49.86,24.89,2
954.25,4.41,15.36,964.22,34.17,37.18,643.72,8.72,11.84,2562.2,2,4898.72,2,7062.36,0,0,39.06,43.38,16.01,0
583.33,5.78,18.38,977.08,28.67,29.56,264.09,3.67,2.25,1824.5,1,3544.93,1,3795.92,1,0,27.94,40.87,6.57,1
827.84,5.06,23.2,539.96,13.66,15.66,497.61,17.42,16.6,1865.4,2,1033.07,0,3742.3,0,0,44.77,7.06,24.21,0
326.14,1.12,6.85,1025.73,30.59,35.23,1587.85,41.49,36.7,2939.72,2,4502.63,2,11341.23,0,0,8.19,43.27,61.8,0
713.67,4.65,23.97,1552.92,44.98,45.94,747.64,21.74,22.47,3014.23,0,4813.12,1,1396.96,0,1,37.94,64.55,30.76,2
899.38,7.13,19.93,989.15,23.95,33.64,1049.2,26.97,23.4,2937.73,1,4766.67,2,11497.28,0,0,47.49,38.02,37.13,0
1007.87,8.41,24.44,565.74,15.0,20.9,389.08,15.01,14.05,1962.68,3,2124.1,0,6958.51,0,0,49.7,14.95,17.07,0
292.49,0.0,2.62,773.66,22.21,19.06,89.23,6.44,0.0,1155.38,3,2778.57,1,428.19,1,0,6.73,25.69,2.64,1
397.41,3.05,8.02,126.66,9.69,5.07,188.23,5.8,0.0,712.3,3,1606.61,0,3306.69,0,0,17.32,4.75,2.28,0
457.32,4.3,15.98,701.18,22.29,22.51,861.84,22.77,18.43,2020.34,0,3031.7,1,12823.18,1,0,22.54,24.38,38.21,1
1090.28,7.0,25.3,423.09,7.85,15.8,1133.77,27.62,28.46,2647.15,2,6549.32,3,12268.7,0,0,45.81,10.96,38.91,0
650.97,7.74,16.7,410.92,3.81,14.99,1134.54,37.57,34.16,2196.44,1,4247.48,2,428.5,0,0,34.7,12.16,44.92,0
460.77,1.99,20.11,432.83,14.98,14.69,614.3,9.06,6.38,1507.9,2,2602.48,1,14291.59,0,0,23.64,20.32,15.77,0
1255.75,9.36,32.39,594.33,14.02,26.11,721.2,29.0,21.34,2571.28,2,2323.84,0,2457.47,1,0,67.05,14.06,33.85,1
318.87,1.49,6.7,573.7,14.16,11.04,182.28,7.01,10.36,1074.85,1,3579.84,2,12482.67,1,0,10.82,20.65,8.16,1
457.93,3.47,11.94,873.01,24.62,21.31,531.21,0.0,5.17,1862.15,0,1633.67,0,12944.21,0,0,23.07,37.62,7.67,0
887.97,6.69,15.28,1426.82,36.87,32.57,411.82,23.24,13.75,2726.61,2,4997.39,2,9989.61,0,0,41.25,54.42,21.93,0
794.17,7.13,17.64,711.82,23.09,26.65,1375.17,39.9,28.04,2881.16,3,5341.6,2,5425.43,0,0,39.91,25.69,52.24,0
838.22,5.96,20.96,1095.58,37.35,39.99,513.02,14.44,11.41,2446.83,1,4150.17,1,6217.9,0,0,43.54,55.36,18.32,2
562.19,3.6,15.37,862.13,25.48,22.92,846.53,26.99,17.86,2270.85,1,2941.55,1,8666.01,0,0,29.29,32.46,36.32,0
735.93,5.29,17.89,862.16,31.59,31.39,623.94,15.0,17.84,2222.03,2,2869.14,1,12765.74,0,0,36.55,39.94,19.74,0
244.22,1.97,10.49,841.28,23.6,14.77,1273.42,30.47,18.72,2358.92,2,1911.49,0,14002.91,0,0,7.14,30.35,46.4,0
409.66,3.6,11.96,793.77,14.27,19.59,1192.87,37.73,25.01,2396.29,2,3664.28,1,14602.55,0,0,18.47,24.04,49.8,0
462.93,3.18,14.14,1226.84,33.74,42.99,602.68,13.96,14.1,2292.45,1,3808.3,1,2860.02,0,0,20.24,49.77,22.01,2
698.18,5.64,19.57,670.06,10.68,25.06,777.52,17.02,12.96,2145.76,0,5583.58,3,8912.53,0,0,37.79,24.34,30.49,0
282.76,2.19,10.92,1275.88,37.07,37.58,853.99,21.45,13.34,2412.62,2,6707.48,3,106.9,0,0,14.45,55.12,35.06,0
860.28,7.23,22.94,432.59,3.83,21.5,939.78,25.52,38.13,2232.65,2,4897.43,2,14375.49,0,0,43.37,15.36,46.2,0
536.88,4.06,16.1,1602.87,53.02,56.77,1203.68,37.24,35.13,3343.43,2,6958.5,3,12520.6,0,1,24.85,69.85,54.58,3
783.51,5.09,15.23,481.72,7.98,17.45,909.77,17.79,18.0,2174.99,0,5107.7,2,555.63,0,0,38.87,18.73,31.61,0
388.0,1.98,17.36,601.95,5.69,10.95,315.08,6.34,9.6,1305.04,1,2032.59,0,6681.99,0,0,19.73,14.24,12.61,0
603.26,4.39,15.42,664.55,20.07,21.75,932.6,24.26,27.48,2200.41,1,2522.14,0,472.12,0,0,28.75,30.34,42.99,0
596.52,5.15,12.15,496.73,15.53,14.94,756.2,16.04,16.36,1849.45,2,3709.44,2,14327.15,1,0,28.58,25.24,31.9,1
534.34,3.28,13.83,1331.82,49.83,41.79,238.35,13.34,3.5,2104.52,1,5804.48,2,775.75,0,0,25.78,60.05,7.87,0
1170.98,10.49,28.01,672.88,17.08,23.42,750.17,25.94,20.83,2594.03,2,2193.11,0,14654.45,0,0,63.51,17.66,36.51,2
913.53,5.61,22.16,1204.23,26.01,33.16,612.78,15.88,13.14,2730.54,3,3453.91,0,10279.2,0,0,44.0,38.52,24.51,0
645.53,5.09,18.9,1194.09,44.81,35.23,1043.57,27.54,23.97,2883.2,2,1714.6,0,8016.0,0,0,31.47,55.1,42.92,2
604.23,4.57,18.66,549.6,14.93,10.17,714.72,23.55,22.2,1868.54,3,2964.24,1,2792.98,0,0,32.46,18.8,31.66,0
524.08,2.36,19.34,288.53,4.88,1.48,1224.23,35.2,29.27,2036.84,2,2033.08,0,9037.96,0,0,25.23,7.15,50.1,0
837.96,6.71,20.96,229.94,0.93,14.13,987.94,18.51,20.62,2055.84,2,3884.04,1,14259.73,0,0,44.7,6.56,28.14,0
315.47,1.08,9.1,720.67,22.5,25.41,545.91,17.05,10.19,1582.04,2,3271.39,1,10960.25,0,0,13.07,35.58,22.14,0
1269.29,9.33,21.5,810.04,34.97,41.4,686.71,25.2,21.43,2766.05,2,5445.16,2,8769.96,0,0,59.72,37.47,32.71,0
480.8,3.79,15.47,1417.49,41.43,42.91,1424.6,30.33,25.62,3322.9,1,6553.8,2,5632.34,0,0,21.61,56.5,55.88,0
396.83,3.04,12.68,596.91,18.52,14.72,674.33,15.62,15.29,1668.07,2,2770.27,0,10349.85,0,0,16.71,27.81,22.15,0
1098.66,6.46,20.89,366.98,12.73,16.32,774.43,19.66,18.97,2240.07,2,5189.8,2,14157.41,0,0,50.26,17.74,25.88,0
236.12,1.65,8.34,251.48,7.47,9.5,394.72,7.6,2.73,882.31,2,2164.86,1,11967.58,0,0,7.47,9.89,12.26,0
1286.4,10.75,27.75,928.4,18.74,29.4,225.65,0.19,6.3,2440.45,1,2419.29,0,12755.15,0,0,65.09,27.06,8.83,2
526.79,3.53,13.99,1624.78,40.24,51.68,2053.16,60.55,56.15,4204.74,3,4518.0,1,14139.97,3,1,24.18,71.53,88.53,0
1001.75,7.45,22.7,758.16,20.13,30.44,542.73,15.78,12.76,2302.64,0,3949.37,1,5528.93,1,0,52.92,23.92,23.17,1
850.01,6.2,19.61,565.62,14.53,16.03,1564.11,43.53,40.06,2979.74,0,3695.0,1,4208.44,0,0,40.79,10.57,60.89,0
825.7,6.71,12.3,1029.43,27.52,29.64,1604.95,48.58,35.79,3460.08,3,6697.24,3,14977.7,0,0,33.86,37.68,64.31,0
985.05,9.46,23.44,771.19,29.61,31.0,405.78,18.98,14.07,2162.03,0,2085.85,0,402.18,0,0,56.15,39.72,21.54,2
460.17,4.48,14.03,950.18,26.75,26.47,1058.63,31.23,27.87,2468.98,2,2608.19,0,1059.02,0,0,23.15,42.92,46.04,0
858.25,6.73,19.34,741.99,15.53,26.62,353.31,7.14,5.42,1953.56,3,3156.98,1,7797.29,0,0,47.03,24.37,8.17,0
738.08,5.95,20.12,340.71,6.15,7.03,630.63,20.65,22.5,1709.42,2,1691.5,0,176.37,0,0,39.85,6.61,30.15,0
751.86,4.06,22.36,1142.99,32.97,32.52,1126.33,36.49,28.56,3021.18,1,4082.45,1,3430.58,0,0,31.89,46.09,46.98,2
492.54,3.25,9.8,1005.57,20.17,18.02,973.04,36.77,27.08,2471.15,0,5252.19,2,6268.84,0,0,23.62,29.82,48.13,0
219.7,1.81,1.09,704.86,29.35,18.49,927.23,30.61,30.96,1851.79,1,2559.15,0,10972.1,0,0,4.55,35.91,39.88,0
553.76,4.33,18.87,1097.36,41.47,40.06,232.5,3.91,10.79,1883.61,2,2066.07,0,12361.6,0,0,29.28,58.22,6.63,2
864.28,6.88,27.53,600.48,24.48,27.17,691.31,27.75,27.51,2156.08,2,4621.4,2,5019.48,0,0,46.44,31.72,32.67,0
499.09,4.64,15.85,852.74,19.14,26.16,1212.84,37.62,35.0,2564.67,2,4929.1,2,951.94,0,0,27.81,30.36,50.45,0
818.04,5.07,17.12,958.7,31.5,35.94,692.15,15.94,17.9,2468.89,2,2624.79,1,7386.33,0,0,34.58,40.05,24.98,0
396.93,2.34,8.02,525.49,15.53,18.72,519.04,17.07,19.64,1441.46,1,3036.89,1,2966.89,0,0,14.16,28.09,23.71,0
99.79,0.47,8.64,963.56,31.49,23.31,308.82,1.94,1.65,1372.17,2,568.82,0,542.56,0,0,5.77,44.99,6.66,0
608.5,4.04,13.45,794.08,25.96,24.5,492.43,11.39,4.98,1895.01,3,5789.31,3,4234.3,1,0,24.28,34.96,13.62,1
911.77,7.27,24.13,746.45,18.27,30.39,1092.4,33.84,22.05,2750.62,2,5961.19,2,6362.35,0,0,47.36,28.49,46.47,0
740.31,4.65,12.0,933.58,33.45,31.51,1426.42,47.82,38.51,3100.32,3,6132.87,3,3526.88,0,0,34.67,47.54,68.85,0
391.85,3.58,11.97,1020.16,32.11,24.34,723.26,18.04,18.17,2135.28,2,2823.28,1,6208.19,0,0,17.12,41.98,31.7,0
120.78,2.84,5.53,824.67,25.79,15.71,1592.91,49.27,34.13,2538.37,2,3795.05,1,1563.45,0,0,8.65,32.85,67.06,0
1039.17,9.51,27.78,608.98,12.34,27.66,463.74,16.66,13.45,2111.89,0,2724.83,1,12928.84,0,0,56.97,17.76,22.24,2
729.27,3.61,12.08,1133.04,32.69,26.32,442.27,6.48,6.13,2304.57,0,3068.66,1,9404.42,0,0,30.05,49.03,16.74,2
764.94,5.24,18.75,455.3,11.0,10.41,859.73,29.84,14.86,2079.98,1,4125.33,1,3417.78,0,0,33.88,13.29,38.89,0
825.21,7.55,19.33,365.39,13.76,9.34,373.89,8.03,0.0,1564.49,1,1743.12,0,8793.4,0,0,45.94,7.63,12.98,2
138.39,0.0,4.51,477.22,22.55,16.27,811.75,19.5,15.53,1427.36,2,2053.1,1,7911.07,1,0,2.32,28.89,33.83,1
483.77,3.31,15.73,1190.14,46.47,36.14,1252.32,39.25,29.49,2926.23,1,4607.35,1,9676.07,0,0,23.39,56.69,53.04,2
405.5,0.96,7.16,1245.56,39.91,36.58,436.49,6.02,12.91,2087.55,1,4244.81,2,10344.83,0,0,13.01,55.76,13.55,0
312.21,1.39,5.33,1175.26,41.09,34.72,934.12,21.24,19.27,2421.59,3,5512.62,2,9688.91,0,0,13.81,56.87,39.62,0
439.22,4.01,13.4,717.92,8.14,15.37,748.22,16.36,22.4,1905.35,2,1596.31,0,874.87,0,0,23.37,24.47,22.38,0
670.04,4.68,13.34,546.83,17.66,19.73,1143.15,25.87,27.64,2360.02,0,5300.28,2,7115.23,0,0,29.5,26.17,41.47,0
998.74,6.44,16.9,1517.35,41.59,36.51,559.67,14.45,11.37,3075.75,0,3975.2,0,11917.59,0,0,45.76,53.76,19.33,2
956.46,7.46,22.48,822.31,15.25,25.63,308.39,11.27,1.38,2087.16,2,4730.93,2,10532.51,0,0,46.94,20.2,7.74,0
487.07,2.92,12.9,572.65,16.14,23.53,871.1,31.16,21.27,1930.82,2,2478.34,0,11977.36,0,0,20.07,23.54,38.02,0
703.06,7.09,19.32,152.29,4.14,3.98,795.14,20.01,14.38,1650.49,3,2999.0,1,9733.36,0,0,39.93,5.61,30.37,0
385.94,1.97,14.46,962.55,37.74,32.74,750.58,18.81,15.3,2099.08,2,3727.95,1,10524.76,0,0,22.68,43.91,27.57,0
899.33,7.65,17.05,654.36,8.27,19.94,1069.95,21.85,23.01,2623.65,2,6928.21,3,10714.89,0,0,51.52,15.42,42.0,0
993.51,8.59,18.84,660.04,21.13,24.16,1022.77,22.35,25.22,2676.32,1,3113.12,1,4269.92,0,0,46.08,24.29,37.64,2
276.03,1.09,10.25,1347.23,48.51,36.49,478.42,15.28,4.09,2101.68,1,1533.26,0,9117.39,0,0,12.61,60.0,15.82,2
742.35,4.44,19.7,1270.53,41.12,36.68,1185.83,38.24,30.13,3198.71,2,4221.33,2,641.84,0,0,33.12,54.8,48.36,0
266.14,1.67,10.27,530.68,9.23,17.3,878.34,28.67,17.41,1675.16,2,2495.66,0,11159.48,0,0,13.01,18.22,30.05,0
709.23,6.62,20.76,863.98,24.87,30.01,472.8,8.62,8.61,2046.02,2,4083.4,2,6350.32,0,0,35.02,31.94,16.95,0
1523.08,13.72,32.28,355.48,4.41,19.12,555.67,16.29,5.07,2434.23,1,5271.74,2,14258.4,2,1,83.75,3.19,23.9,3
408.02,2.3,10.04,388.69,10.14,1.0,380.43,2.7,4.27,1177.14,2,2499.9,0,7659.38,0,0,19.68,5.72,10.61,0
548.01,5.31,15.64,862.7,21.82,26.21,818.12,21.16,17.83,2228.84,0,5699.03,2,5657.99,0,0,33.6,32.05,30.1,0
637.14,4.9,16.08,957.29,14.95,25.0,873.67,31.06,23.99,2468.1,3,2124.63,0,1351.04,0,0,32.36,33.6,37.31,0
446.59,3.91,7.43,894.63,23.53,27.66,896.07,29.24,24.9,2237.3,1,3609.58,1,7248.75,0,0,22.17,39.13,38.33,0
735.06,6.99,20.31,1059.37,29.85,35.51,1112.57,30.1,30.99,2907.0,0,6612.25,3,3238.03,0,0,43.93,43.71,45.88,0
1568.21,13.08,33.17,724.23,5.09,20.02,897.57,21.61,18.14,3190.01,2,4685.07,1,4754.18,2,1,80.79,7.19,30.91,3
589.59,3.86,12.18,935.1,30.93,32.84,1449.88,39.25,38.18,2974.58,2,5863.27,3,14230.49,0,0,25.76,39.58,64.07,0
453.6,4.85,10.99,754.01,16.68,16.71,637.52,18.52,17.83,1845.12,1,4138.24,1,4175.04,0,0,23.7,24.38,31.2,0
1072.44,9.64,26.99,684.0,18.08,33.35,636.86,23.72,21.14,2393.3,1,5029.68,2,4568.97,0,0,60.49,28.91,31.54,0
744.17,4.17,16.99,1188.73,31.58,34.3,729.38,29.89,20.85,2662.28,2,6427.14,2,7289.91,0,0,29.21,49.77,34.96,0
773.41,6.83,18.52,711.45,19.33,27.8,285.19,10.08,11.67,1770.05,0,3016.43,1,11033.32,0,0,37.38,28.5,14.26,0
93.19,2.28,9.39,938.49,24.53,26.29,800.32,31.31,24.58,1832.0,3,2277.31,0,4982.89,0,0,11.31,34.03,34.68,0
477.98,3.11,13.3,1174.15,39.52,39.47,813.35,30.35,24.47,2465.48,3,2661.65,0,2973.72,0,0,24.01,54.98,35.24,0
179.06,0.0,7.99,336.82,12.69,7.87,1143.38,35.57,25.67,1659.27,1,1544.34,0,9870.73,0,0,8.4,14.23,45.63,0
411.3,3.89,14.61,1079.6,32.19,23.65,887.65,21.66,10.86,2378.54,2,1950.62,0,849.01,0,0,21.63,44.34,30.52,0
550.09,3.05,17.31,1155.35,33.42,39.95,1217.4,32.82,28.94,2922.85,2,4074.94,1,9551.22,0,0,21.26,56.34,47.22,2
717.36,5.52,21.48,406.19,2.4,11.77,1472.28,41.7,40.49,2595.82,2,2891.34,1,11827.74,0,0,34.28,11.03,66.06,0
1012.43,8.78,18.89,777.9,20.17,28.81,782.14,22.79,12.62,2572.47,3,3602.45,1,9669.08,0,0,48.98,31.06,34.17,0
786.05,5.61,12.61,815.27,19.99,30.21,590.33,0.22,12.67,2191.65,1,2836.1,0,6745.18,0,0,39.84,30.59,11.47,0
264.62,0.13,8.85,829.87,31.96,21.0,1323.64,40.58,39.61,2418.14,1,4475.57,2,10792.35,0,0,6.46,37.48,62.95,0
350.48,1.55,10.9,1187.96,27.47,30.4,1016.14,27.84,28.55,2554.58,2,2031.8,0,377.36,0,0,16.69,44.22,37.94,0
519.97,5.51,13.01,693.01,19.88,13.38,513.37,16.39,14.46,1726.35,0,2733.15,1,8561.89,0,0,23.41,25.33,23.13,0
670.65,5.86,16.87,611.76,26.75,25.02,1110.28,36.59,26.71,2392.69,1,2176.6,0,8013.77,0,0,30.65,29.02,42.82,0
131.34,1.44,6.23,593.25,23.7,16.63,871.37,15.39,19.59,1595.96,0,1442.95,0,14777.41,0,0,5.62,29.92,30.13,0
901.89,7.26,19.38,336.58,8.96,6.18,1275.77,44.94,29.94,2514.24,3,3653.94,2,11051.17,0,0,54.98,7.27,53.01,0
308.25,2.09,8.65,1239.0,47.12,41.1,1739.88,50.13,37.39,3287.14,2,6132.83,2,5638.68,0,0,20.21,58.92,70.1,0
587.51,3.43,8.03,992.57,27.19,35.9,1416.01,34.26,21.99,2996.1,0,3756.39,0,7063.09,0,0,17.92,36.34,45.19,0
759.25,5.9,19.19,387.54,12.7,14.9,726.8,30.81,30.16,1873.59,1,1383.59,0,1498.7,0,0,34.84,13.44,35.08,0
285.45,1.11,13.57,170.79,3.14,0.0,561.98,14.25,9.16,1018.22,2,1081.84,0,2510.68,0,0,8.31,3.98,16.58,0
390.09,0.66,7.41,1193.17,43.63,35.63,994.76,13.77,16.74,2578.02,0,4069.78,1,10960.67,0,0,10.91,51.52,35.79,2
572.61,6.02,24.13,1349.3,33.14,32.06,922.35,39.28,33.74,2844.26,1,3484.49,0,11197.61,0,0,32.37,45.16,44.35,2
590.81,6.49,10.37,953.65,25.29,32.23,1295.26,35.19,37.08,2839.71,3,2134.63,0,4721.02,0,0,31.6,40.17,53.11,0
914.15,8.55,21.41,1015.43,18.59,25.04,860.7,22.84,25.91,2790.27,0,3649.1,1,9667.09,0,0,51.25,31.28,35.72,2
412.84,0.68,8.36,523.22,14.57,9.63,1383.6,42.7,25.19,2319.66,3,4097.95,1,8596.38,0,0,8.02,23.61,55.83,0
1074.95,10.77,18.24,614.78,3.23,21.3,696.42,14.84,21.16,2386.15,1,5406.28,2,3558.02,0,0,59.71,13.4,26.48,0
720.83,4.94,20.08,648.16,25.95,20.87,750.06,20.06,9.78,2119.05,0,1238.98,0,10725.45,0,0,30.03,28.59,26.1,0
427.25,4.86,10.7,428.79,13.36,8.05,557.09,9.26,14.52,1413.13,1,2515.74,1,5819.35,0,0,22.22,10.6,25.18,0
587.21,4.16,14.83,574.81,19.76,23.18,552.46,7.47,5.95,1714.48,2,4369.48,2,5950.31,0,0,27.8,22.93,11.14,0
1356.99,12.1,29.2,1615.72,44.31,48.94,1119.06,33.61,29.6,4091.76,0,6368.22,2,9524.7,0,1,65.3,62.93,45.78,3
614.98,4.19,10.18,578.77,7.85,17.72,987.34,19.99,20.66,2181.09,2,3155.4,1,3798.54,0,0,28.45,17.14,33.31,0
798.58,5.95,26.47,680.63,12.67,18.65,726.3,14.99,13.94,2205.5,1,3028.2,1,11393.59,0,0,40.51,21.32,26.78,0
475.95,2.57,9.57,812.03,25.28,27.1,751.26,20.68,21.25,2039.24,3,3195.05,1,386.59,1,0,11.92,33.17,23.99,1
336.09,3.52,11.81,421.78,10.08,21.44,661.88,18.0,22.32,1419.75,0,4244.98,2,3090.58,1,0,22.38,16.62,25.8,1
878.68,8.08,18.67,1151.01,30.19,38.32,1373.65,34.06,33.06,3403.34,1,5956.71,3,11721.48,0,0,48.57,43.14,52.73,0
386.27,2.13,12.05,447.68,11.74,14.34,903.5,31.17,24.35,1737.44,2,1087.97,0,13209.05,0,0,18.39,24.13,41.45,0
1026.65,6.87,17.05,1829.33,43.67,53.68,296.06,0.0,8.85,3152.04,2,5581.87,2,9373.85,0,1,47.95,68.01,4.66,3
503.08,3.81,14.43,1806.52,53.6,52.97,186.55,0.0,8.81,2496.16,2,3773.0,1,13179.02,2,1,25.74,79.74,7.64,3
1387.1,11.22,33.1,1059.77,30.02,37.32,661.81,12.11,10.96,3108.67,2,5278.15,2,2115.3,1,0,68.32,36.53,26.73,1
1097.14,9.64,30.95,1023.35,25.88,32.89,298.45,9.78,17.52,2418.94,2,3905.72,1,9760.55,0,0,64.16,35.68,14.35,2
922.44,7.53,17.93,1148.65,32.98,37.54,1573.07,48.02,38.37,3644.16,1,4888.55,1,10153.16,0,0,41.7,51.4,70.36,2
369.66,1.85,8.41,1289.26,42.07,40.68,575.61,15.09,12.23,2234.53,1,3397.67,1,12676.64,0,0,12.12,62.13,23.4,2
98.67,2.3,8.66,391.76,15.4,17.13,617.42,16.19,6.77,1107.84,2,1288.13,0,3536.13,0,0,5.81,14.01,21.18,0
261.25,0.79,12.12,613.95,22.54,20.08,1022.22,20.28,22.34,1897.43,0,4088.27,2,1452.98,0,0,10.22,28.1,40.71,0
401.21,3.32,16.26,863.64,25.92,28.59,1330.39,42.79,39.56,2595.24,3,4817.83,2,3531.19,0,0,19.04,42.75,58.07,0
1019.58,8.4,27.46,501.09,10.72,15.97,988.54,23.7,23.0,2509.22,2,6154.75,3,9109.19,0,0,50.2,14.43,38.13,0
458.05,2.75,7.75,940.76,28.15,25.43,732.01,19.07,17.05,2130.82,1,4742.95,2,14347.22,0,0,15.84,39.41,26.98,0
711.03,6.06,20.59,933.41,29.32,36.34,1465.2,47.77,35.18,3109.63,3,1926.68,0,5391.47,0,0,38.09,37.52,64.04,0
539.1,4.5,9.2,1160.07,27.38,30.18,1103.07,39.14,31.5,2802.25,2,5005.26,2,5897.48,0,0,23.86,45.66,47.8,0
782.02,5.08,16.88,1005.26,26.34,30.06,510.21,10.61,4.71,2297.5,2,2545.42,0,8516.83,1,0,37.91,40.26,20.64,1
646.88,5.18,12.31,981.73,27.22,21.44,915.19,23.55,15.62,2543.81,0,2404.58,0,7536.76,0,0,30.94,33.02,28.25,0
599.69,2.8,9.38,906.5,21.95,23.6,291.23,10.69,6.63,1797.42,2,3893.94,1,2233.98,0,0,22.4,26.93,12.02,0
221.53,0.68,8.23,269.12,4.33,9.48,659.85,13.83,11.21,1150.5,3,2486.92,1,6339.64,0,0,7.15,9.55,20.88,0
443.49,4.31,11.88,179.37,6.91,14.85,731.38,24.93,20.55,1354.23,0,1582.05,0,13898.05,0,0,25.59,7.2,32.56,0
793.12,6.57,18.58,402.79,10.03,20.43,699.96,18.76,11.73,1895.88,1,4750.89,2,4003.45,0,0,36.34,16.91,29.67,0
677.14,3.07,10.49,1123.85,35.86,34.11,637.2,11.51,17.2,2438.19,1,3485.1,1,12527.22,0,0,26.06,49.03,22.69,2
329.86,3.44,11.09,277.98,6.21,11.3,1212.34,37.86,24.43,1820.18,2,4323.66,1,5307.29,0,0,13.26,4.4,47.91,0
570.84,4.2,11.15,202.29,0.74,12.6,642.62,15.56,21.8,1415.76,3,2684.02,1,11962.5,0,0,21.26,5.17,23.57,0
1175.67,10.07,26.08,790.05,17.08,28.96,869.65,29.6,20.82,2835.37,3,3176.24,1,10258.25,0,0,62.73,26.46,32.21,0
763.39,4.93,13.74,1333.07,42.63,45.02,857.42,28.43,21.63,2953.88,2,3388.44,1,9936.59,0,1,36.13,60.33,31.94,2
464.36,5.75,17.96,343.99,5.77,5.73,634.99,10.33,10.45,1443.33,2,2731.33,1,3233.53,0,0,28.3,11.04,21.91,0
253.95,2.35,9.75,192.89,0.18,5.88,873.11,33.17,20.85,1319.96,2,1701.42,0,1361.19,0,0,12.37,3.74,37.96,0
902.6,7.56,22.35,1025.92,26.76,31.11,156.05,2.49,7.95,2084.57,1,4192.43,2,11160.53,0,0,44.95,36.18,4.41,0
987.59,7.05,17.78,571.02,13.61,17.18,882.43,27.06,15.91,2441.04,1,5480.05,2,14246.83,0,0,47.45,13.27,36.0,0
1050.96,8.48,25.23,347.32,9.75,22.62,769.0,19.43,15.41,2167.27,2,2642.25,0,9688.16,0,0,52.0,17.24,25.73,2
696.39,4.07,15.12,626.73,11.11,14.11,1213.3,29.63,28.82,2536.42,3,3869.78,1,14290.51,0,0,28.55,20.16,47.94,0
1230.58,12.29,28.26,1530.11,38.06,58.9,1328.85,37.53,35.32,4089.54,3,6528.65,2,562.46,2,1,70.72,59.16,55.82,0
1008.66,8.2,24.9,307.76,3.53,15.38,360.57,12.84,7.82,1676.99,0,4820.24,2,10912.96,0,0,45.06,5.57,11.47,0
406.43,3.29,13.68,1321.8,48.13,43.75,578.83,20.13,18.09,2307.06,3,4483.07,2,8088.95,0,0,21.31,61.08,27.06,0
291.84,2.29,12.39,723.84,17.36,22.53,702.51,15.15,15.13,1718.19,3,1898.25,0,8740.36,0,0,17.23,27.08,28.95,0
605.84,4.57,7.72,554.64,19.21,20.82,600.71,21.68,25.46,1761.18,0,3716.27,2,3610.92,1,0,24.6,19.88,25.47,1
476.46,4.84,17.68,1093.19,31.84,34.86,784.87,14.5,16.59,2354.51,0,4710.51,1,10727.64,0,0,26.97,48.26,27.57,2
519.7,1.97,12.69,1002.82,17.9,21.17,1405.38,44.97,39.46,2927.91,1,4987.2,2,6931.81,0,0,18.15,33.06,58.83,0
880.04,8.43,27.66,875.28,27.54,22.36,1394.65,43.75,36.41,3149.97,0,4418.96,2,12851.37,0,0,54.14,29.59,53.71,0
324.16,4.46,9.15,598.65,18.02,23.59,843.72,12.47,3.67,1766.53,2,4101.27,2,7184.74,0,0,16.92,26.55,23.7,0
765.88,5.47,14.83,1340.87,42.06,41.94,668.18,20.23,7.23,2774.93,1,3692.58,1,9916.47,0,0,34.21,54.68,22.48,2
984.78,7.75,26.39,1355.38,41.78,37.52,1370.72,47.59,34.2,3710.88,1,6225.85,2,2930.16,0,0,47.28,54.99,62.46,0
344.76,4.66,17.12,884.19,26.97,21.0,1147.87,41.4,27.35,2376.82,2,5129.24,2,13153.87,0,0,26.42,34.85,48.96,0
630.96,4.92,12.46,754.12,16.47,14.35,528.91,14.35,17.51,1913.99,1,3650.74,1,5703.07,0,0,33.56,24.83,27.36,0
934.3,9.43,24.33,1092.33,33.36,36.95,818.29,12.24,16.18,2844.93,2,5116.99,2,14757.8,0,0,55.09,45.22,25.0,0
221.35,1.46,10.6,415.89,9.46,15.02,1076.44,21.63,17.49,1713.68,3,2089.19,0,6525.99,0,0,7.24,14.89,34.42,0
412.01,3.81,11.91,891.31,24.22,23.3,1669.82,48.66,37.5,2973.15,2,2967.27,1,4704.37,0,0,18.22,42.57,76.05,0
1028.68,7.26,22.18,1110.38,26.49,35.04,1940.94,70.96,58.09,4080.0,2,6007.68,2,10598.33,3,0,53.81,39.92,86.0,0
146.23,0.95,4.45,714.93,25.28,13.69,250.16,7.12,9.43,1111.32,0,3403.07,1,2049.11,0,0,4.15,31.54,9.84,0
845.33,7.75,21.79,1074.46,37.28,31.97,199.13,6.5,7.93,2118.91,1,4218.69,1,2876.19,0,0,47.41,47.17,8.79,2
1379.34,10.94,34.47,960.58,27.7,32.42,118.6,12.1,6.71,2458.52,2,4481.61,2,573.38,2,1,75.45,33.46,7.94,0
278.45,0.79,4.21,490.11,13.16,19.83,860.94,19.53,21.22,1629.51,2,1765.38,0,2237.12,0,0,6.28,18.89,31.17,0
345.36,3.02,4.52,701.91,22.25,14.9,766.27,26.81,15.35,1813.54,0,1825.15,0,10004.12,0,0,16.92,24.54,35.61,0
1025.39,8.85,23.05,1012.21,19.02,25.05,1297.34,32.18,26.68,3334.93,3,4838.26,2,8438.12,0,0,55.06,32.75,54.89,0
532.16,3.19,13.37,879.06,33.58,21.5,628.01,18.35,19.32,2039.23,3,2204.18,0,13874.72,0,0,20.05,32.78,28.0,0
418.17,3.83,15.42,1068.71,30.43,28.87,823.21,35.71,15.98,2310.1,0,3307.69,1,11698.71,0,0,24.03,43.64,41.09,0
976.14,6.54,17.08,650.87,13.58,18.96,577.17,22.71,16.69,2204.18,2,2885.56,1,12702.44,0,0,43.21,18.86,24.97,0
730.73,6.28,16.03,1069.35,28.03,31.31,507.04,19.73,18.39,2307.12,0,3942.75,2,7394.02,0,0,29.2,46.91,25.45,0
324.44,3.16,9.42,1473.43,49.16,45.1,1080.58,30.9,34.01,2878.45,0,5659.07,2,2366.24,1,1,18.09,72.92,45.01,1
628.88,4.47,16.45,453.65,15.82,18.01,801.46,20.99,16.51,1883.99,2,2374.99,1,9610.22,0,0,26.4,18.55,29.6,0
86.12,0.53,8.09,1090.4,36.57,31.44,893.78,25.55,15.98,2070.3,0,6022.81,3,13596.25,0,0,9.95,49.29,33.9,0
188.76,0.64,9.47,382.31,5.33,6.59,1108.78,24.05,31.3,1679.85,1,3485.19,1,10196.23,0,0,5.59,15.79,45.16,0
614.86,5.05,17.17,558.8,15.62,21.47,644.04,22.26,12.37,1817.7,1,1682.48,0,14350.72,0,0,34.2,20.54,22.23,0
560.98,3.89,15.07,799.69,15.34,32.61,198.68,0.21,0.0,1559.34,2,4403.53,2,11223.17,0,0,24.48,31.45,9.2,0
235.14,0.9,6.2,771.69,25.25,20.52,1052.78,26.95,14.68,2059.61,2,3744.26,2,2874.67,0,0,7.22,29.04,45.19,0
376.86,2.34,9.07,350.85,11.95,14.24,989.29,21.59,27.7,1717.01,1,4630.39,2,13701.68,0,0,17.72,9.97,42.3,0
239.33,2.01,8.95,1169.26,34.6,33.75,376.73,16.57,14.96,1785.31,1,2262.03,0,12095.3,0,0,13.71,55.33,19.65,2
1074.82,7.32,24.77,417.11,11.88,20.01,1008.43,39.65,27.23,2500.37,3,4966.97,2,5698.16,0,0,51.19,15.75,45.46,0
256.13,2.06,16.05,855.3,21.34,20.67,320.46,5.68,9.12,1431.89,0,3064.32,1,2580.27,0,0,9.92,38.56,15.51,0
841.79,7.92,24.69,186.09,4.66,5.05,554.26,12.87,13.13,1582.15,2,1796.22,0,8941.66,0,0,45.47,9.21,21.77,2
483.02,4.35,18.19,542.78,11.15,10.71,510.94,9.38,9.2,1536.73,2,2315.83,1,3195.75,0,0,24.67,14.49,16.54,0
633.25,5.67,15.59,355.58,6.8,9.97,494.08,11.11,5.8,1482.91,2,3046.53,1,13687.35,0,0,31.16,9.12,20.3,0
740.29,6.57,16.38,816.88,17.29,16.56,719.1,22.46,18.33,2276.27,1,2464.6,0,8980.71,1,0,37.12,22.93,32.96,1
477.87,2.29,5.64,542.0,10.38,11.55,279.07,5.0,4.36,1298.93,3,4188.4,2,458.79,0,0,20.73,13.8,8.1,0
1287.33,11.25,25.19,1073.34,28.05,30.42,516.05,18.43,16.79,2876.72,0,3973.4,1,6971.02,0,0,62.83,37.99,21.31,2
577.33,4.37,8.9,751.71,20.71,32.01,1018.74,31.65,24.11,2347.78,1,2289.95,0,11838.83,0,0,22.97,33.14,45.33,0
609.85,3.34,17.96,546.34,14.06,13.66,721.8,9.33,11.23,1878.0,1,3523.31,1,8140.11,0,0,30.44,21.1,21.6,0
336.7,1.37,8.74,690.38,15.12,11.87,1303.55,40.52,32.12,2330.63,1,1935.39,1,8152.66,0,0,12.37,21.37,50.38,0
808.56,5.63,15.52,1348.45,38.01,38.91,1416.94,47.43,33.11,3573.95,1,6156.55,2,10880.73,1,0,41.37,55.31,59.66,1
306.88,1.5,9.16,490.34,29.38,21.05,47.27,0.0,0.0,844.49,1,944.22,0,8388.57,0,0,7.21,26.5,0.36,0
561.5,3.95,15.52,637.23,18.52,23.81,428.88,15.77,4.47,1627.61,2,1811.25,0,9647.08,0,0,27.34,25.93,17.43,0
557.6,4.18,10.7,872.1,14.89,22.82,889.55,32.76,29.4,2319.25,3,4252.68,2,978.44,0,0,26.0,29.15,40.12,0
470.64,4.88,17.18,803.44,15.17,18.48,417.26,12.47,12.81,1691.34,2,4769.26,2,9541.52,0,0,21.82,27.89,18.13,0
783.2,7.08,15.7,545.73,12.32,6.25,897.74,24.24,25.63,2226.67,1,5130.72,2,3475.63,0,0,37.02,16.2,37.19,0
1068.6,7.57,25.03,1266.75,31.16,34.04,1503.28,58.94,43.16,3838.62,1,7247.18,3,11837.08,0,0,52.12,45.2,75.49,0
219.54,0.62,5.18,1048.9,37.74,33.42,713.28,15.13,20.5,1981.72,2,2754.99,1,6624.74,0,0,1.6,54.92,21.95,2
801.75,7.02,22.09,322.08,1.01,11.51,293.31,9.93,5.72,1417.14,1,2308.73,1,3310.54,0,0,34.71,10.36,7.43,0
894.61,6.48,23.54,832.17,16.85,32.54,865.51,37.26,26.1,2592.3,2,4892.48,2,1032.48,0,0,45.06,31.89,39.18,0
296.03,2.73,5.97,1153.03,33.9,37.23,378.98,8.11,5.23,1828.03,0,3652.43,2,4045.7,0,0,12.19,54.83,6.6,0
615.08,4.78,21.21,1970.48,56.75,55.38,1499.72,37.1,37.42,4085.28,1,5382.99,1,12989.36,2,1,30.73,86.67,61.21,3
515.65,2.4,8.1,1311.84,33.24,39.71,615.86,10.83,12.83,2443.35,1,4910.25,2,9967.3,0,0,19.72,55.13,20.39,0
1035.92,9.53,20.03,940.88,26.04,24.37,355.97,5.96,5.08,2332.77,1,2180.66,0,6846.16,0,0,52.02,33.2,13.66,2
635.33,2.84,16.84,763.02,26.43,27.13,455.68,11.84,9.96,1854.02,2,1670.16,0,5045.08,0,0,19.91,36.76,14.23,0
732.76,5.73,17.71,1454.62,41.85,44.18,293.41,3.74,11.43,2480.79,2,6221.21,3,4941.06,0,0,36.55,54.9,16.85,0
779.78,4.85,17.18,266.71,7.69,10.7,794.31,21.44,16.95,1840.81,3,4298.73,2,6185.17,0,0,32.11,3.32,30.58,0
877.2,6.84,19.39,489.41,17.28,19.12,1187.48,33.15,29.58,2554.1,2,3840.54,1,445.18,0,0,37.49,23.31,51.48,0
939.21,7.35,16.14,245.01,2.9,16.57,1902.1,45.67,47.17,3086.32,2,3566.15,1,9712.95,1,0,41.05,8.61,78.03,1
624.3,4.48,21.74,1019.3,35.75,27.23,741.25,21.73,14.9,2384.85,1,3058.76,1,5247.04,0,0,31.7,46.51,31.33,2
729.49,5.93,24.34,600.82,3.61,10.34,527.53,9.92,14.1,1857.84,2,2944.12,0,8318.79,0,0,36.46,12.81,22.42,0
904.86,7.74,15.69,1211.93,35.92,38.18,1228.0,28.94,31.81,3344.79,2,6073.93,2,7637.01,0,0,46.55,54.48,46.36,0
904.17,7.06,17.38,435.83,11.49,11.17,1334.91,39.17,25.81,2674.91,3,3619.58,1,5867.65,0,0,39.24,17.71,51.51,0
969.18,7.74,25.03,1408.59,38.37,46.71,975.42,24.84,26.6,3353.19,3,3942.28,1,9721.24,0,1,51.4,53.75,36.69,0
228.12,2.83,8.44,1187.62,39.59,37.95,662.88,21.34,11.42,2078.62,1,5348.11,3,13587.53,0,0,10.8,49.79,24.02,0
817.87,6.72,16.64,857.74,22.03,28.62,845.15,25.18,18.5,2520.77,0,4619.07,2,14310.2,0,0,37.91,36.49,31.21,0
277.53,1.94,12.59,1583.03,44.01,50.58,1022.33,34.99,29.66,2882.89,2,3741.33,1,3835.4,0,1,16.87,70.58,43.49,3
1007.91,8.09,23.83,363.97,12.26,10.8,216.8,11.83,4.72,1588.68,1,3195.74,1,12580.67,0,0,48.14,8.74,9.71,2
246.36,2.68,15.09,1374.34,46.02,37.06,848.91,21.61,22.01,2469.61,2,3473.0,0,598.4,1,0,14.31,59.97,33.01,1
1024.62,8.12,18.81,612.06,26.36,21.62,628.13,21.58,15.73,2264.81,0,4574.66,1,4316.09,1,0,54.31,20.48,32.3,1
764.08,5.6,13.48,843.55,15.63,20.73,1741.7,44.19,43.36,3349.34,2,6592.78,2,3941.72,0,0,32.87,31.1,69.04,0
1010.93,8.67,21.7,848.3,22.08,31.19,1082.37,33.32,30.27,2941.6,2,3611.13,1,2979.46,0,0,54.19,30.67,45.55,2
1224.12,8.73,33.96,863.42,17.46,32.05,308.99,7.82,4.15,2396.52,1,5286.27,2,2916.53,1,0,62.2,33.29,10.69,1
702.62,2.12,19.76,722.27,23.08,18.01,723.47,18.75,20.35,2148.35,2,5982.04,3,4037.19,0,0,29.22,23.58,33.04,0
474.59,5.96,15.27,678.58,10.78,21.34,967.02,24.19,21.38,2120.19,3,2166.72,0,10652.15,0,0,26.98,26.03,33.91,0
768.24,5.9,17.86,579.89,6.65,20.0,1417.74,43.7,33.29,2765.86,3,5210.81,2,6153.36,0,0,37.47,14.96,57.13,0
721.03,5.32,17.78,388.55,7.1,10.03,1325.5,37.1,30.63,2435.08,3,5195.67,2,13492.1,0,0,32.74,8.46,55.01,0
517.2,4.07,19.23,996.68,29.92,40.26,1618.17,47.35,38.94,3132.05,1,5629.38,2,12294.14,0,0,30.6,41.95,66.96,0
905.73,7.6,21.91,1552.21,42.3,49.27,543.13,15.46,11.61,3001.06,1,5445.25,2,3742.97,0,1,50.49,60.65,20.1,0
1103.96,9.69,23.22,856.44,23.21,29.5,328.75,7.15,4.36,2289.16,0,4939.07,2,12849.41,0,0,49.71,30.58,7.06,0
207.5,3.88,8.25,309.11,9.66,7.41,1583.98,50.9,42.87,2100.59,0,3409.58,1,12972.5,0,0,12.18,7.79,69.49,0
1010.14,7.03,19.44,695.38,19.04,32.98,606.35,14.84,14.58,2311.87,1,4372.03,2,7916.17,0,0,53.23,24.76,23.37,0
30.0,0.62,1.0,684.44,21.11,21.49,1595.8,37.23,38.16,2310.24,3,4480.94,2,2915.48,0,0,3.62,32.47,65.95,0
364.67,4.58,9.68,342.41,3.52,9.25,836.57,25.7,22.61,1543.64,0,453.58,0,7798.42,0,0,19.31,9.78,40.32,0
819.83,6.18,17.06,868.93,28.34,27.18,709.27,21.92,22.78,2398.03,1,4075.03,1,483.77,0,0,37.65,38.77,33.99,0
403.98,2.75,11.12,666.84,20.71,20.24,801.97,22.22,15.35,1872.79,0,1537.77,0,281.13,0,0,13.74,27.01,24.0,0
762.28,5.36,17.84,580.03,15.94,20.76,1375.84,39.07,38.17,2718.15,1,5047.94,2,7623.96,0,0,34.38,19.31,62.39,0
956.13,8.22,17.92,204.62,1.97,19.36,1155.87,34.95,23.9,2316.62,2,2381.71,0,13733.46,0,0,48.83,4.54,41.5,2
940.12,9.57,23.43,1049.59,17.39,30.48,1428.34,45.92,33.26,3418.05,3,7064.61,3,2102.56,0,0,52.56,34.64,62.46,0
654.46,5.23,13.89,1015.65,27.34,28.24,863.76,31.3,23.4,2533.86,1,3950.91,1,5573.17,0,0,30.08,35.49,40.16,0
662.72,4.52,16.27,821.12,15.83,21.06,1231.8,29.68,28.32,2715.64,1,4301.21,1,7394.76,0,0,34.34,25.56,46.46,0
1118.57,9.87,27.94,1127.44,31.41,41.71,1635.92,43.1,37.61,3881.93,2,5839.75,2,8016.77,0,0,64.85,43.99,67.5,0
376.15,3.23,14.56,1155.55,35.93,36.38,897.92,30.06,31.78,2429.62,0,4223.25,2,12303.74,0,0,16.32,50.93,33.44,0
842.74,5.82,16.48,491.19,6.69,15.58,805.7,22.68,26.67,2139.63,1,3410.25,1,2496.41,0,0,36.73,17.24,37.92,0
561.9,3.06,17.68,465.34,8.84,12.25,1475.83,38.9,36.43,2503.08,2,4612.79,2,452.94,0,0,21.84,12.77,60.96,0
890.65,5.5,15.03,1075.8,32.97,35.46,78.09,3.91,10.08,2044.54,0,4846.1,2,10963.69,1,0,39.8,45.16,13.28,1
1487.85,11.5,29.27,770.05,18.89,30.09,452.12,4.73,9.19,2710.02,1,4052.59,1,12769.43,2,1,76.87,22.37,14.65,2
414.22,3.06,12.66,760.13,12.94,26.25,1301.83,41.94,34.86,2476.17,1,4337.23,2,6100.47,0,0,22.7,29.25,59.15,0
915.46,7.37,16.82,1390.63,39.26,53.78,770.27,22.47,21.51,3076.35,1,4376.17,1,14351.41,0,1,43.8,64.91,24.42,3
797.59,5.86,14.76,1066.05,28.58,28.55,302.45,4.45,4.18,2166.09,0,4139.28,2,7963.3,1,0,39.19,44.07,5.4,1
421.26,3.36,12.26,511.01,8.84,16.45,795.08,23.96,14.72,1727.34,1,2878.63,1,10338.87,0,0,20.1,14.42,31.21,0
1325.14,10.72,24.2,987.32,5.06,19.54,750.37,20.99,16.06,3062.83,2,4076.78,1,7528.5,0,0,66.21,16.79,25.11,2
817.29,6.84,15.75,710.72,21.9,31.08,1571.96,29.88,34.31,3099.97,0,5639.68,3,3258.38,0,0,38.93,35.01,56.47,0
454.8,3.11,13.0,858.2,22.15,29.36,737.35,21.59,17.51,2050.35,2,3961.89,1,4946.6,0,0,23.58,39.03,29.65,0
553.73,5.98,20.36,388.51,5.56,12.05,551.75,15.3,13.18,1493.99,2,2551.69,1,14347.88,0,0,29.28,14.51,19.42,0
203.09,0.51,8.61,871.11,31.3,35.2,73.54,0.0,1.97,1147.74,1,2126.1,1,7939.92,0,0,11.96,44.46,4.91,0
910.14,6.94,21.13,1306.98,29.43,34.33,541.32,19.87,7.15,2758.44,0,3809.56,1,14269.03,0,0,44.98,45.29,24.45,2
968.4,6.91,17.41,1086.35,26.13,39.51,247.77,5.91,8.99,2302.52,3,1874.78,0,5234.47,1,0,45.32,44.19,11.33,1
688.82,5.2,14.61,1580.49,52.66,49.95,904.0,25.06,20.08,3173.31,0,5501.88,1,14861.34,0,1,36.45,70.86,36.76,2
565.11,3.31,9.21,1068.27,26.33,24.99,1052.03,36.94,24.54,2685.41,2,6539.41,3,9778.61,0,0,31.69,42.0,42.02,0
918.65,8.07,17.57,335.47,12.08,14.1,307.9,13.17,7.07,1562.02,2,2228.19,1,12167.72,1,0,44.35,9.53,12.98,1
1322.03,10.58,28.99,638.24,3.45,24.35,1119.76,34.29,29.65,3080.04,3,5797.89,2,1787.0,0,0,61.98,15.42,45.51,0
1181.16,8.77,21.59,690.57,20.8,24.89,1219.5,34.47,30.64,3091.24,2,3495.47,1,13265.54,0,0,52.33,26.05,46.8,2
323.48,0.51,7.83,538.33,10.66,6.91,258.21,1.28,1.62,1120.02,2,1522.7,0,403.04,0,0,6.79,15.44,6.82,0
293.02,1.52,9.89,869.11,24.99,27.29,686.07,13.27,15.75,1848.2,3,6222.47,3,1077.48,0,0,12.05,37.45,22.13,0
562.54,4.66,17.99,575.67,8.65,13.32,30.0,3.45,0.0,1168.2,1,2489.5,1,5422.89,1,0,30.81,13.71,4.28,1
896.71,6.64,24.91,655.99,13.67,20.08,396.44,10.72,18.88,1949.14,1,2690.76,1,4579.19,1,0,42.67,19.8,21.11,1
799.32,7.08,20.92,123.28,6.39,7.77,960.39,22.38,17.51,1882.99,3,3129.82,1,2818.97,0,0,40.28,8.28,36.68,0
680.5,5.08,16.27,1182.96,44.7,46.63,1325.74,36.01,35.36,3189.2,2,3692.19,1,11719.92,0,1,34.25,56.57,55.05,2
609.82,2.67,14.74,839.08,18.34,26.74,713.11,28.01,17.46,2162.01,2,3487.46,2,6246.96,0,0,20.99,27.06,27.95,0
738.36,4.98,16.56,1365.55,48.1,41.41,416.91,14.75,11.67,2520.82,1,5396.88,2,13353.48,0,0,30.42,61.76,14.33,0
693.38,5.03,9.22,682.61,23.08,24.28,488.72,16.6,12.47,1864.72,1,5828.64,3,537.37,0,0,31.25,34.77,23.27,0
471.25,3.95,9.16,598.07,18.18,29.33,768.42,22.45,29.33,1837.74,1,2658.89,1,5181.66,0,0,22.16,25.52,38.59,0
137.09,1.61,5.42,817.84,26.13,24.9,764.54,18.81,14.49,1719.47,3,3422.02,1,2828.34,0,0,3.14,38.67,26.43,0
197.26,1.81,7.93,501.85,2.23,7.33,691.12,15.2,17.58,1390.23,0,1603.49,0,6638.55,0,0,13.38,13.19,22.33,0
943.97,7.68,19.8,467.63,9.03,20.2,1565.78,56.04,33.34,2977.38,3,4920.46,2,14944.09,0,0,43.35,17.49,70.19,0
616.7,3.96,6.14,1244.86,45.23,38.32,1836.68,68.5,52.75,3698.24,3,7260.48,3,13252.35,3,0,24.05,55.66,89.01,0
448.3,4.64,15.87,1215.49,30.25,38.4,298.77,3.4,11.14,1962.56,2,3085.45,1,9675.07,0,0,23.86,48.16,10.11,2
1162.66,11.06,26.88,657.1,18.72,35.15,782.15,26.98,21.68,2601.91,1,2902.29,1,3203.53,1,0,62.94,22.21,34.54,1
861.84,5.65,22.33,440.32,3.1,17.79,556.63,9.89,21.36,1858.8,2,4175.43,1,9673.89,0,0,39.1,16.83,17.43,0
295.59,3.73,9.77,1418.54,42.84,43.61,350.54,7.48,17.89,2064.68,2,6618.24,3,3431.92,1,0,13.42,63.51,16.19,1
339.16,1.64,8.88,502.79,13.09,9.84,1336.72,42.33,26.53,2178.67,1,3965.96,1,1056.71,0,0,9.35,16.26,53.42,0
775.26,5.82,16.63,1005.09,28.28,27.82,756.46,22.07,30.37,2536.82,3,3664.45,1,10429.14,0,0,42.1,40.73,29.81,0
357.81,1.78,7.27,996.93,29.93,28.01,1049.25,37.29,26.07,2403.98,0,3099.05,0,11785.96,0,0,16.82,40.65,37.67,0
296.25,2.73,8.8,324.5,0.0,2.82,1073.79,28.46,27.36,1694.53,1,1587.09,0,4184.78,0,0,9.71,13.89,42.18,0
598.02,5.89,15.58,511.74,15.04,32.64,1411.32,39.55,31.05,2521.07,1,3057.82,1,2683.74,1,0,30.22,27.38,61.84,1
532.39,5.17,9.46,912.71,21.07,29.77,859.47,20.37,24.07,2304.56,2,3080.59,1,12146.4,0,0,26.83,33.71,33.28,0
1006.18,8.09,26.46,941.45,24.34,36.28,604.73,16.58,18.57,2552.36,3,6797.9,3,2056.93,0,0,53.25,40.59,23.35,0
859.88,6.14,19.23,305.55,5.6,6.19,1607.13,48.51,43.86,2772.56,1,4546.42,2,14517.61,0,0,40.24,8.74,75.89,0
781.72,4.29,15.63,607.35,7.07,19.65,998.47,25.29,29.19,2387.55,2,1803.51,0,301.01,0,0,34.71,20.49,38.51,0
338.68,1.72,6.65,1059.75,28.58,22.45,1245.41,32.23,26.37,2643.84,2,3580.64,1,8686.17,1,0,12.18,42.8,52.73,1
1120.62,9.88,28.59,1288.9,44.29,46.61,552.92,18.67,18.61,2962.43,2,4695.58,2,8806.96,0,1,60.91,52.2,30.72,0
1111.81,9.4,20.85,1021.03,28.18,40.51,782.46,23.85,28.65,2915.3,3,2947.89,0,7463.44,0,0,51.24,42.37,38.02,0
1471.02,11.96,32.36,520.01,0.0,17.59,231.28,8.2,2.73,2222.31,1,4216.78,1,11355.44,2,1,76.14,3.64,8.98,2
1043.49,7.55,21.6,1121.86,36.76,31.29,329.05,3.56,2.71,2494.39,1,3511.98,0,9237.57,0,0,48.86,46.78,6.88,2
493.93,4.83,13.46,586.27,13.55,13.26,390.59,10.61,7.65,1470.8,1,1768.28,0,14545.36,0,0,28.73,22.77,16.56,0
535.33,3.9,8.14,121.19,0.0,1.89,912.32,21.49,18.98,1568.84,3,5446.19,3,1177.92,0,0,20.11,7.41,33.98,0
843.9,8.3,24.34,1010.56,27.06,29.52,606.59,7.8,11.55,2461.06,2,3629.87,1,6075.95,0,0,44.09,39.83,19.88,0
927.03,7.28,19.14,1464.39,36.37,38.1,728.28,17.95,16.49,3119.71,2,5371.33,2,7419.85,0,0,49.02,55.12,29.84,0
239.4,0.99,4.88,1092.04,40.58,33.34,579.82,19.16,21.5,1911.26,1,4149.21,2,10514.01,0,0,7.05,57.31,18.79,0
448.12,4.84,19.36,844.21,26.56,34.5,1056.19,25.34,24.16,2348.52,0,4179.06,2,865.5,0,0,29.56,37.82,44.14,0
232.86,0.9,7.12,777.6,26.21,19.62,576.22,16.37,14.4,1586.68,1,2759.55,0,11974.57,0,0,6.94,34.52,25.48,0
601.59,4.34,16.53,749.18,19.31,19.4,518.66,10.56,8.72,1869.42,1,1549.54,0,1936.68,0,0,30.21,26.73,20.48,0
1131.49,8.14,27.79,1422.69,49.86,45.88,811.61,27.12,16.54,3365.79,3,6315.99,2,126.66,0,1,52.13,58.3,36.34,0
964.94,6.7,26.25,1247.23,33.27,43.06,697.95,14.11,16.28,2910.12,2,5527.0,2,6992.91,1,0,47.96,51.47,23.94,1
70.98,0.14,4.72,699.28,18.44,25.72,1261.59,36.44,36.86,2031.85,1,3480.49,1,3226.17,0,0,3.91,34.18,51.1,0
689.92,5.0,21.56,359.6,0.0,16.16,1140.07,32.9,32.37,2189.59,1,4220.2,1,14311.5,0,0,37.45,2.03,40.7,0
83.08,1.79,4.08,993.38,43.02,32.44,218.73,3.95,6.62,1295.19,1,2686.87,1,10161.79,0,0,11.1,55.05,6.13,2
547.54,2.12,5.04,376.21,0.0,6.68,1254.01,33.05,30.74,2177.76,1,3543.45,1,12448.01,0,0,15.18,7.35,51.11,0
602.87,5.99,19.2,880.07,20.82,14.63,553.35,19.12,17.42,2036.29,1,5128.94,3,13991.98,0,0,40.18,24.35,19.67,0
527.94,4.38,14.3,825.1,29.49,18.66,852.61,21.1,18.97,2205.65,2,1543.05,0,1430.56,1,0,27.29,29.96,32.2,1
375.53,0.12,11.54,157.04,9.2,4.73,639.73,18.38,19.05,1172.29,0,743.01,0,8845.74,0,0,13.12,5.33,22.95,0
801.82,5.12,18.38,709.02,16.03,19.02,719.54,20.34,16.7,2230.38,1,4085.47,1,7270.73,0,0,33.58,25.47,32.02,0
861.42,5.82,19.46,341.75,12.48,12.17,916.61,28.46,28.83,2119.78,1,1727.31,0,10548.45,0,0,35.39,14.08,36.93,0
283.36,2.66,13.92,609.33,24.5,16.43,655.11,20.71,14.79,1547.81,1,2654.18,1,10270.12,0,0,11.74,29.99,25.5,0
761.47,6.19,23.36,1140.54,30.08,37.8,404.62,9.56,7.93,2306.63,3,4200.71,1,13175.07,0,0,35.63,45.48,4.22,0
686.32,6.62,19.9,1121.07,26.68,27.88,1189.32,38.97,41.78,2996.7,2,4821.0,2,6569.08,0,0,35.04,44.38,57.77,0
858.92,6.88,22.5,634.99,12.93,27.33,1518.37,47.23,37.69,3012.28,1,7077.94,3,2049.82,0,0,50.19,18.88,61.31,0
1041.73,10.13,24.71,1161.03,39.78,38.28,972.99,26.02,20.07,3175.75,1,4979.93,2,11492.56,0,0,58.08,51.81,33.13,0
477.96,5.0,15.36,1475.89,43.16,44.54,294.39,8.63,13.55,2248.23,0,6726.63,3,1162.22,0,0,29.74,54.08,13.41,0
887.87,6.53,18.49,1063.22,28.56,27.32,1043.75,19.49,23.12,2994.83,2,4983.86,2,5172.43,0,0,43.48,40.28,33.48,0
562.5,4.62,17.69,821.57,22.88,20.87,1263.01,30.3,36.78,2647.07,1,4384.39,2,12991.46,0,0,28.33,33.92,52.45,0
587.44,7.14,18.28,604.8,14.89,19.8,1219.34,35.63,34.64,2411.57,2,2883.15,1,14931.53,0,0,29.02,21.97,52.18,0
1025.82,8.05,20.44,449.49,17.87,18.52,271.72,3.3,6.13,1747.03,2,3199.96,1,7720.0,0,0,49.56,14.59,7.72,2
1026.61,8.3,22.53,1259.6,39.99,47.11,993.04,28.41,27.41,3279.25,2,6902.62,2,11620.95,0,1,51.49,56.06,40.08,0
793.19,6.56,12.53,908.74,19.71,17.94,827.58,19.84,20.18,2529.51,2,2594.81,0,662.59,0,0,36.68,24.07,32.31,0
1196.82,8.46,23.63,1662.73,57.66,54.77,1303.64,44.98,32.02,4163.19,2,6617.67,2,13145.08,2,1,53.99,75.78,60.41,3
602.64,4.58,16.51,451.9,11.23,16.85,966.78,25.39,24.4,2021.32,2,1537.01,0,3719.6,0,0,32.57,17.52,37.68,0
199.11,3.51,6.91,1529.13,48.08,48.56,491.4,18.75,13.74,2219.63,2,4157.46,1,1513.31,0,1,14.94,72.37,25.99,2
597.45,3.86,14.38,959.57,31.09,34.09,93.17,0.0,0.0,1650.19,1,4602.17,2,3655.22,0,0,31.33,43.34,1.97,0
560.84,4.46,11.21,681.73,15.37,24.52,1470.78,44.91,37.47,2713.35,0,2132.61,0,9627.64,0,0,27.63,26.38,64.25,0
834.51,6.35,14.27,910.65,24.68,36.01,357.75,11.91,2.44,2102.91,2,3303.93,1,11852.35,0,0,39.98,38.17,11.83,0
551.11,3.01,17.48,792.04,15.04,24.08,383.37,8.49,0.0,1726.52,1,1978.94,0,4652.43,0,0,22.95,33.3,13.6,0
679.66,5.03,13.6,692.68,23.01,29.73,953.41,19.76,25.61,2325.74,3,5027.88,3,2962.72,1,0,38.05,27.04,37.94,1
531.8,4.78,16.01,424.17,6.46,14.06,668.2,21.02,17.1,1624.17,2,2981.93,1,13177.9,0,0,30.49,14.3,32.29,0
965.4,7.19,23.02,163.5,9.02,12.68,788.26,25.98,20.07,1917.16,1,4010.24,2,9253.65,1,0,43.12,5.9,31.55,1
642.93,5.62,19.72,1124.07,31.02,37.29,597.06,13.26,15.61,2364.05,3,4932.94,2,10285.73,0,0,29.86,49.78,27.06,0
141.01,0.0,2.45,1039.24,28.71,29.88,679.02,6.86,19.26,1859.27,2,2000.62,0,470.68,1,0,1.82,48.81,25.31,1
613.64,3.93,18.8,635.88,10.84,23.87,1636.62,43.32,35.5,2886.14,2,5858.83,2,11219.81,0,0,28.47,25.39,62.28,0
514.82,4.98,13.71,610.62,8.46,20.99,761.9,15.4,12.96,1887.34,1,1635.59,0,3961.6,0,0,23.5,24.81,30.01,0
1443.07,11.9,33.57,1493.31,44.76,42.45,544.17,2.53,11.49,3480.55,1,4466.29,1,10540.52,2,1,76.72,55.06,13.48,2
1029.23,8.67,29.84,1171.62,37.57,34.04,492.74,11.54,0.75,2693.58,1,4060.18,1,12859.98,0,0,55.89,49.26,17.09,2
539.26,5.44,16.6,483.39,8.67,13.75,1223.08,44.23,33.55,2245.74,2,6133.38,3,764.02,0,0,27.91,11.42,54.43,0
1004.33,5.36,16.82,1423.62,41.49,35.68,1554.17,43.47,40.13,3982.13,1,5825.98,2,2320.83,0,0,41.72,51.36,65.48,0
513.44,1.61,4.46,940.26,27.4,31.7,268.64,5.62,13.03,1722.33,2,4599.18,2,4001.19,0,0,16.06,44.35,17.41,0
578.12,4.88,15.16,871.35,20.23,18.92,193.73,0.0,11.77,1643.21,2,3647.83,1,3349.22,0,0,23.55,34.66,3.55,0
621.41,4.38,16.85,412.18,8.55,12.53,719.32,16.72,12.16,1752.91,0,4408.8,2,13711.29,0,0,30.38,11.34,22.81,0
1451.56,11.36,28.41,467.39,3.77,16.96,1469.0,47.89,42.2,3387.94,2,5968.84,2,9449.96,2,1,73.69,8.56,67.2,0
200.37,1.72,10.11,724.34,32.15,27.87,1217.2,31.77,30.34,2141.91,2,4411.92,2,14804.22,0,0,13.02,38.85,46.28,0
1034.64,7.52,17.95,945.3,34.74,24.28,1130.05,39.73,31.19,3109.99,0,4894.81,2,314.29,0,0,48.61,32.03,51.36,0
841.93,6.58,21.27,496.36,16.08,20.83,1069.21,34.88,23.77,2407.5,1,5801.41,2,2984.27,1,0,43.4,16.69,45.12,1
414.14,3.07,7.45,1657.86,50.85,50.45,708.79,18.47,13.58,2780.79,3,3366.9,0,12600.77,0,1,18.49,70.81,32.92,0
1154.91,10.49,29.38,1371.51,39.61,47.43,1443.7,47.42,34.11,3970.12,2,7045.25,3,8298.89,0,1,59.28,56.26,61.46,0
857.63,6.4,26.7,551.77,14.92,17.12,1127.61,23.85,14.64,2537.01,1,4925.3,2,7636.11,0,0,44.0,11.81,33.62,0
945.38,6.65,21.44,443.36,6.91,18.38,68.11,0.0,0.0,1456.85,2,1246.82,0,12740.72,0,0,44.5,9.43,1.64,0
916.82,6.33,19.95,922.81,25.33,30.94,1228.47,31.87,31.69,3068.1,1,4720.67,1,13734.46,0,0,39.4,32.91,52.45,0
923.07,8.14,21.82,1136.57,26.63,27.41,894.21,21.85,16.63,2953.85,1,5339.76,2,6992.99,0,0,43.03,43.74,36.44,0
458.45,3.08,13.09,1113.74,32.81,38.32,672.57,14.5,18.7,2244.76,3,6342.93,3,3635.34,1,0,20.73,49.77,27.09,1
837.16,6.77,18.09,1022.28,31.68,40.94,1381.26,42.91,27.6,3240.71,1,6086.93,2,1498.06,0,0,46.8,42.4,53.49,0
1057.88,7.05,28.19,1009.16,30.36,35.11,744.6,21.03,22.85,2811.65,1,6273.79,3,12178.48,1,0,54.15,36.59,32.57,1
470.36,2.92,14.06,1399.97,41.04,34.71,663.9,17.41,10.9,2534.23,2,3022.58,1,6482.07,0,0,22.03,59.7,24.59,2
990.5,6.81,23.1,1678.63,53.33,48.49,364.99,1.42,11.31,3034.12,3,4033.4,1,1658.54,0,1,46.92,73.43,14.25,0
462.31,2.9,16.46,1023.99,24.05,20.0,614.14,6.68,10.7,2100.44,2,3624.5,1,3692.89,1,0,24.1,40.19,16.51,1
610.87,5.41,19.6,1085.17,36.3,40.53,1325.46,35.46,35.27,3021.49,1,4811.3,2,9436.06,0,0,33.44,49.43,54.98,0
434.33,2.73,15.13,303.51,9.76,13.45,976.09,35.57,22.11,1713.93,2,1698.76,0,7937.93,0,0,18.36,7.65,39.61,0
486.3,4.1,12.83,1765.05,53.58,51.23,823.48,19.8,16.08,3074.83,1,4677.16,2,14428.07,2,1,18.48,76.26,30.05,3
562.6,4.35,11.57,1123.24,32.63,36.87,1364.84,34.59,37.78,3050.67,2,3090.21,0,7428.84,0,0,26.13,47.47,51.32,2
743.95,6.02,17.66,411.98,7.11,12.93,1021.39,20.83,18.59,2177.32,2,3740.22,1,1655.3,0,0,32.59,12.77,37.68,0
281.45,2.56,10.83,881.19,21.62,25.58,958.97,22.26,18.09,2121.62,3,4754.39,2,6596.14,0,0,16.86,33.49,35.49,0
828.97,5.62,16.2,950.72,26.58,25.89,661.9,11.62,4.32,2441.59,2,4901.53,2,2057.06,0,0,39.51,30.22,20.26,0
253.39,2.95,14.72,1331.93,38.31,38.8,740.93,25.06,14.82,2326.24,1,3825.23,1,4087.87,0,0,15.33,57.82,29.55,2
947.59,4.91,17.27,1043.6,35.67,38.87,531.35,0.0,0.49,2522.54,1,4014.37,1,9833.21,0,0,36.34,51.13,10.67,2
960.75,7.8,20.73,275.39,1.65,15.9,1554.53,36.92,44.28,2790.67,1,4828.09,2,11681.0,0,0,42.97,7.67,62.71,0
549.04,3.3,11.34,1280.52,36.06,32.29,775.2,20.69,19.88,2604.75,2,3887.66,1,6845.04,0,0,24.35,51.77,28.54,2
931.45,9.3,23.89,1033.59,33.66,31.4,914.28,29.52,20.25,2879.32,1,3787.27,1,13965.71,0,0,54.43,42.39,37.91,2
547.74,5.44,19.03,746.97,15.53,29.33,891.96,26.32,29.15,2186.67,1,2741.74,1,7884.67,0,0,32.1,28.59,43.21,0
816.32,4.42,22.51,1167.27,32.97,42.31,918.04,30.65,11.18,2901.63,3,5696.58,2,2595.22,0,0,32.48,52.55,37.28,0
817.38,8.35,16.76,1156.11,36.14,37.6,801.07,24.73,17.32,2774.56,3,4961.47,2,6448.45,0,0,46.11,43.04,36.22,0
853.15,8.05,19.32,742.69,15.29,23.36,864.0,21.41,25.22,2459.84,3,3831.56,1,6701.08,0,0,40.73,24.87,37.19,0
840.07,4.86,7.55,873.88,30.16,25.76,408.28,4.49,3.68,2122.23,0,3994.41,1,4294.63,0,0,34.12,38.24,13.86,0
267.62,1.07,7.2,1243.32,35.11,35.56,900.53,22.42,15.8,2411.46,3,3598.26,1,7392.44,0,0,9.95,52.88,30.67,0
663.39,6.09,18.55,694.79,11.67,16.5,470.71,14.53,14.46,1828.89,1,2105.1,0,9829.92,0,0,37.72,21.01,17.83,0
59.36,1.77,7.85,554.81,23.15,17.62,1294.28,31.44,37.05,1908.45,2,5577.5,3,9876.81,0,0,6.74,20.22,59.16,0
438.78,3.9,16.29,720.92,19.23,15.78,778.44,23.91,17.75,1938.14,1,839.57,0,1186.97,0,0,18.23,28.6,37.81,0
225.33,1.79,8.86,920.91,18.12,15.84,606.04,13.31,15.53,1752.27,1,3228.42,1,7858.3,0,0,12.98,22.07,28.33,0
801.03,6.52,23.7,824.03,26.64,33.84,444.77,4.3,1.31,2069.84,1,1733.18,0,847.9,1,0,40.05,38.75,6.35,1
433.21,3.62,14.27,840.49,24.66,28.31,854.1,25.37,19.6,2127.8,2,2120.14,0,3042.46,0,0,24.36,36.29,37.29,0
704.36,5.65,16.54,603.11,19.74,23.92,668.36,22.49,18.24,1975.83,3,3862.3,2,8354.72,0,0,37.36,21.01,34.38,0
296.13,1.9,10.66,451.0,5.86,5.48,763.72,29.48,22.46,1510.84,2,2483.04,1,7797.95,0,0,14.54,10.51,29.26,0
446.34,2.35,12.92,792.45,20.08,27.22,1327.77,47.15,32.2,2566.56,1,3155.51,1,12183.23,1,0,21.51,34.18,58.99,1
292.93,3.11,10.89,942.22,23.79,23.1,959.15,29.12,28.47,2194.3,1,4274.01,2,6024.79,0,0,15.12,35.59,39.58,0
1236.49,10.16,24.95,1346.43,40.26,47.49,1112.69,25.77,28.93,3695.61,0,4550.88,1,10988.52,0,1,62.98,57.18,42.47,2
488.86,4.15,9.27,310.32,2.94,0.33,987.78,21.07,24.97,1786.96,1,3221.14,1,4072.0,0,0,18.28,6.9,35.2,0
407.17,3.82,15.33,775.16,16.9,24.89,1061.04,36.07,28.85,2243.36,1,3698.73,1,2642.47,0,0,19.78,27.86,44.57,0
1091.7,8.49,27.43,279.53,0.0,10.13,742.61,14.3,18.99,2113.84,1,4725.62,2,11157.84,0,0,55.05,5.2,28.11,0
674.87,5.04,15.54,378.54,1.99,12.24,1361.56,37.21,31.92,2414.97,2,4143.3,1,5264.61,0,0,37.2,5.88,51.8,0
649.61,7.67,18.11,1157.78,23.11,37.91,1212.84,45.98,30.65,3020.23,0,4640.39,2,13620.38,0,0,38.61,41.31,54.56,0
481.43,1.92,13.33,835.45,21.02,34.28,258.07,2.55,14.35,1574.96,3,3064.4,1,9123.86,0,0,20.52,35.57,13.37,0
866.47,6.09,21.37,509.42,17.7,23.53,721.99,23.24,14.24,2097.88,2,1187.49,0,13652.77,0,0,39.78,20.8,26.48,0
355.95,3.55,13.91,590.94,20.96,21.34,432.59,16.65,11.71,1379.48,2,1279.64,0,10479.77,0,0,23.84,23.89,20.24,0
771.53,5.69,22.05,726.81,19.3,27.63,837.34,26.47,24.24,2335.68,1,2753.06,1,14566.59,0,0,38.82,27.33,35.94,0
964.33,6.87,21.29,465.58,0.0,12.15,1161.22,35.06,31.06,2591.13,1,4305.11,1,5182.38,0,0,47.21,7.76,48.66,2
649.79,3.88,20.27,472.74,12.03,18.05,751.83,21.56,12.38,1874.36,3,2839.49,0,13674.3,0,0,30.37,19.93,29.15,0
1145.81,9.31,34.3,744.51,19.35,28.48,1012.09,32.09,25.23,2902.41,2,2797.47,0,10823.04,1,0,61.83,21.1,43.22,1
861.49,6.87,20.34,1316.38,38.85,39.53,819.25,17.64,16.39,2997.13,1,4976.48,2,4426.58,0,0,43.2,52.9,28.62,0
691.13,5.02,16.57,1003.49,23.06,22.25,413.85,12.3,14.26,2108.46,3,5623.4,3,1486.89,1,0,29.83,39.68,15.07,1
1315.71,11.18,27.54,1250.05,32.6,44.63,753.09,24.33,24.43,3318.85,2,5146.83,2,12790.92,1,0,72.47,41.96,37.57,1
361.12,0.97,7.53,572.55,14.14,18.0,995.8,24.76,31.14,1929.48,2,3457.27,1,9865.17,0,0,8.71,22.36,40.13,0
341.82,2.48,12.79,598.54,15.69,15.11,1051.11,28.47,25.45,1991.47,1,2454.09,1,6846.46,0,0,20.71,25.98,43.0,0
885.56,6.66,21.36,660.45,17.81,17.63,1299.08,38.33,33.56,2845.09,0,4445.35,1,10500.36,0,0,40.76,23.58,56.28,0
752.89,5.98,17.39,323.32,4.35,12.78,474.72,19.97,10.82,1550.93,3,3330.98,2,4439.97,1,0,37.14,6.74,18.58,1
94.27,0.8,8.32,431.08,20.99,27.0,1543.43,52.29,42.81,2068.77,1,847.34,0,6648.58,0,0,3.08,19.97,68.32,0
433.23,4.02,13.61,1157.67,42.98,40.23,158.49,5.53,15.17,1749.39,2,1304.43,0,11784.37,0,0,27.81,57.39,7.0,2
950.42,6.16,23.1,886.37,23.29,26.56,584.71,5.38,9.81,2421.5,1,2146.87,0,12025.08,0,0,43.07,33.7,15.64,0
600.74,5.28,17.82,600.18,16.7,11.54,1127.54,27.65,23.04,2328.46,3,5002.88,2,7805.38,0,0,33.08,20.26,44.32,0
1086.44,9.38,25.73,1070.1,25.64,37.72,795.22,26.9,18.69,2951.75,1,5803.43,2,2431.04,1,0,56.05,41.78,28.97,1
527.75,2.94,11.59,1466.66,52.53,46.95,924.91,22.14,20.69,2919.32,2,5875.09,2,5522.12,0,1,22.78,66.15,38.95,0
1395.53,9.5,26.63,1194.97,37.49,41.91,687.89,24.57,16.54,3278.39,1,5297.59,2,11464.93,0,0,62.51,51.34,31.23,0
529.34,3.27,13.17,322.68,23.54,17.03,634.23,24.43,23.88,1486.25,2,2141.2,0,755.66,0,0,26.54,20.63,38.51,0
940.31,6.67,24.26,702.14,15.1,23.76,1170.36,33.16,33.63,2812.81,2,5710.63,2,10226.33,0,0,47.57,25.74,43.91,0
496.89,2.97,8.4,812.38,20.2,24.62,725.27,14.29,10.54,2034.55,2,2666.5,0,11968.52,0,0,21.32,40.6,19.49,0
1444.19,11.37,29.23,1361.83,35.1,42.07,1281.91,42.95,37.4,4087.93,1,6025.87,3,8300.51,2,1,75.27,51.47,60.33,0
456.57,4.53,17.13,477.95,6.89,7.11,729.92,22.27,22.74,1664.45,2,2527.13,1,4539.37,0,0,24.3,22.1,38.03,0
1201.29,8.93,25.06,390.44,14.74,11.56,841.6,23.31,21.4,2433.33,2,5905.57,3,9333.08,1,0,55.69,7.89,31.19,1
615.06,6.1,19.79,701.73,19.55,24.9,1533.68,40.07,25.35,2850.46,0,4902.74,1,8750.35,0,0,31.77,28.29,57.48,0
1385.11,12.29,32.14,837.11,16.82,29.2,595.29,17.69,14.7,2817.51,2,4176.32,1,13230.23,2,1,70.43,31.48,26.39,3
368.46,2.73,13.74,482.39,6.76,12.91,1191.97,25.63,24.21,2042.82,1,4305.91,2,11913.81,0,0,16.99,13.06,41.19,0
846.3,5.64,22.11,1099.94,28.75,32.42,1803.27,51.17,46.39,3749.51,2,5622.04,2,7205.66,0,0,45.26,50.39,75.64,0
1432.56,11.6,27.7,462.69,10.81,28.09,735.03,24.37,27.47,2630.27,3,3543.12,1,10419.88,2,1,70.48,20.83,40.66,0
716.15,6.38,17.19,703.87,29.49,23.98,1085.37,26.65,29.48,2505.38,3,2072.3,0,2515.92,0,0,34.17,32.66,40.0,0
576.72,6.47,14.31,1011.52,25.69,25.14,730.44,22.99,18.55,2318.67,2,6336.32,3,8469.52,0,0,37.3,33.84,30.24,0
599.38,4.68,14.14,557.95,17.46,23.71,1497.06,39.38,44.87,2654.39,0,5389.51,2,814.78,0,0,27.53,21.61,64.55,0
114.45,0.55,5.01,1416.64,44.13,28.3,446.08,12.08,13.68,1977.17,3,5123.96,3,5191.95,0,0,4.7,61.2,17.42,0
124.95,0.59,2.76,985.09,31.14,30.76,904.58,23.28,26.56,2014.62,2,2448.03,1,2569.69,0,0,9.56,44.4,36.65,0
1054.65,8.48,23.74,644.52,4.84,22.27,366.28,16.57,11.57,2065.45,3,1903.51,0,3078.1,0,0,49.9,15.22,16.44,0
485.28,3.99,15.05,605.53,20.06,20.1,30.0,0.11,2.77,1120.8,2,3450.1,2,11018.33,0,0,25.91,27.0,2.36,0
438.72,3.25,15.35,511.54,21.83,8.8,969.33,25.72,27.86,1919.59,1,2155.57,0,5656.41,0,0,18.76,17.84,37.22,0
1763.25,13.84,32.63,769.28,16.12,28.7,373.93,14.43,12.85,2906.46,2,7255.06,3,1341.39,2,1,89.43,17.57,18.46,3
279.71,3.55,12.5,670.07,25.66,21.29,747.75,31.15,22.97,1697.53,1,1433.26,0,14489.4,0,0,12.17,34.51,34.77,0
536.12,4.07,6.52,874.17,28.26,34.01,1038.17,37.98,27.61,2448.46,0,2815.67,0,11333.47,0,0,24.22,41.72,52.1,0
74.73,0.13,5.51,681.95,18.98,22.89,1015.22,36.03,22.71,1771.89,2,2263.78,0,14907.87,1,0,2.73,31.44,37.79,1
396.88,1.12,15.37,1001.98,43.21,27.92,769.76,18.68,10.76,2168.61,3,1331.43,0,2107.77,0,0,12.7,42.31,20.1,0
996.3,7.16,23.01,842.72,27.53,26.98,270.05,9.54,12.38,2109.06,2,5461.36,3,14403.59,0,0,51.71,34.85,14.27,0
641.21,5.1,12.87,1065.33,27.97,29.13,1111.44,23.86,32.02,2817.97,1,3389.86,1,1005.74,0,0,28.79,39.75,49.75,0
1025.45,6.87,20.79,817.2,17.12,25.19,997.9,25.95,27.34,2840.55,1,3165.82,0,5806.02,0,0,45.83,25.72,41.32,2
965.59,8.83,27.65,1172.38,29.26,39.04,498.28,12.96,7.99,2636.25,1,3627.78,1,9180.73,0,0,57.43,46.82,14.82,2
441.61,3.27,12.25,910.53,31.66,25.46,629.57,12.35,13.27,1981.71,2,4423.21,2,7434.33,0,0,23.13,36.32,24.86,0
268.27,0.92,10.11,819.86,23.54,19.11,496.45,0.0,7.82,1584.58,1,1578.77,0,6621.01,0,0,11.23,32.16,11.0,0
660.02,4.83,17.22,1014.48,29.11,24.2,926.64,30.04,29.72,2601.14,3,3939.24,1,7987.7,0,0,31.66,38.22,41.43,0
834.38,6.31,20.36,556.8,6.32,16.46,566.98,8.78,9.37,1958.16,1,2887.59,1,3908.45,1,0,39.17,15.95,21.66,1
904.42,5.65,22.24,634.23,19.69,23.66,1293.33,38.51,30.83,2831.98,2,4910.85,2,100.07,0,0,40.38,25.07,54.53,0
1425.89,12.76,38.27,525.52,13.4,27.51,559.64,19.73,25.49,2511.05,1,3295.81,1,2278.71,2,1,78.08,19.3,29.32,3
1428.16,11.15,31.79,598.03,11.48,23.52,748.52,15.35,14.17,2774.71,3,4669.79,2,1990.29,2,1,75.79,14.24,30.51,0
821.42,5.44,18.64,1599.35,44.14,38.49,634.58,23.91,18.59,3055.35,1,3973.68,1,4521.84,0,0,36.2,64.8,23.34,2
558.46,4.3,10.22,941.44,22.78,21.73,1199.29,37.39,27.68,2699.19,1,5191.06,2,7491.2,0,0,25.08,33.16,57.28,0
266.19,2.85,14.1,1460.0,47.67,47.48,800.55,28.89,19.02,2526.73,3,2960.89,1,12638.35,0,1,17.9,65.22,35.68,0
979.45,7.95,29.35,533.18,7.97,24.43,735.68,19.92,15.9,2248.3,0,5028.09,2,9651.96,0,0,57.9,16.75,21.08,0
389.49,0.87,13.84,931.3,20.94,24.56,482.11,11.82,10.71,1802.9,1,3423.68,2,10851.0,0,0,19.37,35.55,21.23,0
979.81,8.06,17.48,539.35,8.23,22.88,1457.02,51.41,35.5,2976.19,3,5209.88,2,7357.53,0,0,47.54,21.83,61.57,0
882.55,7.31,18.56,450.93,11.61,13.46,1389.79,38.89,29.5,2723.28,0,6817.93,3,6328.92,0,0,42.22,15.8,60.46,0
395.72,3.79,12.68,523.26,20.32,15.97,765.36,23.02,16.43,1684.33,0,2539.48,0,8040.37,0,0,21.51,26.59,33.52,0
793.7,5.69,15.27,980.13,20.6,25.57,600.99,21.25,11.02,2374.81,2,2686.62,0,3641.27,0,0,36.7,35.01,28.67,0
615.6,4.38,21.46,1580.68,50.49,52.12,289.54,0.0,0.0,2485.81,2,2876.39,1,11732.01,2,1,28.64,79.42,7.42,3
390.74,3.45,13.95,921.63,25.74,24.6,898.2,27.97,27.49,2210.57,2,4570.47,2,11409.57,0,0,22.07,37.23,40.97,0
364.19,3.42,14.26,1580.97,45.42,40.93,644.92,21.55,11.07,2590.09,2,4726.08,1,11907.78,0,0,18.46,61.15,27.09,2
694.38,6.74,22.81,1240.78,28.36,38.83,1243.17,34.13,29.25,3178.33,3,7308.11,3,5319.98,0,0,42.77,50.12,46.82,0
398.6,3.98,13.38,168.34,2.55,9.23,920.45,34.51,24.6,1487.4,1,1637.18,0,5424.22,0,0,22.99,6.31,41.77,0
330.16,4.61,9.19,1039.06,37.52,25.06,1439.33,34.54,29.31,2808.55,2,3379.09,0,1912.41,0,0,22.27,47.2,56.12,2
365.25,2.86,15.32,980.24,31.65,44.58,905.85,26.44,18.77,2251.34,2,2211.43,0,8889.41,0,0,22.72,49.65,39.16,2
791.07,4.98,22.25,1497.54,47.4,50.2,1102.99,30.81,30.53,3391.6,1,5909.27,2,7460.27,0,1,32.04,71.05,46.99,3
1103.49,8.7,24.39,1461.92,47.91,48.91,206.35,0.0,4.55,2771.76,2,3279.11,1,2179.31,0,1,58.64,64.37,3.19,2
331.94,3.19,10.96,647.05,20.12,20.61,637.33,20.7,23.54,1616.33,0,3191.8,2,3136.35,0,0,21.88,29.74,31.29,0
679.1,4.95,18.51,646.27,18.06,20.32,305.76,5.44,3.24,1631.14,1,2587.4,1,2025.99,0,0,31.42,23.42,6.52,0
1168.7,8.77,28.49,641.46,26.88,30.11,466.6,12.33,11.1,2276.76,2,3622.23,1,9497.48,0,0,59.19,33.6,21.65,2
566.1,2.88,17.59,968.51,39.0,30.48,692.85,15.7,8.62,2227.47,1,2959.84,1,2847.14,0,0,26.15,47.22,26.58,2
328.34,1.78,10.76,577.67,18.4,15.12,932.22,31.84,26.11,1838.22,2,4124.1,2,9780.09,0,0,17.68,19.86,43.61,0
641.58,4.9,14.52,1502.6,47.25,43.21,869.99,28.53,14.69,3014.17,2,4378.05,2,7367.74,0,0,28.43,56.87,33.79,0
746.77,6.17,11.79,1563.97,54.23,47.77,193.67,12.16,4.34,2504.42,2,5532.34,3,3284.03,0,1,41.92,66.26,11.05,0
531.98,3.28,12.7,266.38,10.02,11.5,898.5,29.43,22.24,1696.86,1,4649.84,3,511.89,0,0,21.58,10.77,39.31,0
751.29,5.38,14.98,694.81,15.97,23.8,255.89,2.44,1.92,1701.99,1,3801.47,2,1571.8,0,0,33.36,21.99,10.04,0
948.89,8.49,15.37,473.07,4.24,17.4,474.95,6.7,14.63,1896.91,2,2125.86,1,5091.43,1,0,48.56,7.4,15.18,1
682.66,6.17,24.68,502.7,10.79,26.42,454.62,4.55,15.95,1639.98,3,2767.15,1,8986.45,1,0,39.99,19.4,10.02,1
227.07,0.93,7.34,817.19,21.76,19.42,596.08,15.61,20.91,1640.34,0,4230.48,2,1405.22,0,0,4.6,40.97,25.11,0
1022.81,7.89,18.89,859.23,14.19,21.21,905.05,28.04,28.87,2787.08,1,4074.18,1,7787.91,0,0,54.97,23.15,38.64,2
418.27,2.68,12.28,722.36,29.42,21.3,258.63,5.1,8.47,1399.26,1,2193.57,0,11021.11,1,0,17.57,35.38,10.95,1
496.34,2.43,17.6,401.13,0.2,0.0,450.71,8.15,9.41,1348.18,2,1066.05,0,13152.69,0,0,20.06,4.78,9.3,0
664.28,5.66,21.23,578.39,17.68,14.42,790.14,19.06,23.07,2032.81,0,4014.44,2,12496.06,0,0,36.06,17.2,33.1,0
1037.22,7.08,23.17,531.28,6.95,17.45,607.1,19.49,11.19,2175.59,1,4208.41,2,2144.37,0,0,43.64,10.1,21.39,0
1410.0,11.67,27.23,608.46,11.94,26.75,936.29,25.21,26.96,2954.75,2,5508.51,2,14862.32,2,1,74.08,10.74,36.76,0
302.98,2.12,8.75,980.87,30.84,27.43,678.08,23.3,15.98,1961.93,1,2202.8,0,14779.31,0,0,15.37,38.01,30.42,0
871.93,6.54,16.24,741.83,20.76,35.49,340.79,6.48,10.07,1954.55,0,1834.78,0,8498.74,0,0,39.55,33.38,8.92,0
1040.96,7.12,21.33,1225.98,40.08,34.32,602.53,7.43,14.07,2869.47,1,5990.2,2,8862.25,0,0,46.5,47.2,17.67,0
390.06,3.89,16.57,1170.37,38.88,35.28,382.34,13.55,8.47,1942.77,2,3197.4,1,4157.63,0,0,26.41,44.71,15.32,0
1079.17,9.02,27.89,1207.85,36.5,44.31,651.73,11.48,8.11,2938.74,1,3808.15,1,4157.96,0,0,61.65,48.85,21.18,2
1381.24,12.52,28.79,442.74,3.14,26.25,712.87,16.96,19.43,2536.86,2,2331.02,0,3542.53,2,1,75.74,17.22,27.02,3
961.18,6.3,18.29,1015.83,30.17,36.25,1061.98,27.4,26.04,3038.99,0,5255.17,2,7328.63,0,0,39.56,47.91,49.58,0
231.71,1.31,11.83,400.33,9.84,14.71,560.43,6.91,10.38,1192.47,2,1113.52,0,12821.9,0,0,10.56,22.82,14.35,0
383.75,0.79,10.07,1136.23,37.01,37.57,1000.01,23.49,24.14,2520.0,1,3336.56,2,6900.64,0,0,10.12,53.71,37.93,0
744.91,7.62,18.79,1077.97,33.85,40.31,1063.38,32.48,30.58,2886.25,1,6618.09,3,8005.23,0,0,35.96,52.0,50.05,0
763.56,4.69,17.91,604.22,18.0,24.13,1039.29,34.41,29.49,2407.07,3,3974.96,1,13975.29,0,0,44.42,23.19,47.41,0
1194.48,8.67,25.78,1323.66,25.73,40.07,1795.9,51.39,41.98,4314.04,2,4603.47,0,4844.21,0,0,58.0,43.86,71.68,2
706.75,4.96,13.29,1119.33,20.82,32.36,937.4,39.13,22.31,2763.49,1,3889.55,1,11798.19,0,0,33.41,43.24,42.99,0
528.02,5.33,12.58,426.82,11.2,15.18,306.34,14.72,11.75,1261.17,0,1649.69,1,7215.57,0,0,28.72,10.44,15.93,0
685.15,5.6,13.36,596.51,14.82,13.67,762.56,33.82,30.63,2044.22,2,5986.3,3,9992.56,0,0,36.56,15.17,37.71,0
630.74,5.79,22.53,344.45,1.17,16.41,268.19,3.09,10.73,1243.37,2,1909.44,1,2686.73,0,0,35.26,14.86,11.14,0
471.78,3.57,18.9,828.01,25.09,28.13,722.61,17.67,18.1,2022.4,3,6208.92,3,5383.17,0,0,24.54,38.93,25.55,0
1381.45,12.58,26.27,640.44,10.69,23.62,572.98,20.5,10.65,2594.87,1,4299.76,1,11326.14,1,0,69.38,17.6,20.8,1
631.26,5.86,14.8,260.08,2.95,11.84,583.37,20.69,28.09,1474.71,1,844.84,0,7317.19,0,0,34.64,7.64,28.18,0
274.34,1.15,7.69,739.17,28.75,20.0,791.45,23.95,22.13,1804.97,1,3512.23,1,4854.49,0,0,10.42,33.75,33.19,0
691.26,5.77,20.05,1088.36,30.66,42.55,1168.64,34.83,28.99,2948.25,0,2765.11,0,10568.98,0,0,32.56,42.93,46.19,0
991.78,7.95,24.64,622.05,3.56,24.05,711.35,16.84,22.48,2325.18,2,2942.58,1,7590.61,1,0,50.9,15.25,32.15,1
689.03,8.02,23.5,1096.58,32.62,38.39,1025.23,35.8,22.01,2810.84,2,4099.62,1,9140.52,0,0,41.02,42.49,43.32,0
520.99,4.47,17.47,955.28,25.25,27.97,1506.1,35.64,34.87,2982.37,3,3678.82,1,11317.59,1,0,21.17,35.34,56.52,1
1234.4,11.33,30.71,917.5,31.97,44.88,1222.75,33.26,34.12,3374.64,1,1947.5,0,3528.75,0,0,69.31,45.29,51.19,2
905.59,7.56,22.84,1617.05,44.65,49.47,324.67,0.0,2.35,2847.3,1,4599.41,1,6788.03,0,1,48.42,60.01,3.34,2
318.43,1.94,14.44,372.97,0.0,7.27,829.3,26.36,16.16,1520.7,3,1902.05,0,13873.2,0,0,15.29,8.77,37.17,0
277.7,2.49,12.14,714.91,22.56,20.52,1321.28,42.04,37.77,2313.89,2,5108.55,2,10957.3,1,0,11.12,32.36,57.9,1
486.0,4.7,15.97,432.6,17.58,14.6,1215.28,30.0,26.27,2133.88,1,4228.35,1,1782.47,0,0,22.13,22.19,45.43,0
210.73,0.44,7.9,116.81,0.0,5.24,482.64,7.23,15.5,810.18,1,2484.96,1,1414.42,0,0,4.21,2.59,17.57,0
1231.24,10.81,31.0,1661.69,49.82,50.55,956.3,26.47,26.84,3849.23,2,6430.34,2,11251.74,0,1,65.34,73.77,44.95,3
535.88,5.32,14.86,560.06,7.89,16.02,881.58,16.07,12.73,1977.53,1,3721.64,1,9689.44,0,0,30.73,13.84,26.74,0
374.64,2.56,7.34,703.93,22.13,16.93,427.59,12.91,9.22,1506.17,1,2673.99,1,10209.05,0,0,11.54,26.57,14.08,0
646.93,4.7,15.63,419.41,6.62,9.54,1508.17,30.57,34.04,2574.51,1,4786.41,2,7763.51,1,0,33.28,15.71,55.93,1
274.25,2.21,15.88,378.35,13.65,15.85,548.22,23.14,18.17,1200.82,2,2666.77,1,10521.42,0,0,11.61,20.68,23.9,0
917.48,9.95,19.71,1307.62,36.88,42.4,693.81,16.83,18.8,2918.91,1,4555.22,1,13783.78,0,0,50.97,55.47,28.24,2
817.15,7.24,23.51,935.8,27.83,29.52,1416.89,41.77,31.45,3169.85,2,6477.58,3,6458.18,0,0,44.8,31.55,57.25,0
991.54,7.44,26.42,1387.27,40.03,40.69,1034.04,26.62,24.2,3412.85,2,3794.21,1,14983.9,0,0,44.23,56.5,36.53,2
612.45,6.01,18.68,718.67,23.77,21.82,495.65,7.34,11.9,1826.78,2,3425.71,1,7666.81,0,0,35.69,34.1,13.72,0
732.72,7.12,18.65,405.32,0.81,15.61,82.1,9.59,3.21,1220.14,3,4628.56,2,3597.06,1,0,41.72,13.14,10.59,1
527.49,3.38,16.09,1326.79,32.28,34.25,786.75,15.86,21.72,2641.03,0,3959.46,1,11283.77,0,0,26.92,53.9,34.88,2
1045.61,10.0,21.8,1740.61,56.34,48.81,1055.18,30.37,21.64,3841.4,2,6599.33,3,10028.11,2,1,52.23,76.35,43.19,0
854.63,7.65,18.84,1131.86,31.59,40.62,1000.72,18.7,28.56,2987.2,3,5093.04,1,6859.96,0,0,47.33,46.25,37.93,0
585.65,6.05,21.32,1570.24,44.64,40.77,207.35,5.38,8.22,2363.23,1,3880.87,1,11524.04,0,0,35.11,60.3,6.96,2
1028.14,9.37,29.18,390.93,12.09,18.66,1062.87,35.45,25.88,2481.93,1,5932.51,3,13941.35,1,0,58.1,12.67,46.02,1
979.35,9.04,22.18,719.3,18.11,12.97,524.88,9.69,9.25,2223.53,1,4944.85,2,1047.35,0,0,51.81,19.07,18.75,0
258.51,1.9,8.56,532.06,11.62,15.01,1245.06,50.94,33.7,2035.62,3,4356.7,2,13117.81,0,0,14.36,23.07,56.44,0
521.37,1.3,10.77,189.99,10.95,9.12,976.68,34.01,25.77,1688.04,1,3234.48,2,6804.8,0,0,14.64,5.64,43.27,0
442.86,1.72,8.69,354.06,9.47,1.05,1772.88,56.35,44.63,2569.8,2,4132.22,1,7841.13,0,0,11.35,11.57,75.77,0
503.84,3.32,8.97,1421.51,46.02,41.05,445.19,10.82,9.63,2370.54,1,6478.78,3,640.34,0,0,18.37,63.24,16.32,0
833.79,6.16,14.5,1274.76,28.51,35.89,1253.85,38.98,30.66,3362.4,0,6269.2,2,3233.42,0,0,40.2,51.15,58.19,0
1511.11,11.91,27.86,1261.63,36.59,47.72,751.02,25.15,12.94,3523.76,2,5676.3,2,10566.19,2,1,77.82,48.7,28.86,0
782.5,5.58,13.0,1380.44,36.65,39.02,1562.32,54.13,34.84,3725.27,2,4977.84,1,6158.74,0,0,33.15,57.17,65.03,2
736.28,5.0,14.44,653.73,16.67,22.92,1229.19,28.31,28.15,2619.21,0,5072.09,2,5285.68,0,0,35.88,23.12,45.52,0
813.53,7.89,21.18,328.53,13.73,16.79,941.34,25.33,27.64,2083.4,3,4175.35,1,1209.82,0,0,44.41,9.01,38.89,0
1000.98,6.43,17.19,222.78,6.87,11.56,1424.57,40.58,42.03,2648.33,1,3703.46,1,10934.94,0,0,41.73,7.59,55.5,0
504.81,3.77,10.03,811.61,22.37,24.62,341.51,20.16,18.78,1657.93,2,2931.82,1,2417.68,0,0,21.04,30.76,20.65,0
638.65,3.0,9.84,961.52,29.18,27.51,131.57,0.0,0.0,1731.73,2,2855.39,1,5862.43,0,0,24.58,39.36,2.15,0
967.35,7.68,15.73,755.82,19.01,28.47,413.42,7.05,14.99,2136.6,2,4626.35,2,3450.66,0,0,41.24,31.42,16.97,0
382.9,4.33,9.86,266.51,3.03,9.07,1043.84,26.1,27.97,1693.25,2,3481.33,1,9335.0,1,0,24.7,13.2,45.6,1
483.29,4.69,13.95,575.58,19.45,16.04,1063.74,33.08,27.67,2122.61,2,3076.0,0,7855.04,0,0,26.24,24.27,42.32,0
528.89,3.1,17.17,563.94,21.89,18.86,999.89,38.19,36.24,2092.71,2,3262.78,1,3192.61,1,0,25.84,30.6,49.66,1
993.58,7.16,26.49,736.81,20.04,23.47,639.26,16.79,24.73,2369.65,2,4588.3,2,1972.83,0,0,48.53,21.19,32.65,0
481.7,3.08,11.54,285.87,2.38,13.64,783.04,27.07,14.87,1550.61,1,1939.24,1,7446.58,1,0,18.24,8.61,28.81,1
496.87,2.88,16.39,777.45,16.25,26.86,438.74,4.38,7.79,1713.06,2,1748.04,0,7717.88,0,0,23.44,30.54,14.99,0
1481.63,11.04,27.89,663.28,17.45,25.98,1027.36,28.85,27.22,3172.27,2,4829.14,2,2175.99,2,1,72.12,20.87,45.93,0
976.85,8.14,23.2,847.61,13.44,22.55,366.5,0.0,4.71,2190.96,2,4716.24,1,6722.66,0,0,47.12,22.96,6.66,2
437.08,2.26,8.4,616.37,8.66,19.46,1400.99,41.38,34.65,2454.44,2,3750.25,1,14845.7,0,0,17.18,21.24,54.94,0
774.82,6.67,20.25,578.69,12.59,26.03,449.24,15.98,14.94,1802.75,2,4810.65,3,5624.27,0,0,39.83,21.31,14.76,0
443.69,2.35,9.12,1060.37,29.71,24.18,704.39,27.9,20.11,2208.46,0,3370.89,1,10391.83,0,0,18.8,48.41,34.27,2
1448.93,12.43,28.92,1738.73,46.63,58.12,419.1,5.82,3.84,3606.76,0,4834.07,1,2782.24,2,1,74.68,75.36,8.87,3
432.31,1.55,10.19,1000.31,33.17,30.66,373.46,15.32,13.61,1806.08,2,4911.1,2,13326.1,0,0,15.29,44.96,21.51,0
269.57,3.1,15.59,1020.42,32.49,28.99,1145.96,36.82,29.62,2435.95,1,4996.87,2,5420.35,0,0,16.39,43.14,53.07,0
966.01,9.11,23.7,806.5,18.48,25.83,1017.82,27.54,29.24,2790.33,2,4507.93,1,3709.09,0,0,46.1,28.16,38.49,2
337.93,3.04,10.39,1438.31,53.94,51.86,238.12,11.56,3.65,2014.36,3,5843.56,3,9103.38,0,1,21.65,66.52,13.53,0
1077.37,8.94,22.56,729.77,10.8,18.6,1264.83,32.03,19.93,3071.98,1,6298.26,3,9154.86,0,0,59.2,16.86,47.14,0
833.15,7.17,16.25,321.65,14.29,15.42,1896.45,48.71,40.6,3051.26,2,3464.0,1,4364.12,0,0,39.14,16.76,73.35,0
1031.31,9.1,26.73,1382.5,35.9,43.51,1342.89,40.77,24.12,3756.7,2,5301.02,2,6150.52,1,0,56.58,60.07,54.05,1
362.39,1.56,11.1,1205.07,31.07,27.36,344.5,3.51,10.31,1911.97,2,3207.62,1,4841.14,0,0,15.57,50.97,14.92,2
292.17,2.81,12.51,1515.04,48.28,38.22,450.36,18.68,8.3,2257.56,2,5918.49,3,13356.22,0,0,15.88,62.83,22.28,0
754.66,5.74,15.64,892.69,29.18,24.1,1122.98,44.84,40.67,2770.32,0,3990.56,2,9096.1,0,0,34.82,34.93,53.88,0
937.55,7.08,22.61,672.85,10.02,17.64,382.65,6.35,8.02,1993.04,1,1324.16,0,12809.12,1,0,47.43,15.54,11.93,1
203.45,0.58,8.25,724.11,18.63,18.73,255.39,4.18,2.99,1182.95,0,2786.87,1,7137.62,0,0,6.97,23.1,7.05,0
1025.22,8.31,25.46,386.37,8.59,13.07,379.99,8.14,2.52,1791.58,2,1603.34,0,333.57,0,0,47.62,10.46,12.26,2
822.44,5.51,23.53,1175.42,39.72,43.37,1158.91,29.49,26.1,3156.77,2,5320.45,2,2982.03,0,0,39.39,53.58,42.23,0
905.8,5.89,23.0,702.67,16.55,30.09,298.23,4.56,10.62,1906.7,0,5525.84,3,11568.97,0,0,43.68,29.4,5.9,0
568.85,2.94,16.57,864.76,40.77,30.18,707.74,18.43,8.4,2141.35,1,2762.89,1,2813.16,0,0,22.23,43.54,26.7,0
1242.65,10.17,25.66,1125.0,48.05,43.83,138.15,0.0,4.28,2505.79,3,3447.44,1,12895.35,0,0,59.21,50.01,1.75,0
185.5,1.4,6.43,801.16,25.38,29.22,1448.68,47.87,36.47,2435.34,0,3794.55,1,4557.07,0,0,10.08,39.78,66.39,0
835.79,5.74,18.46,370.02,10.0,15.33,1753.89,54.76,48.6,2959.7,2,3078.03,0,2971.95,0,0,38.71,15.03,73.37,0
1011.28,7.92,22.04,805.63,20.09,23.63,1381.08,38.51,31.46,3197.99,2,5579.8,2,2071.54,0,0,49.81,24.18,57.6,0
459.4,2.83,9.74,184.59,7.8,7.92,1622.59,41.37,44.93,2266.59,1,4313.68,1,9763.52,0,0,15.25,5.67,64.73,0
94.96,2.28,7.26,101.12,3.25,7.65,1120.72,36.65,29.75,1316.8,3,2357.59,0,13073.61,0,0,6.55,7.52,45.62,0
1269.94,11.35,28.7,803.6,22.69,30.56,979.72,21.14,13.68,3053.26,0,6547.09,3,8646.01,0,0,69.18,28.25,29.6,0
1123.77,10.99,24.23,1070.18,27.3,38.74,847.39,13.93,13.62,3041.34,2,6137.22,3,7078.29,0,0,58.86,39.93,29.0,0
1047.15,8.18,21.23,1415.11,38.43,45.63,1419.71,52.2,40.43,3881.97,1,5363.75,1,6709.77,0,1,47.5,61.44,68.84,2
571.59,4.34,17.41,827.77,23.04,28.72,1870.04,51.59,43.68,3269.4,1,6255.74,3,6446.91,0,0,28.59,34.69,79.82,0
714.68,6.38,14.81,846.37,31.06,34.21,560.31,9.48,2.93,2121.36,1,2991.47,1,13868.13,0,0,35.44,42.65,15.59,0
647.85,6.04,21.14,443.75,7.92,9.77,931.46,27.71,29.55,2023.05,2,3112.56,1,14976.82,0,0,34.59,8.95,41.04,0
1061.95,9.1,26.12,1196.55,32.02,45.95,1030.11,29.63,19.64,3288.6,1,6068.82,2,9977.72,0,1,51.07,50.43,45.66,0
742.95,6.0,17.1,572.57,17.49,26.45,1327.3,37.04,35.63,2642.82,3,3512.94,1,10351.14,0,0,33.82,26.56,48.59,0
322.44,2.63,3.41,913.27,31.57,23.17,452.0,20.65,10.85,1687.7,0,5031.6,2,14275.37,0,0,15.89,40.32,20.91,0
268.01,2.03,3.75,1206.64,42.31,39.92,738.86,22.51,17.9,2213.5,2,6737.34,3,103.71,0,0,15.09,57.05,26.8,0
1186.67,9.4,25.65,983.7,25.42,32.15,915.2,28.87,32.02,3085.58,2,3295.03,1,3339.35,0,0,58.05,36.37,37.98,2
296.16,0.37,10.45,915.59,19.33,21.86,1614.53,44.7,42.41,2826.27,3,2278.14,0,13042.43,0,0,9.75,28.04,66.13,0
860.71,7.28,26.53,1056.07,37.09,41.26,1344.16,51.06,33.18,3260.93,2,5997.35,2,10503.64,1,0,46.32,46.09,59.62,1
532.84,2.59,11.51,1154.0,37.74,34.9,796.38,26.42,28.22,2483.22,2,3583.65,1,948.18,0,0,22.07,47.16,35.13,2
213.34,1.1,5.06,332.69,8.14,14.09,835.77,24.79,9.93,1381.8,3,4545.19,2,1261.23,0,0,4.57,14.09,28.85,0
1001.29,7.98,17.35,853.58,12.34,31.98,1539.53,38.7,36.08,3394.39,0,3766.51,1,5916.07,0,0,45.72,34.27,58.65,2
867.97,6.65,20.8,991.11,16.97,26.6,90.42,7.62,5.65,1949.5,2,1673.76,0,13510.59,0,0,40.01,33.77,0.83,0
609.49,4.82,15.84,1137.59,27.59,26.47,781.6,12.55,15.8,2528.68,3,3046.09,0,9581.57,0,0,30.92,47.83,29.45,0
419.13,3.33,11.35,948.16,22.27,19.33,1268.93,27.17,25.67,2636.22,0,2279.83,0,13559.43,0,0,22.23,32.51,49.74,0
1430.57,11.53,28.2,699.53,17.64,23.91,824.52,26.01,14.52,2954.63,3,4731.89,2,6211.84,0,0,66.08,21.82,32.49,0
636.97,6.11,16.35,907.25,23.94,26.62,972.5,19.94,21.78,2516.72,0,4699.67,2,1217.54,0,0,33.23,30.05,36.96,0
415.65,3.44,17.28,440.01,7.68,9.95,1559.15,38.88,27.4,2414.81,2,5550.42,2,4496.24,0,0,26.8,16.15,58.96,0
253.22,2.6,8.97,153.97,1.46,0.68,658.65,21.96,11.43,1065.83,3,2795.9,1,11574.51,0,0,14.99,5.38,31.83,0
176.04,2.56,10.01,852.94,23.9,21.98,1069.25,28.09,21.38,2098.24,0,3172.25,1,7907.96,0,0,14.35,34.81,39.96,0
996.21,7.11,23.46,792.56,19.61,25.01,1638.97,50.14,34.62,3427.74,1,3942.9,1,11509.34,0,0,45.47,28.72,60.68,2
690.77,3.04,13.25,666.68,20.89,25.06,1486.19,41.21,36.44,2843.64,1,2467.46,0,9040.25,0,0,25.84,32.65,58.6,0
124.56,0.0,3.25,889.35,38.06,29.12,695.61,17.66,18.58,1709.53,2,2861.4,1,12838.93,0,0,1.37,39.77,33.16,0
309.61,3.32,8.12,815.7,27.93,24.72,867.15,20.13,13.93,1992.47,2,5000.2,2,2864.43,0,0,19.88,38.11,27.81,0
1119.24,7.03,20.22,1383.79,33.25,42.03,750.45,18.56,23.08,3253.47,0,2655.62,0,4660.18,0,0,52.39,53.75,30.09,2
912.65,6.65,18.54,712.44,20.14,29.53,604.26,13.32,13.81,2229.35,0,4163.58,2,11979.97,0,0,44.19,28.81,20.65,0
568.35,4.01,15.46,1349.42,42.05,38.1,568.28,12.75,17.64,2486.05,1,5062.99,2,5755.42,0,0,21.66,62.54,17.01,0
1477.62,12.34,29.05,1142.14,32.12,48.02,448.34,10.02,5.71,3068.1,2,5049.95,1,5363.41,2,1,75.02,47.48,9.64,3
198.73,1.56,8.82,781.1,16.47,15.66,477.71,17.05,6.23,1457.54,1,1943.59,0,9622.32,0,0,12.75,28.62,21.35,0
325.5,2.43,5.66,987.78,26.13,25.61,1128.56,33.39,25.36,2441.84,2,5152.8,2,8484.81,0,0,10.7,42.15,46.92,0
131.15,1.98,8.57,770.7,7.8,12.29,544.58,17.9,6.85,1446.43,1,3008.92,1,3355.04,0,0,9.75,22.19,19.36,0
347.83,2.54,12.27,1152.76,30.6,36.87,611.37,20.91,17.12,2111.96,2,3903.33,1,3830.48,0,0,18.31,45.09,27.65,2
938.3,8.11,21.15,621.54,16.43,22.97,673.87,18.22,14.42,2233.71,0,2836.75,1,7228.02,0,0,43.09,23.32,22.97,0
556.81,3.93,18.01,783.5,25.77,27.65,908.43,19.18,18.1,2248.74,0,3811.12,2,7893.4,0,0,22.12,40.11,38.37,0
519.36,3.95,14.97,1146.43,40.47,32.47,837.56,30.04,19.24,2503.35,2,4168.36,1,9446.33,0,0,28.6,52.67,33.59,2
112.15,0.0,8.28,906.8,28.95,30.9,460.31,10.18,13.19,1479.26,3,2749.91,1,12029.9,0,0,6.85,41.6,19.06,0
1172.65,9.87,24.51,858.06,27.7,38.9,1499.64,40.05,32.89,3530.34,0,6691.16,3,14063.48,0,0,60.59,39.33,61.43,0
1256.99,8.63,31.29,1134.86,35.27,37.92,897.11,29.25,36.52,3288.96,1,5447.79,2,11075.44,1,0,56.49,49.02,39.35,1
604.14,4.28,16.86,1095.62,29.41,30.68,961.59,24.53,21.87,2661.35,2,4008.43,1,11573.48,0,0,26.63,42.21,39.79,0
772.8,4.3,17.46,1411.45,47.23,47.41,532.17,10.79,11.25,2716.42,0,4510.47,1,13689.67,0,1,28.03,67.16,20.05,2
659.28,3.51,19.79,964.11,25.32,34.32,1292.36,46.97,31.53,2915.75,1,5559.31,2,4467.56,0,0,32.91,44.14,57.09,0
868.76,6.15,21.21,1215.34,38.56,35.2,985.2,40.66,23.81,3069.3,1,6398.02,3,8369.39,0,0,39.89,48.69,48.97,0
714.43,4.98,21.24,810.31,18.55,33.87,1273.92,34.72,27.3,2798.66,2,2927.88,0,13512.59,0,0,36.65,34.23,50.7,0
637.67,5.12,16.53,602.14,18.63,18.79,1412.5,40.4,33.94,2652.31,0,3789.8,1,9207.14,0,0,34.54,21.37,60.25,0
493.92,3.89,21.32,805.45,22.88,23.07,592.26,14.82,16.19,1891.64,2,1506.92,0,10488.81,0,0,27.22,30.73,24.42,0
368.97,2.37,5.43,294.65,6.33,14.05,1217.33,23.86,31.2,1880.95,2,3675.04,2,3632.57,0,0,14.48,12.15,51.39,0
831.44,6.0,16.77,1209.29,34.96,38.71,1366.44,41.9,27.67,3407.18,2,6386.89,2,472.8,0,0,35.99,47.71,54.2,0
493.03,4.27,18.73,1378.47,39.66,43.47,1025.58,23.88,21.46,2897.08,0,3055.5,0,785.01,0,0,24.4,58.31,32.73,2
782.05,3.31,15.93,1675.88,55.57,58.32,85.67,2.96,4.87,2543.61,0,4665.17,2,1343.11,0,1,32.69,73.77,7.61,3
398.7,2.67,10.34,1173.3,29.45,26.91,797.67,30.54,23.01,2369.67,3,5503.02,2,9172.45,0,0,9.57,46.17,30.23,0
594.28,2.65,12.24,1018.63,27.47,29.1,549.97,8.41,21.93,2162.88,2,3666.32,1,4343.16,0,0,24.71,39.33,23.05,0
438.27,2.94,12.8,922.27,25.87,25.17,853.29,25.97,19.53,2213.83,3,3771.88,1,4654.51,0,0,18.45,41.21,28.19,0
831.58,6.49,19.58,1127.15,31.09,36.78,390.24,9.32,14.54,2348.97,0,6342.84,3,5294.3,0,0,44.73,49.96,19.62,0
811.08,5.81,20.69,1250.98,36.68,35.59,699.83,26.54,13.28,2761.89,2,3961.58,1,5120.31,0,0,34.83,53.05,27.28,2
340.24,1.66,12.71,467.89,17.7,13.95,1402.65,48.12,35.67,2210.78,3,2213.0,0,14067.5,0,0,19.53,17.31,60.38,0
511.98,4.65,7.2,645.46,20.05,22.99,681.63,17.6,9.25,1839.07,1,3679.65,1,5643.38,0,0,21.3,25.87,31.98,0
679.03,5.95,16.21,359.61,7.41,13.21,474.92,16.72,10.36,1513.56,1,2950.51,1,7651.15,0,0,39.01,11.43,20.45,0
656.6,6.28,14.93,526.49,11.53,18.19,368.72,11.84,10.45,1551.81,2,3858.9,1,9660.72,0,0,36.73,17.11,14.06,0
631.64,4.31,20.04,990.54,17.12,22.75,1468.85,41.05,43.61,3091.03,1,5796.59,2,14725.72,0,0,30.92,33.58,61.99,0
858.92,7.75,15.33,1307.26,33.27,36.48,138.33,12.91,6.81,2304.51,0,3893.84,1,11065.47,0,0,40.14,52.4,13.06,2
1124.5,7.47,22.94,1404.28,37.5,40.0,968.41,33.19,23.59,3497.19,2,3439.86,0,9031.81,0,0,53.56,57.99,41.21,2
429.75,1.0,18.13,439.55,7.2,8.09,1315.41,38.97,29.63,2184.71,2,2993.66,1,4646.11,0,0,19.41,9.38,52.23,0
220.07,2.63,12.12,556.64,17.38,12.83,1700.03,44.56,36.65,2476.73,2,4216.92,2,13331.19,0,0,9.64,19.25,67.16,0
785.71,5.89,17.39,1029.98,29.63,34.27,571.83,21.13,8.42,2387.52,2,3641.4,1,11080.63,0,0,42.72,43.23,20.46,0
535.83,3.5,10.12,608.85,17.56,15.72,1413.4,37.63,31.08,2558.08,2,3349.96,1,1979.83,0,0,22.21,23.88,57.67,0
892.37,8.0,16.83,552.68,9.46,17.66,1115.29,35.61,36.44,2560.34,1,4440.96,1,10770.91,0,0,42.19,13.3,52.35,0
948.86,7.27,22.24,759.01,18.88,24.32,864.5,25.65,21.27,2572.37,1,2846.07,1,808.04,0,0,47.48,26.13,36.74,2
731.05,5.78,15.7,457.9,8.48,10.8,818.87,28.81,18.73,2007.81,0,3938.38,2,12651.53,0,0,34.83,12.04,38.78,0
589.39,4.04,13.1,271.91,10.79,12.56,816.62,22.33,16.21,1677.92,1,2008.78,0,12166.97,1,0,21.18,13.19,33.88,1
225.19,0.59,7.17,539.67,15.08,16.32,1615.67,40.17,27.6,2380.54,2,6356.89,3,11793.17,0,0,3.55,25.58,58.91,0
198.45,3.1,9.65,710.33,24.81,20.22,1002.21,18.3,19.45,1910.98,0,3621.28,2,8637.49,0,0,12.87,30.37,34.82,0
434.73,3.09,10.96,911.68,19.58,27.96,190.49,0.0,0.0,1536.9,3,2153.11,1,2102.54,0,0,15.76,34.06,0.97,0
880.56,5.42,18.68,588.12,1.21,15.59,932.24,28.97,22.77,2400.92,2,3028.5,1,14336.21,0,0,38.34,10.7,36.84,0
1109.2,10.32,23.97,949.28,28.3,46.29,1094.53,36.4,31.06,3153.01,2,5936.99,2,7165.49,0,1,60.82,39.34,46.8,0
427.17,2.38,5.94,431.96,12.96,12.61,905.78,34.31,17.25,1764.91,1,3185.59,1,7436.98,0,0,15.07,18.94,34.12,0
945.25,5.53,17.31,689.56,15.17,21.34,409.05,12.84,9.43,2043.85,3,5192.54,2,9312.17,0,0,34.71,23.54,17.24,0
577.68,4.35,11.58,617.23,7.45,8.2,1427.7,31.47,34.77,2622.61,1,3780.98,1,5369.11,0,0,25.5,12.9,50.96,0
362.41,3.41,13.79,1527.03,55.36,46.54,978.42,20.31,19.18,2867.87,1,5116.78,2,9979.39,2,1,16.74,75.32,36.61,0
895.21,6.55,17.26,1589.58,51.89,48.92,222.96,0.0,0.0,2707.75,3,6615.65,3,10223.63,2,1,45.74,78.93,1.64,0
1050.15,9.57,22.59,572.81,7.42,22.38,1422.07,45.57,39.36,3045.04,0,6122.38,2,14230.66,0,0,53.31,16.32,62.79,0
608.9,6.82,18.2,744.62,26.59,32.06,143.09,0.0,7.27,1496.61,3,2553.2,1,2517.41,1,0,36.39,35.02,4.51,1
729.42,6.42,23.93,788.97,21.83,23.51,1145.58,39.3,35.13,2663.97,1,3803.29,1,7885.59,0,0,43.29,26.62,51.34,0
736.76,7.05,16.17,606.4,9.12,10.98,608.19,22.78,14.72,1951.36,2,4383.14,2,8930.82,0,0,35.28,17.62,29.23,0
605.44,4.57,15.85,780.94,27.63,33.79,900.71,22.93,13.97,2287.08,1,4335.16,2,10842.51,0,0,29.41,32.24,30.53,0
1137.14,9.38,26.37,280.41,2.01,12.04,906.39,17.66,19.39,2323.95,2,5342.94,2,838.41,0,0,55.78,4.4,34.0,0
306.67,1.85,12.14,171.66,3.17,4.78,398.77,16.06,9.65,877.09,2,3398.05,2,2682.85,0,0,13.85,6.57,15.91,0
359.28,3.08,11.4,651.53,19.26,21.97,520.5,25.28,13.31,1531.31,2,1691.19,0,827.72,0,0,15.15,26.48,22.31,0
215.74,0.17,11.59,30.0,2.76,0.0,1282.51,29.01,26.23,1528.25,2,1921.49,0,7657.68,0,0,3.32,3.47,47.56,0
573.25,6.13,16.94,751.9,24.78,23.07,995.6,25.21,27.98,2320.76,3,5351.52,2,12841.22,1,0,37.52,30.77,38.8,1
758.05,4.58,24.8,429.9,20.26,20.29,1550.96,43.33,46.33,2738.91,2,3392.37,0,9795.66,0,0,41.74,15.39,68.33,0
615.03,4.75,18.29,786.61,16.66,29.37,888.02,22.66,13.14,2289.67,1,1825.54,0,8054.13,0,0,32.05,29.64,30.99,0
715.85,5.31,18.35,799.19,19.05,23.75,1124.94,29.01,19.2,2639.98,2,5416.7,2,253.76,0,0,36.03,29.31,38.39,0
299.19,1.44,12.44,1359.56,36.87,30.77,771.57,23.24,19.21,2430.31,2,3746.69,1,2056.61,1,0,18.48,54.66,33.61,1
425.0,4.33,15.93,628.69,28.26,25.99,586.2,21.84,14.22,1639.89,3,3183.18,1,8932.16,0,0,23.2,29.35,24.45,0
636.72,4.14,12.58,1019.35,24.83,23.18,1012.34,35.77,27.7,2668.42,0,3288.27,1,3702.34,0,0,27.82,45.02,42.93,2
393.39,1.0,10.81,418.31,6.62,11.28,459.46,5.33,7.72,1271.16,2,3306.79,1,14708.84,0,0,15.34,10.44,15.44,0
117.6,2.8,9.35,855.0,26.41,18.37,778.94,22.79,18.01,1751.54,2,4562.26,2,6080.35,1,0,14.5,34.71,31.47,1
671.36,6.29,21.66,739.19,26.52,24.31,291.95,12.72,0.07,1702.5,2,2678.03,1,4507.72,0,0,33.85,31.68,15.81,0
380.67,2.67,9.12,699.62,23.54,25.99,866.64,28.82,28.53,1946.93,1,3590.28,2,8243.92,0,0,17.34,35.49,39.46,0
742.35,5.33,25.29,974.96,25.98,22.19,601.62,14.53,6.44,2318.92,0,3436.52,1,1867.15,0,0,40.86,29.87,22.68,0
1107.47,7.73,23.86,1240.2,37.14,44.4,1541.2,42.6,28.3,3888.86,3,6284.65,2,7861.7,0,0,57.71,57.82,59.1,0
567.7,3.08,9.71,851.12,27.2,28.2,856.6,17.67,13.94,2275.43,3,4038.72,2,13315.87,0,0,25.35,41.49,33.87,0
768.08,4.94,14.66,964.42,19.87,29.65,345.08,11.1,0.92,2077.58,1,3297.1,2,3599.58,0,0,35.05,38.53,7.38,0
258.33,2.88,5.76,689.8,20.64,17.42,626.41,14.86,17.75,1574.54,1,1722.94,0,3640.6,0,0,9.46,24.77,22.83,0
379.88,2.04,14.8,887.6,26.65,28.67,995.7,27.03,29.19,2263.17,2,3180.75,1,718.6,0,0,13.78,43.2,41.9,0
288.79,0.83,5.01,1322.36,39.41,36.9,1260.35,33.41,32.12,2871.51,2,5737.28,3,13373.93,0,0,11.55,57.47,57.18,0
519.22,5.04,18.06,808.12,31.59,33.26,628.45,22.9,7.59,1955.79,0,1757.04,0,11792.39,0,0,34.56,36.77,22.77,0
846.78,7.77,24.52,780.53,13.65,29.42,1374.22,44.92,33.02,3001.53,0,4156.97,1,6347.34,0,0,43.19,25.04,52.77,0
303.91,3.31,19.58,1025.01,33.37,30.05,704.18,24.14,18.85,2033.11,3,2766.82,1,7546.83,0,0,17.9,41.0,33.68,0
1084.03,8.88,24.02,701.67,23.58,28.8,586.92,8.66,15.34,2372.62,3,4602.75,1,2011.36,1,0,55.28,27.68,19.99,1
1061.67,8.75,24.77,1309.99,34.04,34.55,834.67,24.28,16.82,3206.33,2,3306.78,0,11362.71,0,0,55.51,49.28,36.38,2
562.41,4.45,11.24,693.49,22.1,15.16,1082.59,29.88,24.86,2338.49,1,4142.67,1,1792.71,0,0,27.82,31.91,43.52,0
613.06,5.46,15.53,277.41,10.01,15.94,1422.79,41.72,41.2,2313.26,3,4920.37,2,7511.16,0,0,33.34,17.77,63.95,0
596.07,4.72,22.21,1596.91,50.37,55.74,1757.59,54.02,48.83,3950.57,2,5273.64,2,446.06,0,1,30.44,72.52,75.14,3
665.4,5.07,18.52,1364.68,38.12,40.1,168.52,8.52,10.34,2198.6,2,3730.57,1,5864.37,1,0,31.16,58.13,7.87,1
90.83,0.51,10.28,1196.06,42.78,34.86,1145.05,30.49,31.8,2431.94,0,4795.77,2,5630.31,1,0,4.66,51.81,43.55,1
539.22,3.84,16.84,904.85,23.03,24.12,882.22,18.66,20.82,2326.28,1,2426.48,0,1465.29,0,0,28.27,32.13,35.76,0
30.0,0.16,9.03,577.63,25.22,19.24,1073.03,23.75,25.72,1680.66,2,2719.02,1,4085.36,0,0,2.35,30.23,36.55,0
1074.09,8.9,29.71,1294.57,34.44,40.15,888.99,23.02,24.95,3257.65,2,5300.32,2,5307.71,0,0,53.99,53.19,34.93,0
839.58,7.08,20.38,404.29,13.65,19.64,1246.91,38.49,29.34,2490.78,3,3220.52,0,477.22,0,0,47.87,11.74,57.13,0
533.84,4.35,15.99,848.49,28.16,26.25,1467.83,54.63,44.32,2850.15,2,5061.61,2,3106.44,0,0,25.09,35.22,69.85,0
1239.91,10.47,24.38,1141.45,24.88,28.85,1215.18,30.54,25.92,3596.54,2,5292.58,2,11788.26,0,0,61.3,32.87,44.69,0
1411.73,11.21,22.81,681.83,17.34,20.11,656.42,21.99,19.64,2749.98,1,4710.68,2,10585.07,0,0,68.34,21.3,28.46,0
471.65,3.26,13.91,425.94,13.66,19.23,1565.37,56.57,44.87,2462.96,1,6632.94,3,5844.49,0,0,23.19,19.22,71.54,0
952.67,7.39,21.37,1433.59,46.79,48.19,639.4,13.09,15.55,3025.66,2,5975.36,2,9791.95,0,1,45.71,62.6,18.86,0
1099.09,9.19,24.6,1379.45,39.99,43.8,1910.41,59.31,53.36,4388.95,2,6630.33,2,13101.28,3,0,56.65,52.75,84.72,0
325.46,3.67,10.77,609.56,17.27,13.66,377.96,6.75,4.2,1312.98,2,4135.41,2,11298.3,0,0,21.96,21.26,8.94,0
127.9,2.67,8.65,391.7,9.1,10.59,149.68,7.03,1.46,669.28,2,1614.54,0,7635.67,0,0,9.27,9.49,1.11,0
755.62,4.48,18.09,484.17,5.25,7.73,845.38,41.29,22.51,2085.17,2,2170.28,0,14250.67,0,0,33.77,6.4,43.04,0
813.03,5.86,23.34,1147.62,21.53,34.46,1043.62,28.71,29.42,3004.27,1,3817.81,1,6852.86,0,0,35.58,39.52,40.44,0
587.16,5.69,19.76,1761.19,57.45,53.53,1481.1,52.59,44.21,3829.45,1,6027.33,3,10343.75,1,1,37.59,82.93,67.65,1
482.4,2.34,14.07,891.08,20.73,19.72,997.51,37.92,23.03,2370.99,1,4633.82,2,9124.78,0,0,20.87,34.18,46.86,0
527.64,2.78,11.04,209.23,3.19,11.95,283.75,18.47,12.68,1020.62,2,1262.06,0,5792.64,0,0,23.67,12.15,18.88,0
127.83,1.7,4.31,1034.02,30.85,28.99,656.18,24.86,24.63,1818.02,0,4961.25,2,11076.16,1,0,6.22,41.81,30.99,1
627.04,4.3,13.93,500.82,23.54,24.45,645.71,19.05,19.15,1773.57,1,2918.03,1,9957.12,1,0,33.91,24.2,26.88,1
1081.46,9.89,25.23,642.86,10.07,29.22,249.32,11.24,5.94,1973.64,0,4302.89,2,252.88,0,0,60.33,27.31,6.88,0
688.35,6.88,20.0,1009.92,25.42,38.03,948.34,19.95,25.6,2646.62,1,4120.31,2,730.47,0,0,42.34,41.59,38.33,0
150.4,0.69,8.66,371.28,6.31,8.27,1695.44,45.89,41.93,2217.11,2,4947.88,2,13301.87,0,0,8.6,9.12,68.96,0
464.37,3.59,8.94,1389.43,49.51,44.78,385.58,19.65,9.78,2239.38,1,5014.12,2,511.64,0,0,18.26,67.93,21.17,0
455.27,2.64,6.12,806.79,24.02,16.81,451.88,13.69,13.95,1713.94,3,1784.11,0,5656.38,0,0,22.41,36.12,25.91,0
1056.91,7.72,21.59,906.13,28.98,29.03,1248.25,37.07,22.09,3211.3,2,5462.97,2,5806.23,0,0,51.01,38.33,41.37,0
1206.84,10.57,32.84,702.88,19.04,30.64,437.96,6.55,11.23,2347.68,1,5888.86,2,1864.03,2,1,71.5,20.18,16.08,0
355.67,2.75,8.55,389.16,7.64,4.51,621.66,19.31,18.14,1366.49,1,4208.88,1,7991.32,0,0,13.36,9.34,21.74,0
864.59,7.37,18.82,817.83,23.51,25.66,1473.1,43.5,46.11,3155.52,0,6740.88,3,2840.17,0,0,40.13,31.28,69.41,0
679.68,7.39,15.94,638.41,11.07,22.24,546.17,15.86,6.01,1864.26,1,3813.09,2,7773.86,0,0,44.93,24.78,17.64,0
145.73,2.99,7.47,1261.89,26.75,27.67,726.55,13.15,11.07,2134.17,2,3839.8,2,6520.7,0,0,5.99,51.03,24.17,0
419.0,3.13,12.28,473.99,6.38,8.48,231.79,13.72,6.76,1124.79,1,2978.15,1,4706.87,0,0,17.3,12.51,15.12,0
1226.19,9.77,23.55,1325.15,40.84,46.18,1257.2,35.77,31.32,3808.54,1,4427.66,0,4883.62,0,1,57.89,57.99,50.84,2
39.1,1.42,9.24,109.81,5.08,0.0,176.51,3.18,0.0,325.42,2,1510.31,0,1460.43,0,0,3.86,5.88,1.8,0
404.37,1.36,12.75,875.42,29.27,25.26,398.14,20.22,18.68,1677.93,0,4734.34,2,13523.21,0,0,11.85,40.52,25.34,0
1358.44,11.38,35.52,632.65,6.71,18.72,610.5,19.65,8.6,2601.59,0,6174.82,3,6100.34,0,0,69.08,12.87,22.83,0
653.65,5.04,14.93,82.91,7.1,12.56,467.46,14.39,15.24,1204.02,2,860.07,0,13658.33,0,0,36.33,8.15,20.12,0
458.56,1.6,11.68,961.65,24.66,28.19,1675.15,49.31,44.22,3095.35,0,6033.51,2,2323.56,1,0,16.62,35.54,69.96,1
669.81,4.48,9.32,678.37,20.61,27.3,1304.57,35.84,26.11,2652.75,1,2057.33,0,5422.18,0,0,22.53,28.83,52.03,0
809.71,6.04,21.52,1723.95,58.39,58.26,806.05,20.03,17.85,3339.71,1,6537.4,3,14002.29,2,1,42.03,82.51,30.42,3
1026.34,8.86,25.5,802.87,17.15,23.5,307.66,12.84,4.8,2136.86,1,2796.7,1,12512.3,0,0,54.43,27.77,11.29,2
990.61,10.08,18.41,1110.86,28.09,42.07,362.56,10.91,4.32,2464.03,2,3942.94,2,11363.44,0,0,54.82,42.41,14.36,0
422.41,0.29,9.61,543.11,20.02,14.34,558.53,13.2,14.85,1524.05,2,2231.72,1,5183.27,0,0,10.85,17.67,20.33,0
570.19,5.4,15.07,1028.04,29.39,26.39,1183.97,39.5,31.65,2782.19,1,4462.22,2,659.64,0,0,30.47,37.6,50.9,0
344.07,3.02,8.09,774.44,20.47,20.85,1611.24,56.04,42.51,2729.75,0,6291.41,3,3515.28,0,0,18.98,30.65,75.87,0
323.52,2.55,9.83,310.09,5.35,4.81,503.78,17.71,17.65,1137.39,2,1066.33,0,13692.77,0,0,16.3,7.03,17.93,0
560.57,4.75,21.48,1179.58,34.2,39.23,349.19,5.8,6.46,2089.34,2,4351.41,1,9667.34,0,0,29.42,50.74,12.61,2
767.82,6.54,20.99,1452.64,42.46,47.89,233.81,0.27,0.95,2454.27,2,4345.78,2,571.43,0,1,40.78,59.69,7.37,0
294.8,2.89,7.92,685.81,22.78,23.33,1060.06,32.56,28.07,2040.67,2,2627.77,1,2197.69,0,0,15.44,31.53,45.72,0
312.2,1.73,9.63,1537.43,48.53,51.34,347.62,1.72,13.93,2197.24,0,4298.52,1,9299.05,1,1,16.08,72.92,12.61,1
568.64,4.64,8.47,664.18,24.96,25.19,1277.57,39.1,29.71,2510.39,2,4516.66,1,5694.14,0,0,26.51,33.57,56.94,0
1242.99,8.48,22.27,1027.72,22.36,39.63,453.72,6.49,8.07,2724.43,2,5938.18,3,13749.77,0,0,58.61,30.84,12.64,0
619.14,7.18,22.08,656.29,16.93,22.75,612.42,15.34,14.65,1887.85,2,4891.99,2,3285.91,0,0,34.36,27.32,25.73,0
227.56,2.15,12.65,619.65,17.28,7.07,518.14,5.7,12.71,1365.35,1,3479.52,1,2904.0,0,0,13.99,20.01,19.1,0
1118.18,9.14,26.03,1233.29,27.88,40.96,296.72,10.24,3.9,2648.19,1,1937.38,0,5847.74,0,0,56.23,43.44,12.61,2
618.2,5.82,15.81,719.21,21.35,25.53,839.03,28.0,25.13,2176.44,0,4698.72,2,12815.15,0,0,27.53,36.06,39.02,0
769.58,4.41,20.26,1452.44,47.83,48.82,1014.97,29.34,26.88,3236.98,2,3449.56,1,4665.64,0,1,31.46,63.72,42.56,2
806.22,5.44,17.89,349.79,0.13,11.35,718.43,21.69,18.59,1874.44,3,5461.34,3,3637.79,0,0,34.08,5.59,25.49,0
254.8,1.55,10.01,978.89,34.15,28.03,957.7,24.92,22.59,2191.39,3,3513.25,1,10385.51,0,0,16.76,45.69,34.73,0
165.67,1.41,9.5,254.63,17.0,10.75,720.65,18.46,18.9,1140.96,0,2772.33,1,607.99,0,0,13.64,14.02,25.41,0
191.73,0.0,5.51,913.28,28.27,15.4,365.52,14.67,11.74,1470.53,1,2785.62,1,6635.6,0,0,3.69,34.19,16.82,0
172.01,1.07,5.13,721.64,18.18,14.85,596.41,16.76,17.48,1490.06,1,2682.87,1,14781.31,0,0,2.72,28.93,22.77,0
982.18,7.42,25.33,279.66,0.04,12.26,1088.31,31.16,30.47,2350.15,2,4493.29,2,4954.28,0,0,43.54,3.75,45.76,0
553.67,3.58,10.43,278.35,12.16,15.13,296.94,2.81,5.58,1128.96,2,1887.01,1,9000.67,1,0,24.57,11.96,6.1,1
43.41,0.0,3.65,1309.98,47.81,43.46,827.28,17.34,21.06,2180.67,1,4058.85,1,7096.1,1,0,0.47,67.0,31.2,1
1413.82,11.89,23.84,868.39,13.55,28.61,1473.71,45.77,40.82,3755.92,1,6847.21,2,13345.34,1,0,69.48,28.66,65.74,1
853.41,7.61,24.7,1124.96,36.18,42.56,782.58,25.28,15.26,2760.94,1,5746.84,2,827.45,0,0,47.61,47.93,29.9,0
682.93,3.24,14.63,861.37,23.46,25.89,1160.5,33.9,28.06,2704.8,0,3198.7,0,11804.94,0,0,24.58,34.79,46.06,0
1241.7,10.99,32.38,790.67,17.75,29.82,1333.76,36.68,30.84,3366.13,2,4619.02,1,6356.0,0,0,63.33,24.67,55.04,2
831.27,7.09,18.84,358.23,7.67,19.25,1041.18,33.63,28.13,2230.67,2,4908.81,2,385.16,0,0,45.01,9.92,43.4,0
547.56,5.33,13.09,1825.22,53.68,51.85,726.14,24.0,9.95,3098.92,0,4855.1,1,9161.89,0,1,29.92,74.81,31.9,3
244.43,1.38,4.4,951.95,41.14,25.94,367.18,8.0,7.4,1563.56,1,3591.19,2,9241.71,0,0,8.27,46.63,14.43,0
570.28,6.08,16.02,1025.3,40.08,39.26,917.43,24.83,11.79,2513.02,2,4112.43,1,9060.5,0,0,27.59,48.37,27.77,2
574.0,4.32,13.77,572.47,7.32,18.64,1011.12,27.98,28.27,2157.6,2,2265.03,0,12278.43,0,0,28.05,18.82,47.25,0
322.94,1.48,12.66,1088.89,33.89,32.91,1378.45,34.92,26.38,2790.28,2,4849.19,2,6657.2,0,0,19.32,45.64,50.01,0
703.39,5.47,16.1,191.29,0.0,5.74,1011.36,20.04,26.87,1906.03,3,2924.26,1,9603.23,0,0,35.35,5.77,33.36,0
1020.9,7.99,26.33,309.24,9.8,18.33,160.13,10.55,0.84,1490.27,1,4151.7,2,440.33,0,0,48.6,6.39,9.1,0
532.43,4.93,18.77,681.17,28.34,27.8,350.58,5.55,7.14,1564.18,1,2977.06,1,11159.16,0,0,28.49,33.99,14.67,0
244.74,1.93,8.06,375.95,8.96,6.34,1017.87,26.83,32.26,1638.56,2,4516.66,2,881.41,0,0,8.01,16.92,43.57,0
440.27,1.94,13.42,584.97,13.1,13.83,472.35,22.93,16.71,1497.59,2,2777.37,1,13021.79,0,0,15.04,19.48,20.18,0
1409.84,12.62,29.48,567.15,17.96,26.3,841.39,26.15,26.65,2818.37,2,6355.97,3,9640.55,2,1,71.08,20.66,36.91,3
87.57,1.7,6.89,397.81,13.97,13.96,410.4,10.94,0.33,895.79,2,1589.18,0,6299.71,0,0,5.8,20.98,11.4,0
691.92,5.32,9.91,345.59,6.9,13.52,1220.57,35.23,29.3,2258.09,1,3202.14,1,10169.52,0,0,32.57,13.04,50.23,0
655.77,3.52,15.44,1690.89,50.24,48.06,552.67,11.66,7.16,2899.32,3,5469.53,2,3422.13,0,1,25.48,71.52,18.53,0
868.7,8.2,19.63,778.18,22.52,26.64,529.41,17.24,14.14,2176.29,2,2749.62,0,8118.99,0,0,41.61,24.17,20.67,0
771.96,5.89,19.26,427.52,10.27,20.4,533.07,14.73,15.51,1732.55,2,2271.52,0,11008.73,0,0,33.2,23.38,21.15,0
689.31,4.33,17.47,267.0,6.66,12.3,550.33,14.43,19.57,1506.63,1,1943.21,0,1381.43,0,0,29.49,14.36,24.33,0
944.13,9.61,21.33,862.0,19.45,29.93,1057.5,32.68,25.3,2863.62,0,4371.33,2,1292.53,0,0,53.07,31.2,41.8,0
972.86,6.85,19.02,1527.99,59.74,57.54,450.14,12.67,4.56,2950.99,3,6334.12,3,13458.63,0,1,41.69,74.69,11.74,0
733.21,6.12,14.32,885.97,26.52,27.21,273.96,12.44,5.4,1893.14,2,2103.46,0,12743.55,0,0,30.72,30.16,13.58,0
692.08,4.97,20.48,1186.84,39.53,34.72,1103.23,32.8,25.52,2982.15,1,5552.56,2,5122.23,0,0,35.26,61.55,42.49,0
1275.49,9.54,30.95,873.46,24.03,27.82,407.89,10.39,9.7,2556.84,2,4151.28,2,10269.13,0,0,60.66,34.83,13.2,0
639.66,6.17,18.48,654.4,19.9,13.19,334.11,14.53,12.67,1628.17,1,1738.22,0,9054.2,0,0,31.66,23.43,16.35,0
1065.19,8.29,30.25,445.62,5.46,14.63,364.85,10.01,12.48,1875.66,2,2425.79,0,10837.97,0,0,55.13,3.14,19.05,2
998.27,8.6,25.82,803.27,20.46,32.42,736.42,23.13,13.71,2537.96,2,4515.06,1,4736.77,0,0,54.99,28.44,30.64,2
268.8,0.22,7.36,787.22,22.57,22.01,765.14,23.5,20.4,1821.16,2,2751.41,1,7022.57,0,0,15.09,32.02,33.04,0
366.97,2.77,6.18,468.8,19.62,13.62,1218.88,29.96,29.36,2054.66,1,4052.65,2,4438.35,0,0,15.28,16.76,46.57,0
765.71,7.2,15.97,809.89,17.93,19.77,839.97,32.39,11.97,2415.57,1,2326.09,0,11782.75,0,0,39.22,26.41,35.87,0
1010.22,8.59,24.04,588.85,4.6,25.45,940.31,29.99,25.47,2539.38,2,4134.59,0,3362.34,0,0,58.29,15.66,41.11,2
463.09,3.51,9.87,625.71,15.46,13.55,1294.03,36.31,34.0,2382.83,1,3065.07,0,13537.36,0,0,19.73,21.14,56.74,0
828.77,5.86,18.93,601.92,13.04,22.4,748.75,21.28,21.6,2179.44,2,4114.35,1,12867.91,0,0,39.33,16.91,31.01,0
865.14,5.56,19.26,915.49,20.92,24.33,401.21,10.18,4.66,2181.84,1,1929.92,0,11152.64,0,0,42.29,30.48,12.88,0
161.17,0.25,6.35,154.24,5.22,15.9,1068.73,32.33,23.43,1384.15,3,1753.65,0,14571.58,0,0,3.22,14.6,39.64,0
898.82,6.53,27.61,1239.19,43.18,38.8,148.22,8.3,3.73,2286.22,1,6183.7,3,8153.71,0,0,43.68,59.51,8.25,0
450.9,3.28,14.58,922.23,21.49,21.52,1027.98,29.92,25.1,2401.11,1,3851.39,1,4816.32,0,0,19.87,36.25,40.83,0
691.12,4.94,17.15,638.82,9.64,19.44,169.19,8.67,2.26,1499.12,2,2223.71,1,10499.53,0,0,32.4,13.76,9.68,0
233.82,2.08,10.39,468.26,10.24,16.27,1083.57,27.93,27.58,1785.64,0,1045.05,0,14824.84,0,0,6.3,17.34,40.41,0
391.28,2.74,9.54,541.52,19.32,16.02,711.65,24.67,15.38,1644.44,3,3543.45,1,7881.2,0,0,19.89,21.88,35.32,0
542.59,4.91,13.42,1218.12,27.21,29.5,488.97,13.89,9.31,2249.68,2,2880.11,1,4384.03,1,0,31.33,47.78,12.57,1
714.72,5.61,19.59,1198.66,26.68,23.62,1150.14,39.38,36.69,3063.52,0,4068.99,1,2089.27,1,0,33.84,44.75,43.9,1
507.17,3.65,13.07,479.16,9.81,18.38,938.65,37.01,24.47,1924.98,0,3974.55,2,12227.88,0,0,23.06,13.63,42.14,0
635.28,4.19,15.46,1479.39,46.44,47.23,489.64,10.08,17.06,2604.31,3,3323.18,1,4893.19,1,1,28.84,66.32,20.59,1
926.09,6.75,16.25,712.98,16.99,24.39,84.06,2.99,3.24,1723.13,2,1620.24,0,11202.23,0,0,41.95,25.61,8.35,0
695.91,5.92,15.61,717.43,19.51,19.64,1107.43,36.5,38.7,2520.77,1,3359.52,1,14156.13,0,0,34.37,25.9,54.25,0
299.17,2.76,8.24,715.09,17.34,15.24,846.76,26.67,20.71,1861.02,2,3757.97,1,618.79,0,0,12.77,23.71,35.76,0
305.67,0.0,7.22,686.24,22.57,21.84,1073.06,25.56,26.69,2064.97,1,2444.81,0,1568.04,0,0,10.46,27.14,43.81,0
918.99,8.59,29.34,886.85,22.32,24.34,1584.77,42.07,38.36,3390.62,0,6811.57,3,2135.91,1,0,51.15,31.0,63.22,1
836.48,6.15,26.01,654.6,19.7,22.68,1019.4,32.23,21.2,2510.48,2,2337.48,0,9351.1,0,0,41.84,18.17,43.53,0
776.07,7.19,22.11,617.64,10.89,23.47,902.39,22.8,24.75,2296.1,1,3598.89,1,14476.59,0,0,39.12,21.76,37.54,0
681.7,5.47,15.63,548.39,19.2,23.18,308.86,12.77,9.17,1538.95,3,1955.46,0,6012.88,0,0,29.53,18.2,15.66,0
406.89,3.97,10.31,655.84,11.62,16.05,490.72,17.12,10.68,1553.46,1,2185.14,1,9033.91,0,0,20.2,16.44,18.88,0
409.89,2.4,8.17,577.93,10.83,22.62,1010.69,33.46,16.85,1998.51,0,3368.21,1,9222.44,0,0,17.92,25.89,41.41,0
852.37,5.86,21.29,604.91,6.48,16.87,742.37,20.5,22.82,2199.65,2,3582.01,1,9709.72,0,0,43.6,23.06,26.98,0
175.51,3.63,14.55,1014.83,32.09,31.78,960.57,31.33,32.99,2150.9,0,3277.86,1,8607.93,0,0,16.36,49.08,39.79,2
681.63,6.66,19.85,991.56,30.13,30.24,638.21,9.86,2.19,2311.4,2,5249.9,3,14644.67,0,0,35.77,39.13,20.65,0
803.39,4.83,19.38,911.38,27.55,30.04,559.09,17.3,13.24,2273.86,1,3039.27,1,4141.63,0,0,40.23,34.16,21.23,0
232.93,3.09,11.36,723.88,24.7,27.19,1646.51,57.33,43.42,2603.31,3,5347.86,2,1689.21,0,0,12.46,40.41,71.37,0
548.78,4.54,14.25,1347.34,36.02,42.37,340.5,0.0,11.81,2236.62,3,4722.6,2,3381.46,0,0,26.59,55.06,7.75,0
966.17,7.03,19.32,1011.64,37.0,36.81,228.69,5.53,0.0,2206.51,2,4768.73,2,5409.11,1,0,43.28,46.0,2.64,1
681.4,4.0,12.15,1049.68,23.31,27.76,516.76,16.42,18.26,2247.85,1,1961.54,0,11799.74,1,0,29.13,42.36,20.86,1
37.79,1.76,6.09,273.35,2.91,2.3,1493.82,44.41,30.05,1804.96,3,2484.97,0,10611.25,0,0,5.95,8.64,55.62,0
1245.02,9.45,27.38,359.09,16.23,29.99,538.5,8.98,11.24,2142.61,1,2053.43,0,7236.0,0,0,61.35,19.42,19.2,2
671.8,4.49,14.38,560.79,19.22,26.31,502.34,9.21,15.12,1734.93,0,2550.63,1,11727.71,1,0,30.38,31.82,18.23,1
339.39,0.66,6.76,911.58,33.15,30.75,1147.3,40.33,31.74,2398.27,2,3762.05,1,2948.13,0,0,14.82,45.46,49.49,2
1033.74,9.55,27.54,1220.38,28.33,38.99,1343.46,31.41,33.16,3597.58,2,3923.16,1,14585.32,0,0,63.41,42.12,54.94,2
338.54,0.95,9.72,336.96,12.4,15.62,1244.11,26.96,30.32,1919.61,1,4530.22,2,5014.81,0,0,10.88,21.08,48.5,0
786.57,4.92,18.3,521.56,3.71,13.52,655.96,21.61,19.61,1964.08,1,3614.49,1,8762.16,0,0,41.16,10.84,25.3,0
717.79,6.77,17.01,646.27,20.55,28.8,938.02,16.98,22.13,2302.07,1,2639.51,1,974.28,0,0,34.5,32.47,37.56,0
370.64,3.17,4.56,152.49,17.55,15.34,90.4,5.17,4.48,613.53,1,1481.05,0,4324.45,0,0,20.45,11.99,5.1,0
223.14,0.66,11.16,721.06,18.03,23.28,207.1,0.0,10.6,1151.29,3,423.96,0,1951.29,1,0,11.25,29.38,9.13,1
1104.27,7.67,24.32,769.85,19.9,26.73,1327.06,43.04,36.2,3201.19,3,5866.51,2,9386.75,0,0,52.74,27.25,59.74,0
673.55,3.66,18.26,215.01,10.27,8.25,681.32,17.43,13.64,1569.88,2,1840.44,0,2313.47,0,0,25.76,12.18,25.75,0
890.16,7.03,20.78,1040.34,43.97,32.71,794.65,34.08,25.17,2725.15,2,4236.58,1,4450.05,0,0,46.91,47.49,37.17,2
270.11,1.25,8.54,1212.44,44.71,37.63,490.75,14.2,21.27,1973.3,1,2747.96,1,6852.05,0,0,3.84,55.02,27.36,2
961.26,7.92,26.34,790.3,14.42,26.38,272.06,8.88,13.59,2023.62,2,1243.06,0,13557.09,1,0,50.87,30.24,14.63,1
1041.37,8.94,24.45,750.58,18.2,25.25,1090.83,31.41,28.63,2882.77,1,3126.3,0,1200.64,0,0,55.37,22.62,43.07,2
707.12,6.37,20.43,1174.56,38.66,35.18,614.58,5.28,16.04,2496.27,2,1734.58,0,7864.32,0,0,41.14,50.74,16.23,2
470.8,4.05,12.25,991.6,31.77,27.63,932.59,20.08,21.09,2394.98,0,3769.1,1,10324.61,0,0,19.5,38.22,33.99,0
541.09,5.34,9.47,385.56,6.31,20.28,978.92,37.48,25.34,1905.57,1,3863.17,1,12657.82,0,0,26.48,17.54,45.32,0
706.24,5.56,18.55,1162.9,32.24,40.11,1211.77,38.18,27.39,3080.92,2,4096.77,1,4015.92,0,0,35.41,46.4,54.89,2
566.53,3.84,12.23,433.3,12.68,12.3,845.51,22.55,18.38,1845.34,1,3149.41,1,498.72,0,0,28.72,20.2,37.2,0
405.67,3.51,10.3,1730.67,56.38,54.19,824.04,29.45,26.11,2960.38,0,2568.81,0,1374.04,2,1,22.5,78.12,40.4,3
1124.19,6.35,25.9,946.23,21.0,26.88,645.59,16.83,17.57,2716.0,0,4409.46,1,7787.33,0,0,55.23,32.33,26.18,2
386.46,3.02,14.93,941.9,31.03,38.28,596.69,13.47,18.38,1925.05,2,1951.31,0,14143.49,0,0,17.3,46.31,20.96,2
1167.1,8.0,27.22,1672.17,43.15,60.95,250.9,14.31,9.72,3090.16,2,5610.79,2,9069.13,1,1,56.8,69.7,11.79,1
420.87,3.52,14.84,783.31,23.56,23.78,628.08,22.17,19.64,1832.27,0,1041.25,0,9626.36,0,0,23.13,29.38,29.9,0
742.02,6.09,18.51,359.03,4.01,11.5,495.99,14.41,6.7,1597.04,2,2716.38,1,11023.43,0,0,35.72,6.6,14.92,0
1191.43,7.9,25.89,462.56,9.7,19.01,927.64,30.78,30.05,2581.63,2,3623.34,1,4880.66,0,0,52.25,15.52,42.2,2
301.81,2.13,15.47,886.31,27.0,33.22,481.92,12.43,22.53,1670.04,1,2717.9,1,6910.03,0,0,15.48,40.31,21.41,0
380.88,3.23,9.87,1019.8,23.64,26.08,683.4,26.67,21.45,2084.07,0,3194.37,1,3365.5,0,0,18.87,36.11,37.86,0
501.42,3.65,12.33,297.09,11.97,13.47,266.48,7.86,0.0,1064.99,3,2519.02,1,9566.6,0,0,25.62,11.94,3.84,0
582.85,5.95,18.59,1017.86,31.3,30.67,1030.93,22.09,19.38,2631.64,1,6210.58,3,14101.86,0,0,32.57,41.81,36.79,0
1421.06,11.36,23.38,1153.53,23.54,40.69,1038.41,30.31,33.34,3613.0,3,5272.97,2,4302.3,0,0,67.14,45.14,44.6,0
30.0,1.47,6.92,651.41,12.5,19.24,1539.56,46.84,42.74,2220.97,2,5121.0,2,12503.44,0,0,6.33,26.43,66.19,0
395.65,3.17,13.82,1807.78,46.07,52.18,375.57,2.37,6.82,2579.0,2,4681.72,2,13466.96,1,1,22.97,76.42,10.8,1
626.23,4.98,13.26,512.78,4.85,21.76,1254.73,38.03,32.24,2393.74,1,6028.81,2,13030.17,0,0,28.27,20.86,49.94,0
803.89,6.36,14.46,978.28,30.48,31.88,1548.1,48.31,33.56,3330.27,1,6522.75,2,2953.87,0,0,43.46,37.07,66.64,0
578.54,4.38,18.9,526.49,13.36,14.05,762.42,17.07,26.81,1867.45,2,2062.28,0,7535.58,0,0,27.83,15.11,33.23,0
296.48,0.0,7.46,384.7,17.08,13.06,1045.79,28.89,29.32,1726.96,2,2966.88,1,4076.52,0,0,12.15,15.57,44.17,0
647.41,5.62,13.59,409.28,10.4,16.87,333.07,3.27,11.08,1389.75,1,4168.85,2,6600.26,0,0,29.31,16.81,12.81,0
369.5,3.9,14.49,937.22,32.09,24.59,509.78,12.16,9.0,1816.49,0,4191.67,2,11494.42,0,0,15.72,40.5,18.0,0
963.81,8.31,13.93,686.98,18.28,15.6,385.5,11.69,6.19,2036.29,1,4461.36,2,4920.39,0,0,50.83,23.11,18.35,0
1330.37,9.76,33.65,666.65,11.53,26.52,393.25,3.93,5.89,2390.27,1,4096.06,1,12949.62,0,0,68.89,27.69,8.48,2
693.59,5.41,23.89,907.91,32.9,26.34,934.03,18.38,19.75,2535.53,3,2025.28,0,2660.95,0,0,34.88,40.6,29.41,0
402.39,1.72,5.96,432.45,7.15,13.39,1053.83,29.41,28.94,1888.67,1,1822.44,0,3635.31,0,0,10.38,12.94,47.1,0
292.41,2.31,8.56,532.75,17.99,13.07,453.09,13.51,15.71,1278.25,0,2891.88,1,8485.68,0,0,14.36,23.24,20.07,0
557.53,5.88,14.89,1143.62,31.48,39.18,465.82,16.99,9.1,2166.98,1,4273.05,2,3419.08,0,0,24.06,47.76,20.95,0
1210.44,9.2,26.31,1493.92,41.21,49.35,98.14,3.69,0.0,2802.5,0,6383.36,3,2104.87,0,1,58.74,67.64,2.53,0
230.01,1.81,12.93,1101.81,35.48,34.56,375.14,1.85,0.0,1706.96,1,1592.45,0,6617.86,0,0,14.21,48.83,5.04,2
282.76,2.72,12.17,717.71,26.97,28.49,821.01,17.88,17.1,1821.49,1,3529.48,1,4710.92,0,0,16.21,29.34,35.85,0
332.35,0.76,9.39,971.93,25.07,29.17,421.55,10.94,7.03,1725.83,3,4097.68,2,6446.08,0,0,5.44,42.78,14.49,0
651.45,4.96,27.48,953.74,29.45,39.19,310.49,8.26,5.93,1915.68,2,2386.37,0,1978.97,1,0,34.76,40.86,12.16,1
263.82,0.22,3.77,980.51,35.27,24.18,321.2,11.97,12.57,1565.52,1,2516.52,1,11602.93,0,0,10.16,43.21,19.83,0
275.48,2.45,13.1,906.26,11.29,25.46,668.1,23.07,20.87,1849.84,2,2780.05,1,13457.75,0,0,11.63,30.59,28.8,0
1067.28,8.11,28.69,649.2,9.01,19.34,638.83,22.01,16.58,2355.32,2,4352.28,1,4308.84,0,0,55.02,18.61,25.16,2
687.5,4.86,14.1,1023.12,24.47,32.02,1299.95,39.72,23.13,3010.57,1,3314.98,1,10689.52,0,0,35.4,34.98,48.08,0
813.11,5.78,16.67,1785.61,54.6,56.18,667.8,31.24,23.75,3266.52,1,6427.48,3,10121.64,2,1,40.19,80.62,34.22,3
321.09,1.55,12.46,825.09,31.13,33.26,608.16,12.89,7.11,1754.35,3,4200.05,2,12876.42,0,0,17.01,48.16,19.26,0
1106.0,9.8,21.55,945.25,16.96,30.3,585.33,23.53,4.5,2636.58,2,1631.33,0,13685.19,0,0,57.99,31.31,21.49,2
813.48,8.34,20.49,1512.46,38.72,41.59,490.86,11.36,14.51,2816.79,3,6208.44,3,3262.31,0,0,49.51,54.87,18.68,0
648.46,5.29,16.95,340.5,1.98,11.74,260.73,9.03,11.55,1249.68,1,466.24,0,12662.9,0,0,32.1,8.02,12.51,0
367.05,2.88,8.01,618.95,14.61,21.51,894.08,28.56,24.04,1880.08,0,3280.52,1,2273.11,0,0,14.46,28.13,30.98,0
1224.75,9.84,25.08,1203.79,28.3,34.27,431.9,6.21,9.51,2860.44,2,4027.34,1,2044.41,0,0,59.33,47.34,14.04,2
380.73,2.33,6.46,1309.34,42.99,33.84,957.66,29.97,29.7,2647.72,2,2643.97,1,9813.21,0,0,11.61,54.39,39.66,2
663.5,6.91,14.11,618.57,11.87,22.42,656.49,23.12,9.27,1938.56,2,3103.5,1,5586.4,0,0,34.09,21.63,26.24,0
289.73,2.05,9.19,259.34,10.01,9.21,526.72,9.48,7.94,1075.79,2,2404.94,1,4049.19,0,0,7.92,11.65,15.64,0
1197.58,10.89,28.22,1012.43,27.02,42.5,242.27,6.8,10.15,2452.29,1,5837.23,3,11091.73,0,0,67.2,41.98,10.84,0
552.38,3.82,15.36,821.15,14.14,17.63,849.84,25.16,16.82,2223.37,0,5413.0,3,14498.65,0,0,28.54,29.7,28.07,0
402.08,0.43,10.85,1357.11,29.82,31.64,899.91,18.44,18.13,2659.09,1,5277.06,2,4534.76,0,0,10.69,47.09,26.86,0
237.33,0.0,8.33,732.61,24.12,27.32,923.59,26.15,25.5,1893.53,0,1416.08,0,14296.82,0,0,7.93,37.79,39.3,0
1042.37,9.15,22.35,1143.44,30.05,34.96,1278.96,29.32,32.48,3464.77,0,5968.62,2,4067.09,0,0,52.43,42.68,48.19,0
439.21,2.87,9.62,947.26,26.65,25.0,588.85,15.42,22.95,1975.32,1,3805.95,1,9962.47,0,0,20.75,37.31,25.36,0
284.56,0.55,7.42,772.52,23.27,30.17,921.18,28.51,27.75,1978.26,3,3000.39,1,11769.12,0,0,3.06,40.27,42.96,0
602.37,3.5,20.31,408.18,11.63,0.0,1012.33,28.07,29.21,2022.88,2,4135.22,2,3642.53,0,0,26.66,8.88,44.6,0
1660.6,14.76,36.07,881.66,18.47,25.2,365.98,13.8,2.79,2908.24,1,5256.89,2,4579.67,2,1,81.21,18.22,10.7,3
423.66,2.04,8.09,973.98,26.19,24.38,959.6,25.99,22.63,2357.24,1,4118.07,1,14681.83,0,0,21.72,37.16,40.65,0
1410.51,12.63,26.31,658.53,14.9,29.84,308.65,12.77,5.53,2377.68,3,3937.21,2,4665.02,2,1,78.24,19.52,8.13,0
1175.78,10.0,25.29,1341.19,39.15,53.35,769.38,28.42,17.22,3286.34,0,5343.03,2,6106.97,0,1,64.28,60.73,29.73,3
877.98,6.66,14.93,918.38,17.57,32.96,382.84,15.14,4.55,2179.21,2,5771.52,3,11050.26,0,0,41.54,33.95,15.29,0
513.33,2.42,7.01,1278.1,40.8,36.05,684.92,21.55,23.59,2476.35,2,5127.89,2,9939.35,0,0,16.75,58.62,32.65,0
920.65,6.23,13.05,482.82,5.99,16.22,1446.81,41.15,35.08,2850.28,3,2756.6,0,13084.02,0,0,43.37,10.85,61.85,0
629.92,3.37,15.03,1436.64,52.47,42.73,1340.72,46.7,37.8,3407.29,1,5792.21,2,7828.55,0,0,26.65,65.83,63.14,0
732.21,7.31,13.94,459.64,22.78,22.5,612.08,16.58,9.05,1803.93,1,3218.73,1,4966.41,0,0,35.47,18.74,23.45,0
283.62,2.48,7.44,250.77,0.94,8.17,850.85,23.97,22.51,1385.24,3,1552.92,0,12559.54,0,0,16.97,6.13,33.1,0
604.61,3.5,10.06,512.0,9.78,11.72,30.0,8.7,2.19,1146.6,0,2884.99,1,7535.17,0,0,20.15,13.25,5.13,0
872.16,5.29,17.44,1699.1,53.25,51.72,862.95,15.59,20.03,3434.21,2,4440.86,1,7856.08,0,1,41.06,71.23,29.4,3
781.12,4.17,17.03,714.35,21.49,27.93,444.21,12.09,0.0,1939.68,2,2147.71,0,13795.08,0,0,36.62,28.13,17.67,0
228.34,0.16,2.32,639.16,25.19,22.39,1528.98,43.98,34.83,2396.48,0,3608.29,1,5803.02,0,0,4.36,33.7,63.12,0
838.89,8.66,25.38,717.41,23.6,24.58,299.24,9.28,10.98,1855.54,2,5367.64,3,11786.07,0,0,49.78,26.35,12.51,0
542.6,4.49,15.61,833.05,30.44,26.13,1085.82,36.64,28.05,2461.48,2,2915.32,0,14863.86,0,0,27.93,35.54,47.15,0
420.46,2.15,11.89,1257.44,41.43,40.48,962.92,32.28,28.01,2640.82,0,4450.73,1,7818.13,0,0,16.15,57.2,32.41,2
1076.0,9.3,23.27,1169.32,34.63,29.1,369.73,12.42,12.58,2615.06,2,4882.3,2,7014.36,0,0,55.98,36.67,18.89,0
563.67,3.91,17.75,1302.82,44.81,44.72,396.15,14.1,13.29,2262.63,2,1744.55,0,3222.02,0,0,27.21,59.11,16.26,2
672.79,5.46,16.0,965.54,25.17,21.72,489.41,8.76,13.54,2127.73,3,5063.98,2,5893.31,0,0,27.24,40.03,17.95,0
897.13,8.31,21.28,709.0,18.87,22.07,712.09,28.13,20.98,2318.22,2,3103.71,1,3149.07,0,0,44.88,21.33,39.53,0
713.27,3.48,16.61,876.05,20.99,22.71,643.1,26.26,16.52,2232.42,1,4174.34,1,6680.83,1,0,24.61,34.08,29.38,1
163.03,0.15,1.67,489.1,9.62,20.11,745.73,19.43,18.38,1397.85,2,2217.5,0,6430.17,0,0,4.79,12.91,26.13,0
405.51,2.26,10.66,540.08,20.15,8.03,630.13,28.51,20.01,1575.72,3,2986.7,1,9661.47,1,0,14.51,24.05,30.4,1
1083.64,8.92,21.75,861.62,21.89,30.34,766.14,18.6,11.06,2711.4,1,3441.33,1,9925.82,0,0,53.61,34.85,30.04,2
238.73,1.6,6.8,677.59,24.54,17.83,1836.17,55.39,50.73,2752.48,1,5160.0,2,14383.92,0,0,11.37,30.51,77.85,0
740.16,7.44,21.84,755.26,23.82,31.23,1253.55,29.97,30.98,2748.96,0,5014.57,2,4838.0,0,0,41.26,32.72,50.61,0
771.26,6.33,22.5,1305.01,34.33,46.1,471.3,19.88,5.64,2547.58,2,3542.67,1,1361.08,1,1,38.24,55.74,22.15,1
1004.16,7.72,23.8,653.34,8.24,21.34,432.96,5.99,6.43,2090.46,1,5339.34,2,12638.66,0,0,42.81,21.96,14.88,0
579.8,3.82,15.35,987.36,23.22,21.14,369.44,13.1,13.53,1936.61,1,3477.95,1,593.58,0,0,29.52,43.11,18.04,0
374.75,1.78,8.95,799.3,20.84,29.43,549.22,23.48,10.85,1723.26,0,2240.41,0,1533.93,0,0,14.07,31.62,22.24,0
502.56,4.37,17.34,1411.78,39.93,45.22,1440.05,42.55,32.24,3354.39,2,3744.47,1,5466.39,0,1,24.62,60.52,57.43,2
553.11,4.09,10.91,327.67,15.64,19.95,628.26,16.63,19.97,1509.04,0,4810.4,2,6336.56,0,0,25.3,12.74,28.34,0
1268.23,9.6,31.42,1619.98,45.07,50.88,1141.09,23.08,24.46,4029.3,0,5665.78,2,10116.33,0,1,60.94,65.49,45.37,3
950.23,7.24,20.58,514.01,11.98,23.39,938.45,22.88,26.05,2402.69,0,5925.17,3,12386.32,0,0,47.84,20.79,38.92,0
303.46,2.49,10.15,346.39,12.1,10.61,1702.33,50.77,37.06,2352.18,1,3601.17,1,13988.49,1,0,15.15,16.19,69.85,1
1028.75,8.43,19.35,1538.54,41.96,36.18,845.63,33.7,29.19,3412.93,2,4780.47,1,304.25,0,0,45.57,59.44,43.3,2
173.82,0.0,7.87,728.77,20.74,19.67,687.97,15.04,17.65,1590.56,2,3560.87,1,3436.73,0,0,7.9,32.89,21.83,0
770.43,5.53,14.64,1266.75,39.01,36.81,1185.14,35.74,35.47,3222.32,1,3284.59,0,4434.73,0,0,35.35,55.55,57.98,2
548.39,5.14,15.31,653.93,10.17,15.74,921.44,29.12,26.04,2123.77,2,4927.78,2,10377.23,1,0,32.65,15.96,43.38,1
481.0,1.78,11.26,378.64,6.52,4.21,2016.28,56.61,45.21,2875.91,2,4062.91,2,14372.03,3,0,16.57,12.07,82.36,0
432.13,1.15,7.48,522.91,13.94,17.8,777.81,26.79,22.76,1732.85,2,4819.52,2,833.33,0,0,7.99,22.74,31.61,0
348.03,1.09,2.79,196.57,8.14,9.52,273.68,10.77,6.71,818.28,1,1277.85,0,710.83,0,0,15.01,8.57,10.37,0
276.6,2.01,17.84,634.69,14.01,8.74,313.53,5.32,8.09,1224.82,0,2612.92,1,13920.38,0,0,15.48,23.59,5.88,0
409.37,2.17,14.96,1437.53,35.3,28.56,485.78,17.24,13.39,2332.68,3,3713.19,1,11570.6,0,0,14.89,58.9,18.58,0
873.62,6.99,16.79,969.45,26.59,28.59,1094.76,36.64,35.78,2937.82,3,4133.41,1,10960.38,1,0,43.69,38.76,50.18,1
331.02,2.21,4.69,804.12,20.36,21.91,661.12,18.53,15.69,1796.26,0,3411.16,1,14585.34,0,0,4.43,29.6,20.29,0
1029.72,8.22,23.88,749.31,15.64,35.45,344.44,9.34,10.08,2123.47,1,4088.63,2,3507.9,0,0,55.43,26.38,10.37,0
226.67,1.19,11.93,437.81,23.8,10.72,370.41,14.52,12.27,1034.88,1,1240.29,0,12018.29,0,0,14.09,20.05,18.56,0
789.84,6.89,19.75,822.51,27.06,25.98,818.9,25.51,20.71,2431.25,2,1943.81,0,3578.02,0,0,38.09,34.34,36.64,0
912.69,3.42,16.99,477.4,11.39,14.17,785.85,33.06,21.57,2175.94,2,4974.2,2,3703.4,0,0,43.67,17.54,36.19,0
993.45,8.17,30.99,1140.72,24.03,33.09,1070.65,36.77,28.36,3204.82,1,5734.19,2,7202.96,0,0,54.17,38.52,49.96,0
969.32,6.96,19.61,1220.37,26.36,35.29,774.01,20.73,21.17,2963.7,3,5044.36,2,9633.12,0,0,45.14,45.09,31.71,0
452.39,2.52,17.57,315.53,0.34,12.35,1667.11,45.29,37.11,2435.03,3,1640.69,0,4015.93,0,0,20.44,7.26,72.03,0
365.18,2.65,9.15,843.0,32.39,26.27,616.91,20.58,14.59,1825.09,2,3377.23,2,7950.22,0,0,17.05,47.95,22.02,0
946.13,6.79,24.16,821.11,19.63,27.09,1841.37,53.41,47.04,3608.61,2,6027.02,2,2148.23,1,0,45.7,23.31,77.06,1
948.5,6.53,23.46,316.13,8.18,17.03,722.91,18.39,15.57,1987.54,1,3609.83,1,13988.33,0,0,49.53,6.78,24.93,2
592.15,5.57,13.53,808.17,25.91,25.18,806.79,25.64,13.61,2207.11,1,3255.33,1,10874.77,0,0,31.72,35.26,27.95,0
195.55,2.7,11.52,1049.86,36.79,28.83,1270.51,38.13,25.71,2515.92,2,4556.56,2,14737.1,0,0,13.59,48.62,51.45,0
536.23,3.7,15.38,543.21,14.49,16.18,843.54,24.92,16.55,1922.98,2,2295.83,1,3683.35,1,0,28.09,19.25,32.63,1
1004.99,6.02,21.87,352.39,6.47,8.58,1425.17,41.26,33.54,2782.56,1,3873.67,2,2179.26,1,0,40.3,5.92,56.29,1
306.4,3.47,7.02,441.11,7.65,7.83,294.72,5.87,4.1,1042.23,1,3200.99,1,1746.86,0,0,12.42,11.25,7.43,0
691.55,6.52,18.22,492.89,5.96,8.01,899.59,27.27,23.95,2084.04,3,4386.49,2,14498.52,0,0,38.5,12.73,41.13,0
554.99,3.32,14.69,496.3,12.4,13.69,556.37,21.2,16.46,1607.65,1,2019.75,0,373.2,0,0,20.76,18.06,27.53,0
424.67,4.39,6.29,1425.86,44.31,42.29,1159.69,33.9,28.38,3010.21,2,4366.57,1,162.11,1,0,19.36,66.75,53.28,1
657.77,3.63,12.32,981.63,32.99,33.98,664.6,15.87,15.59,2303.99,2,4293.35,2,10773.56,0,0,30.8,45.35,24.69,0
1070.95,6.99,23.96,979.01,20.61,37.11,686.5,12.59,9.49,2736.46,2,3705.25,1,14723.56,0,0,53.83,35.48,28.5,2
1001.85,7.27,21.15,688.87,15.16,21.14,1014.45,25.2,29.26,2705.17,2,3363.87,0,8777.2,0,0,44.61,21.6,40.99,0
689.56,7.04,18.63,775.63,29.62,23.91,1082.81,34.91,26.45,2548.0,1,4660.07,2,9352.67,0,0,39.77,33.13,46.3,0
1693.14,11.93,36.49,1239.36,43.99,40.46,90.77,5.29,8.45,3023.26,1,5343.52,2,9236.0,2,1,83.13,51.27,4.21,3
1109.5,7.58,23.56,1399.25,41.96,45.71,445.64,22.35,16.13,2954.39,2,3060.03,0,4022.96,1,1,53.88,54.46,27.95,1
646.71,5.62,18.97,727.22,26.16,25.32,765.45,13.22,23.39,2139.38,3,2736.36,0,3986.96,0,0,31.14,30.3,36.25,0
472.98,3.18,14.94,467.36,11.82,17.84,1035.48,24.86,27.84,1975.81,3,2485.96,0,1650.81,0,0,25.63,21.86,35.03,0
923.33,7.47,18.43,817.05,22.12,31.17,1668.86,51.42,41.7,3409.23,3,6253.61,3,7088.21,0,0,47.95,34.89,67.39,0
804.52,6.58,19.51,931.18,25.79,32.04,890.52,30.76,21.1,2626.23,0,2939.15,0,2828.12,0,0,40.06,34.47,39.79,0
420.58,2.5,8.57,596.83,19.71,13.52,1082.48,32.96,32.36,2099.89,0,2980.29,1,4733.05,0,0,10.88,16.85,47.54,0
554.26,2.95,9.98,831.94,27.04,23.25,801.13,26.86,22.0,2187.34,1,1936.32,0,7161.28,0,0,19.97,30.02,34.61,0
240.99,2.1,4.18,623.99,20.91,29.14,961.65,20.24,16.24,1826.63,1,3838.87,2,12014.04,0,0,10.67,35.49,34.66,0
487.41,1.2,6.26,1021.95,33.04,30.57,610.24,17.6,6.13,2119.6,0,3465.26,1,11197.83,0,0,13.7,46.02,19.52,2
512.82,3.64,9.39,707.65,20.92,16.14,788.39,18.17,13.4,2008.85,2,1989.58,0,11467.71,0,0,19.82,24.83,27.36,0
599.05,3.55,17.54,294.57,15.89,19.33,988.12,28.45,33.36,1881.75,3,3009.54,0,391.46,0,0,26.74,14.6,45.43,0
444.6,2.34,11.55,747.03,14.83,15.55,1234.67,30.57,26.94,2426.29,1,4382.67,1,12692.35,0,0,21.51,22.53,43.91,0
413.81,5.03,16.06,584.79,21.63,18.29,737.3,19.0,18.22,1735.9,3,2784.4,1,3468.46,0,0,21.11,31.58,30.74,0
804.64,7.52,15.18,448.91,8.29,15.37,509.56,5.96,14.08,1763.11,1,1334.51,0,4281.94,0,0,37.85,10.24,15.26,0
650.86,4.92,13.39,318.08,2.22,14.38,1524.19,43.83,45.6,2493.14,1,2325.09,0,10955.07,0,0,30.01,9.66,63.86,0
1091.64,10.51,23.59,899.04,21.8,27.41,749.01,27.52,22.84,2739.68,0,4103.53,1,8457.74,0,0,57.94,31.67,37.73,2
970.94,6.87,19.72,336.41,6.94,16.0,815.73,27.91,23.92,2123.09,2,3336.54,1,3823.83,0,0,44.55,6.21,35.33,0
796.3,6.14,19.39,1046.92,31.75,36.19,677.52,20.68,18.92,2520.74,0,5229.18,2,11167.31,1,0,39.07,47.36,26.89,1
1011.95,7.85,24.35,1033.14,33.71,30.9,563.76,27.3,19.7,2608.85,1,4075.84,2,8521.7,0,0,49.92,37.99,25.28,0
419.22,1.52,13.69,541.11,17.86,16.49,1017.74,35.3,28.97,1978.07,1,5151.8,2,14250.11,0,0,14.08,22.58,48.9,0
927.11,5.07,13.59,723.39,10.74,20.17,699.37,27.16,22.79,2349.86,2,4599.53,1,5349.36,0,0,43.39,23.25,29.79,0
296.47,2.83,17.8,868.67,25.98,27.97,706.1,16.4,6.77,1871.25,1,3511.44,2,13548.82,0,0,19.22,40.3,22.06,0
1152.53,10.03,21.49,662.63,7.98,31.38,661.67,19.2,15.59,2476.83,2,2792.24,0,12487.14,0,0,56.2,22.42,23.48,2
707.9,5.78,17.47,644.55,13.81,18.06,1285.45,39.95,30.48,2637.9,0,2681.09,0,1090.03,0,0,34.76,20.73,56.86,0
406.53,3.87,14.93,618.87,15.85,19.37,566.89,16.05,10.27,1592.29,0,3221.32,1,1949.48,0,0,20.13,28.04,20.68,0
1187.77,10.12,28.39,1726.0,47.61,49.47,859.41,31.12,30.69,3773.18,3,4818.62,2,2444.74,0,1,61.31,67.75,41.16,0
825.24,6.16,23.33,407.68,5.43,12.16,515.71,17.67,10.23,1748.62,2,3298.28,2,4702.65,0,0,42.76,8.99,19.46,0
561.11,4.38,17.21,805.99,17.68,13.96,998.31,28.51,30.12,2365.41,3,3582.18,1,10900.6,0,0,26.17,22.96,50.13,0
1321.87,10.79,30.43,766.7,23.38,27.15,334.82,10.49,8.99,2423.38,1,3310.33,1,11613.36,0,0,69.08,25.29,16.55,2
1305.28,9.55,30.01,1131.46,34.52,35.34,1141.68,27.01,27.02,3578.42,1,5463.78,2,11948.7,0,0,65.02,41.95,44.2,0
473.35,5.32,11.32,1001.04,36.91,30.76,596.43,9.78,19.64,2070.82,3,5931.01,3,14310.95,0,0,28.66,43.38,25.78,0
180.67,0.0,4.54,678.86,20.37,14.62,389.44,13.25,8.99,1248.97,2,3309.19,1,7888.74,0,0,4.78,29.7,15.73,0
546.27,3.64,11.19,468.98,8.11,23.07,794.94,21.7,23.55,1810.2,1,3780.95,2,3021.75,0,0,26.03,13.27,32.55,0
1052.45,8.82,13.3,1096.75,22.59,27.55,1639.72,42.08,40.4,3788.91,1,5951.12,2,12264.96,0,0,44.02,36.64,63.49,0
354.63,4.39,10.57,692.52,11.78,15.4,158.0,14.64,7.02,1205.15,2,2266.2,1,3728.25,1,0,23.96,20.38,19.85,1
391.25,2.31,6.51,947.79,28.29,26.49,146.68,7.67,5.87,1485.72,1,1768.39,0,6320.54,0,0,13.19,38.01,6.88,0
727.92,3.71,14.13,435.85,7.75,19.52,1722.39,46.71,43.03,2886.16,0,3873.82,1,290.56,0,0,34.07,18.52,63.48,0
513.86,3.22,14.25,394.44,8.99,16.06,774.5,15.83,15.77,1682.8,1,4543.53,2,10711.98,0,0,20.7,14.96,25.95,0
903.09,6.7,19.4,558.94,4.98,17.12,529.25,12.91,11.68,1991.28,1,1353.91,0,12470.47,0,0,47.72,14.37,17.71,2
223.15,0.98,9.82,928.24,32.26,25.45,999.91,31.72,26.25,2151.3,0,4950.89,2,322.66,0,0,6.53,45.91,40.29,0
1169.13,9.43,21.25,490.24,4.38,25.16,1059.68,23.94,31.63,2719.05,3,5861.22,3,4299.82,0,0,59.86,12.12,45.34,0
1285.87,7.52,20.99,794.13,13.87,23.35,983.84,29.15,34.07,3063.84,2,2446.65,0,7750.78,0,0,51.28,27.71,47.0,2
201.18,2.24,6.67,1031.53,25.93,23.42,524.0,14.89,16.88,1756.71,2,4074.47,2,2317.7,0,0,8.11,37.76,21.77,0
286.41,3.16,13.79,998.49,25.28,30.18,687.4,13.48,17.36,1972.3,2,2728.88,0,1552.6,0,0,14.96,44.97,27.84,0
734.45,3.49,14.8,444.15,16.75,21.45,743.64,13.08,17.84,1922.24,2,4519.57,2,8285.48,0,0,27.46,22.45,24.64,0
1175.77,10.75,26.65,957.49,20.09,32.58,513.29,17.64,14.44,2646.55,3,5095.01,2,13042.65,0,0,59.35,31.62,17.79,0
459.86,2.09,8.29,957.8,25.85,23.24,818.44,23.94,15.77,2236.1,0,6363.41,3,11360.43,0,0,18.82,36.34,32.95,0
650.89,5.6,16.9,624.03,1.14,13.54,992.03,30.75,17.05,2266.95,0,3281.19,2,5980.64,1,0,26.71,12.3,44.11,1
950.77,7.52,21.64,331.06,10.96,8.23,558.72,12.57,7.26,1840.55,2,2525.84,1,3926.93,0,0,48.03,8.05,23.58,2
662.01,5.15,11.71,537.82,12.94,30.71,587.28,19.81,17.55,1787.11,1,4247.74,2,13354.1,0,0,34.2,25.13,30.67,0
605.62,5.77,17.12,1314.33,46.47,36.2,294.66,0.44,6.03,2214.61,0,3845.69,1,11652.53,0,0,28.61,56.16,8.4,2
280.48,2.25,11.08,514.61,10.43,17.01,1137.96,36.21,27.94,1933.05,3,4632.03,2,12152.8,0,0,14.88,17.38,53.41,0
775.38,8.09,19.75,1305.91,41.7,36.4,318.44,1.36,8.73,2399.73,2,3771.64,1,13766.79,0,0,45.09,52.14,12.1,2
1100.43,8.63,25.12,1129.13,35.95,42.19,838.08,25.87,18.2,3067.64,2,4221.48,1,13430.88,0,0,60.44,45.91,29.48,2
714.9,7.35,17.81,508.56,7.24,12.84,609.28,12.18,11.35,1832.74,3,5291.12,2,6381.57,0,0,45.77,12.92,22.54,0
591.41,5.18,18.99,1470.22,48.24,48.56,947.93,22.23,25.4,3009.56,2,4706.94,1,11589.64,0,1,30.03,64.97,37.61,2
738.47,7.17,20.76,1264.01,38.41,49.39,1118.99,28.5,19.22,3121.47,0,5441.06,2,13911.69,0,1,38.8,56.7,41.33,0
575.11,4.54,10.51,278.42,7.6,12.56,523.21,13.33,10.63,1376.73,2,1770.67,0,1304.44,0,0,24.82,12.18,16.72,0
882.66,7.08,20.56,1131.1,36.62,39.91,116.65,1.7,7.4,2130.41,2,3533.18,1,11551.49,0,0,44.02,48.07,1.95,2
795.3,6.84,17.0,982.22,21.71,35.91,463.66,21.15,14.91,2241.19,2,1711.16,1,9989.03,0,0,40.36,39.9,26.19,0
857.1,5.49,14.45,674.57,12.41,17.94,450.42,9.6,14.12,1982.09,1,4001.03,2,8365.96,0,0,37.94,21.1,18.41,0
500.47,4.52,18.49,833.59,26.02,29.57,384.55,10.23,11.28,1718.61,2,2999.94,1,9524.3,0,0,25.21,34.56,13.9,0
555.49,5.4,14.91,410.01,14.03,13.37,700.05,19.56,15.25,1665.55,1,2314.95,0,14650.25,0,0,31.35,14.86,27.82,0
242.71,2.62,9.57,313.14,5.19,16.57,1084.43,38.57,26.12,1640.28,1,3168.36,1,13160.0,0,0,20.27,6.43,52.67,0
755.45,6.08,14.52,1308.72,36.98,36.65,272.55,7.09,2.11,2336.72,0,3864.46,1,14760.67,0,0,37.41,56.69,7.56,2
555.65,4.88,13.61,1085.64,37.08,36.13,236.09,5.74,3.29,1877.38,0,3946.89,2,11090.03,0,0,26.66,50.26,3.41,0
618.29,5.84,7.13,628.1,14.47,14.29,1561.42,55.91,45.43,2807.81,2,6130.68,3,246.08,0,0,24.26,22.56,68.69,0
1514.26,14.31,33.78,1957.63,63.77,68.58,886.39,23.47,14.11,4358.29,1,5488.31,2,5217.77,1,1,83.54,78.51,34.28,1
224.25,0.93,10.27,1289.05,43.22,47.32,1788.12,51.77,45.04,3301.43,1,5870.91,2,1389.74,0,1,4.68,60.7,80.35,0
597.4,6.59,21.7,444.04,0.0,11.78,1659.22,47.16,42.32,2700.66,2,4785.1,2,7472.45,0,0,39.78,4.49,70.36,0
135.98,1.31,9.55,723.71,15.67,24.6,1217.41,28.61,22.37,2077.1,0,2884.69,1,3373.48,0,0,8.88,25.18,42.85,0
655.92,4.94,22.82,1556.05,43.41,49.67,540.23,18.41,19.26,2752.19,2,5257.17,2,4138.76,1,1,30.29,67.15,22.48,1
988.54,8.21,22.36,488.44,5.39,25.56,484.75,18.92,13.42,1961.73,2,5051.5,2,1702.63,0,0,47.41,15.64,23.3,0
222.97,3.05,7.63,378.6,10.8,19.68,1637.36,48.0,41.34,2238.93,1,3827.15,1,9775.28,0,0,15.32,22.23,67.1,0
140.82,1.04,9.92,104.91,4.06,12.49,375.48,10.63,5.26,621.21,2,1043.64,0,13782.43,0,0,6.91,6.79,14.34,0
817.44,5.64,19.67,940.54,19.74,34.39,692.81,20.52,21.53,2450.79,2,3132.28,1,10072.98,1,0,40.77,32.96,31.08,1
385.88,2.62,11.22,177.76,6.26,5.97,346.23,10.61,5.44,909.87,1,2416.87,1,9900.98,0,0,17.42,7.39,15.19,0
366.07,1.48,10.6,228.67,3.8,3.17,1471.68,38.31,38.9,2066.42,2,3513.44,1,13776.76,0,0,13.46,3.86,61.85,0
602.41,3.02,12.55,150.06,2.43,7.02,656.76,17.63,21.82,1409.23,3,3776.7,2,5765.69,0,0,24.96,4.73,25.7,0
1233.95,11.65,35.03,559.32,10.29,20.44,1536.47,42.83,39.33,3329.74,2,7117.11,3,13425.05,1,0,69.79,14.9,60.04,1
556.55,4.2,8.69,607.39,25.16,22.49,1010.82,32.07,24.82,2174.76,3,1746.48,0,10560.7,0,0,24.5,25.6,40.09,0
400.42,2.62,14.8,852.0,28.27,29.14,450.49,2.43,4.16,1702.91,3,1237.81,0,1314.59,0,0,21.0,31.77,12.15,0
545.37,3.64,13.93,469.54,8.98,14.05,659.64,19.56,12.7,1674.55,0,2628.38,1,10645.67,0,0,24.36,11.79,25.93,0
262.8,2.2,10.65,995.79,37.55,32.72,1352.1,45.82,34.94,2610.69,1,4660.47,2,1500.79,1,0,12.23,52.54,55.28,1
610.22,4.15,12.49,1102.1,30.86,30.6,1048.81,31.77,26.93,2761.12,2,4108.9,1,10710.83,0,0,24.67,41.16,43.94,0
1192.63,9.82,30.26,393.51,7.6,9.17,660.53,11.79,14.34,2246.66,0,5364.53,2,3742.16,0,0,59.2,8.6,17.84,0
255.88,1.66,12.61,1161.82,34.6,26.53,645.12,18.94,13.77,2062.82,3,3812.22,1,185.36,0,0,14.17,47.04,23.24,0
219.99,2.72,8.02,1011.37,20.49,24.77,280.06,10.89,11.36,1511.43,1,3767.15,2,8970.48,0,0,15.24,38.21,15.37,0
458.0,2.48,13.86,374.64,11.2,14.63,1756.91,49.23,46.45,2589.54,1,4579.18,2,10426.67,0,0,15.71,15.69,76.75,0
226.12,2.42,9.84,882.85,24.58,19.78,846.96,23.16,22.69,1955.92,2,2910.19,1,13892.43,0,0,11.26,30.85,33.49,0
1003.27,9.49,22.14,626.41,19.22,28.81,1017.41,32.43,24.18,2647.08,2,3558.22,1,428.38,0,0,53.97,28.67,42.34,2
1029.02,10.33,17.22,1222.55,35.33,42.19,874.31,13.81,13.34,3125.88,2,5850.03,2,14836.43,0,0,49.43,55.39,31.98,0
542.92,5.89,17.9,644.21,17.92,20.23,230.33,4.52,9.19,1417.46,0,3466.36,1,11502.32,0,0,30.27,26.26,8.69,0
1012.07,8.24,20.64,1103.25,34.71,35.13,1295.07,33.23,32.3,3410.39,2,6253.53,2,14256.15,0,0,50.9,49.19,54.76,0
465.43,3.38,14.05,686.56,18.83,26.96,1294.53,35.27,35.85,2446.52,3,3960.52,1,3945.76,0,0,21.33,34.86,50.7,0
531.67,3.32,18.29,940.1,21.99,24.01,473.91,19.04,14.75,1945.69,3,2256.92,0,7506.49,0,0,25.46,34.56,23.89,0
812.04,4.93,14.94,1590.86,53.95,51.41,314.29,9.42,8.89,2717.19,1,4382.45,1,8371.91,0,1,35.36,72.98,14.62,3
624.99,4.73,18.91,386.56,9.44,9.84,464.31,3.81,10.34,1475.85,2,1679.0,0,9686.27,0,0,28.21,11.21,8.34,0
1023.2,7.93,18.37,529.42,9.8,19.4,472.85,10.29,8.88,2025.46,2,3280.37,1,8622.26,1,0,48.05,12.38,19.12,1
1028.59,10.75,28.28,951.12,27.51,29.52,1142.04,27.75,24.67,3121.75,0,4286.12,1,9210.99,1,0,53.81,30.53,44.02,1
187.16,0.89,13.67,400.84,5.79,7.36,972.57,27.17,22.9,1560.58,2,1424.53,0,14670.98,0,0,9.17,7.41,35.25,0
1279.84,9.26,29.41,603.39,15.79,22.4,269.24,12.04,5.04,2152.47,0,6146.17,3,1878.94,0,0,62.04,21.73,14.05,0
644.79,5.63,18.18,1582.33,48.64,41.18,1252.13,46.48,41.21,3479.24,2,6424.23,3,5338.52,0,0,33.91,62.79,56.73,0
474.47,3.02,15.15,1101.57,33.24,34.07,250.09,6.99,3.08,1826.12,3,4242.15,2,10363.74,0,0,21.37,47.57,7.24,0
641.97,5.01,14.26,1326.4,42.26,34.73,191.68,9.33,3.86,2160.04,2,5452.59,2,12422.53,0,0,29.34,57.58,7.69,0
759.26,6.21,15.42,607.98,8.25,24.97,756.78,15.63,22.53,2124.01,3,4043.35,1,10452.94,0,0,41.16,22.12,28.48,0
409.09,3.24,10.37,510.13,14.09,14.22,753.97,18.45,16.93,1673.2,1,2007.37,0,10307.83,0,0,21.69,17.21,27.78,0
830.01,7.2,26.87,1132.91,25.91,28.07,556.89,9.45,8.87,2519.81,2,1833.82,0,12186.17,0,0,42.87,39.0,20.29,0
573.18,3.4,9.94,1004.39,27.55,22.71,877.54,24.15,25.51,2455.1,1,4690.69,2,13949.41,0,0,24.09,39.82,36.02,0
1347.7,10.73,31.99,1158.61,32.94,40.98,377.98,5.04,9.74,2884.28,0,4461.28,1,8115.12,0,0,68.89,38.6,10.47,2
318.99,3.51,11.42,516.27,18.15,9.12,1355.04,37.61,26.78,2190.29,1,6133.33,3,3214.01,1,0,19.29,23.77,52.08,1
706.66,4.22,13.08,335.98,9.69,14.03,773.62,17.37,12.32,1816.26,3,4264.66,2,13092.48,1,0,26.14,11.54,25.16,1
1081.31,8.12,28.95,979.49,23.95,33.53,1160.16,35.62,24.49,3220.96,2,7302.69,3,13934.56,0,0,53.94,36.97,47.42,0
1011.34,8.19,24.05,1053.55,26.27,36.44,459.99,19.28,0.0,2524.87,2,3705.13,1,13936.0,0,0,53.62,38.61,20.8,2
590.6,5.48,17.96,1251.98,42.55,33.28,812.51,24.74,28.64,2655.1,2,5021.69,2,10106.02,0,0,29.04,53.01,33.64,0
1268.13,10.98,35.68,1329.48,32.5,37.08,469.47,9.63,2.87,3067.08,1,7009.0,3,10007.9,1,0,67.08,43.92,14.17,1
201.53,1.06,7.31,244.34,14.21,9.45,1225.96,33.35,24.67,1671.83,0,1922.59,0,2508.68,0,0,8.41,10.79,46.64,0
735.36,5.69,17.35,663.92,12.4,20.06,483.76,16.5,9.81,1883.03,2,2114.1,0,1606.62,0,0,31.23,22.68,13.05,0
709.48,4.25,15.66,789.16,14.78,26.24,759.28,18.61,20.09,2257.92,1,3045.52,1,4462.15,0,0,24.41,29.75,31.22,0
592.32,6.0,14.79,1089.67,32.94,35.0,923.69,25.94,24.76,2605.68,1,4686.72,2,3087.28,0,0,30.74,48.38,36.87,0
380.58,3.71,13.03,730.6,25.26,27.66,976.65,22.62,23.91,2087.82,0,2161.33,0,4997.15,0,0,18.73,30.54,37.94,0
659.65,6.15,19.8,365.39,10.21,14.99,1171.26,28.44,31.62,2196.29,1,5947.49,2,6194.43,0,0,32.6,13.19,42.51,0
177.38,1.57,11.38,1079.7,28.09,37.17,437.88,15.77,9.23,1694.97,2,2630.4,1,7892.23,0,0,11.53,47.28,19.25,2
662.82,4.09,15.86,478.36,13.81,26.39,954.85,27.51,29.36,2096.04,3,4123.98,2,7685.88,0,0,30.03,22.51,37.22,0
586.79,4.99,5.91,1278.24,35.9,41.18,696.79,21.24,16.33,2561.82,2,4979.5,2,14355.67,0,0,27.32,47.86,29.92,0
718.4,6.19,12.84,1079.82,36.46,31.91,544.09,4.74,4.13,2342.31,1,5720.88,2,13218.07,0,0,34.8,46.49,15.33,0
455.18,4.57,20.68,801.03,22.22,32.14,402.88,13.29,7.09,1659.09,2,3680.01,1,5498.95,1,0,29.08,35.76,14.37,1
302.82,2.75,9.99,388.47,20.11,17.15,333.53,12.24,8.04,1024.82,2,3406.24,2,13314.49,1,0,22.43,21.25,9.99,1
316.63,2.61,13.68,964.06,33.77,29.44,1745.67,49.04,52.5,3026.36,0,3839.41,1,512.17,0,0,14.78,44.26,79.07,0
849.34,6.68,15.25,439.63,6.82,19.46,1351.25,43.9,38.3,2640.22,2,3958.27,1,12805.83,0,0,39.8,13.7,59.27,0
361.83,2.68,10.36,1344.78,48.5,38.5,571.72,4.16,2.97,2278.32,2,3292.54,1,736.0,0,0,23.56,58.68,12.88,2
957.9,7.47,22.72,1079.82,29.21,29.19,945.0,29.21,18.17,2982.71,0,7371.97,3,3497.12,0,0,44.79,44.82,36.07,0
456.17,4.48,17.45,1812.99,47.1,46.15,1133.36,35.96,25.68,3402.52,0,3474.66,0,3189.2,0,1,22.25,69.33,46.58,2
270.29,1.23,11.94,560.75,23.54,27.67,452.22,12.61,7.19,1283.26,0,3369.09,2,4726.16,0,0,14.26,28.75,10.23,0
250.28,1.88,9.25,729.51,18.9,17.55,646.45,10.85,15.16,1626.24,2,2844.61,1,5247.99,0,0,9.09,28.54,18.43,0
339.47,4.28,7.98,908.99,31.98,25.87,335.96,5.52,7.44,1584.42,0,3193.18,1,10272.85,0,0,20.18,36.89,11.36,0
1052.22,11.55,21.47,1367.43,47.79,51.73,276.18,15.91,0.63,2695.83,2,4135.32,1,7499.18,0,1,65.29,61.82,11.93,3
351.83,0.06,7.11,795.04,27.12,22.33,395.52,9.52,14.17,1542.38,2,2990.4,1,14298.75,1,0,9.74,36.42,14.58,1
330.81,3.13,10.42,1103.91,29.84,24.73,98.77,0.0,0.0,1533.49,1,2785.42,1,12386.99,0,0,14.15,37.83,2.04,0
529.02,4.25,14.7,488.41,11.52,17.73,897.08,22.23,26.81,1914.51,3,4860.43,2,10911.38,0,0,28.15,19.31,36.22,0
410.63,3.01,18.96,1097.07,25.25,25.4,912.76,19.5,20.36,2420.47,2,4361.32,1,14797.76,0,0,20.94,38.11,36.16,0
549.78,6.74,10.71,963.6,23.11,35.63,1343.71,30.4,26.51,2857.08,1,4381.34,1,11226.94,0,0,29.54,40.8,45.52,0
765.76,6.52,17.97,1169.74,35.71,45.73,202.88,10.44,7.31,2138.39,3,5826.92,3,1806.99,0,1,39.67,48.87,9.85,0
1186.99,9.61,31.71,987.24,35.6,37.3,654.53,16.38,22.58,2828.76,1,5819.48,3,7666.47,1,0,62.0,38.43,31.61,1
516.02,4.03,14.36,980.96,30.81,30.68,675.52,20.11,26.29,2172.5,2,2172.6,0,3051.77,0,0,21.17,47.34,29.29,2
1263.7,12.37,25.82,1192.82,28.79,46.94,1076.75,41.2,33.58,3533.26,2,4992.22,2,872.49,0,1,68.85,51.88,58.65,3
1017.01,9.22,18.22,335.2,8.34,11.46,1472.27,45.08,42.19,2824.48,2,2927.18,0,14917.86,0,0,56.76,7.78,71.43,2
404.07,2.83,10.96,1099.81,32.58,25.35,138.07,0.22,1.35,1641.95,1,4512.01,2,13726.58,0,0,20.39,44.67,8.21,0
1304.98,9.21,21.95,909.99,23.7,29.52,913.45,22.05,16.03,3128.42,0,4619.66,1,9378.58,1,0,57.1,30.73,32.28,1
384.36,3.47,9.34,586.03,16.27,23.42,650.36,26.28,18.17,1620.76,0,3572.55,1,10064.99,0,0,16.21,25.22,31.62,0
296.27,1.39,15.45,1365.86,30.74,40.0,356.88,9.76,15.91,2019.01,2,3394.9,1,4400.13,0,0,10.24,53.86,19.85,2
299.7,3.01,6.63,1126.72,34.77,37.27,533.01,14.78,12.11,1959.43,3,3819.18,1,1131.8,0,0,13.34,55.05,23.97,0
683.81,4.02,12.1,883.07,16.42,28.67,1195.35,33.76,33.01,2762.23,2,4876.53,2,12078.23,0,0,25.84,34.49,48.43,0
223.64,0.0,9.2,664.67,28.63,23.15,942.16,35.02,23.12,1830.48,2,1955.54,0,8628.12,0,0,4.16,35.65,41.06,0
238.26,3.36,10.58,384.42,10.81,9.61,547.83,18.44,17.85,1170.51,0,2224.29,0,6985.52,1,0,13.42,12.2,22.36,1
213.05,1.34,11.84,645.41,16.45,11.64,455.84,19.62,1.68,1314.3,0,1724.37,0,10104.88,0,0,6.69,25.19,19.24,0
1308.74,12.04,31.95,1147.17,26.64,45.37,251.34,12.68,5.48,2707.24,1,4264.58,1,7439.61,1,1,69.98,44.34,13.35,1
511.44,3.78,10.68,419.53,8.55,11.1,535.88,21.19,18.75,1466.85,1,2336.31,0,6064.15,0,0,22.14,13.93,24.47,0
972.15,7.25,22.34,868.27,17.99,33.64,491.24,9.06,15.01,2331.66,1,4614.11,2,10831.92,0,0,45.14,35.53,21.95,0
357.0,3.92,12.64,1136.76,29.69,31.36,512.32,1.15,9.29,2006.08,1,3518.52,1,8037.6,0,0,20.82,45.56,16.32,2
621.67,4.44,9.69,1147.82,40.58,29.02,184.13,10.12,6.86,1953.62,1,4090.12,1,2654.63,1,0,28.5,45.24,9.37,1
164.77,2.78,14.39,545.45,15.01,10.55,915.14,24.5,21.55,1625.36,0,2873.59,0,10642.23,0,0,8.3,20.34,32.87,0
515.19,2.84,8.08,1436.61,53.03,38.55,1137.64,22.54,26.56,3089.45,1,4065.69,1,5755.03,0,0,17.88,62.15,44.51,2
769.91,6.9,16.59,857.88,14.78,26.17,563.05,16.79,15.97,2190.84,2,1768.29,0,11601.24,0,0,34.03,31.52,28.61,0
68.15,1.79,6.45,204.16,4.52,10.88,1010.86,26.25,27.75,1283.18,2,3242.81,1,14652.79,0,0,8.19,7.53,40.1,0
335.08,1.16,12.06,738.72,15.78,23.94,641.59,20.43,18.39,1715.39,0,3714.46,2,7633.81,0,0,19.18,28.78,24.82,0
554.5,4.38,16.9,1411.47,38.58,38.37,513.44,9.47,12.03,2479.41,3,5270.3,2,11159.32,0,0,32.33,58.45,13.06,0
300.25,2.68,11.11,633.39,19.08,13.63,621.47,22.89,25.17,1555.11,1,1555.1,0,8135.52,0,0,12.51,27.31,27.87,0
1181.13,8.84,24.51,587.37,8.02,23.08,723.66,13.21,16.76,2492.15,1,2483.93,0,14572.27,1,0,59.83,14.04,25.83,1
620.46,3.16,17.52,823.81,23.8,37.24,1018.67,20.27,31.66,2462.95,3,3726.94,1,8520.23,0,0,26.51,40.32,38.59,0
792.54,7.54,17.2,433.39,10.43,22.77,528.59,11.75,23.17,1754.52,2,3546.58,1,6512.75,0,0,40.68,17.99,27.87,0
519.27,2.83,12.39,1276.93,35.39,46.92,667.3,16.16,18.78,2463.5,1,5892.55,2,5365.0,0,1,25.66,56.08,20.29,0
782.66,6.67,13.06,1452.06,46.69,44.56,577.35,17.3,17.26,2812.08,0,6298.08,2,3170.77,0,0,37.77,65.0,25.49,0
689.32,2.89,12.64,1478.56,46.98,41.13,810.9,21.91,22.39,2978.77,3,3912.49,1,5524.44,0,0,19.85,61.95,30.64,0
163.96,2.39,13.55,122.51,6.05,8.7,1493.8,46.06,45.71,1780.27,2,4298.43,2,9086.62,0,0,11.4,1.84,64.81,0
143.1,2.11,8.41,251.6,1.78,0.0,1284.52,30.37,28.83,1679.23,2,2867.77,1,905.79,0,0,11.86,1.56,55.17,0
741.48,4.6,23.99,1187.93,34.94,39.45,1741.23,54.71,47.13,3670.63,1,5667.96,2,7022.65,0,0,39.13,50.16,78.72,0
496.43,3.96,10.94,1044.4,24.03,32.34,911.9,32.12,25.18,2452.73,2,3655.21,1,4696.31,1,0,26.33,43.01,40.06,1
341.08,2.65,7.15,1359.78,44.42,47.5,1676.33,53.39,46.89,3377.18,1,4469.66,1,14058.81,0,1,17.78,63.93,70.06,2
275.64,2.08,12.99,149.19,2.96,0.06,1147.52,26.32,27.9,1572.35,1,1188.62,0,10147.09,0,0,10.92,2.92,41.63,0
434.65,4.24,13.21,350.06,8.44,12.43,455.15,12.94,17.02,1239.86,3,2835.59,1,10434.15,0,0,24.9,13.92,22.13,0
555.57,4.45,12.25,714.22,18.52,22.98,323.29,10.82,9.88,1593.08,0,4268.93,2,9869.99,0,0,29.07,33.15,13.02,0
777.75,5.5,19.81,636.96,15.44,18.19,747.98,20.22,18.37,2162.69,3,3350.95,1,10527.3,1,0,40.07,17.69,28.72,1
777.41,6.78,19.98,1169.15,27.22,29.23,665.42,12.6,8.79,2611.98,1,4585.97,2,4347.88,1,0,39.95,43.59,25.21,1
1036.17,9.3,26.65,466.54,8.51,17.13,1962.13,56.23,48.01,3464.84,3,6171.78,2,9803.56,3,0,53.75,7.11,82.82,0
178.75,1.25,6.16,728.02,21.73,17.77,427.18,9.87,9.59,1333.95,1,4398.37,2,6991.04,0,0,6.15,26.44,10.05,0
668.22,5.63,13.63,1356.89,31.99,40.85,400.21,11.2,13.27,2425.33,1,4727.79,2,9288.57,0,0,36.27,57.82,21.89,0
488.24,3.51,12.51,423.85,14.77,15.68,961.52,37.25,19.41,1873.62,0,4080.6,2,6883.1,0,0,23.81,16.32,42.21,0
580.72,3.72,14.68,661.85,19.45,24.67,1497.88,41.37,33.58,2740.45,2,2788.59,0,11859.42,0,0,27.84,28.91,59.25,0
526.03,3.48,15.56,731.68,20.53,33.32,1360.18,39.27,43.21,2617.9,3,3329.83,1,5611.72,0,0,20.51,38.78,58.55,0
122.45,1.58,3.6,905.19,23.99,24.05,1193.46,42.5,27.37,2221.1,2,2183.71,0,12787.04,0,0,8.94,37.74,55.38,0
400.04,3.5,10.06,756.35,25.64,27.48,750.07,26.41,12.43,1906.46,2,2031.77,0,3457.51,1,0,17.67,31.03,35.75,1
570.75,3.75,15.17,576.2,13.63,13.72,272.25,8.6,9.56,1419.2,1,3304.25,2,13023.94,0,0,26.53,19.44,8.34,0
715.87,5.62,21.71,598.33,10.17,15.36,344.2,2.93,7.57,1658.41,2,1451.88,0,7421.18,0,0,34.51,18.23,13.43,0
786.76,5.06,16.38,411.89,3.5,16.7,613.82,10.48,10.72,1812.47,0,2461.03,1,5809.05,0,0,38.24,4.42,14.0,0
198.19,1.71,6.9,185.93,3.34,10.7,1061.47,34.23,30.48,1445.58,2,2552.74,1,6541.39,0,0,12.4,5.58,44.87,0
627.13,4.3,17.38,552.06,7.26,9.51,597.49,19.33,10.73,1776.67,3,4157.71,2,10523.83,0,0,29.68,17.26,26.54,0
754.71,6.77,11.12,1411.05,39.87,37.04,1133.03,32.52,28.64,3298.8,1,5473.87,2,3805.71,0,0,37.01,63.99,41.74,0
697.83,6.47,14.46,971.29,35.0,41.7,452.23,17.82,1.73,2121.34,0,6269.06,3,9880.07,0,0,31.89,48.81,16.82,0
134.64,0.0,8.09,166.12,6.11,3.31,308.44,7.54,5.21,609.2,2,1447.96,0,8521.92,0,0,3.77,5.12,6.41,0
592.9,5.67,16.87,377.19,0.77,5.72,1812.09,49.02,45.07,2782.19,3,6689.65,3,227.85,0,0,30.89,3.43,69.72,0
531.21,3.84,12.82,394.64,10.81,13.59,696.98,21.26,13.13,1622.83,3,4449.48,3,1682.12,0,0,20.62,14.06,20.87,0
358.64,2.9,7.39,483.39,12.26,15.03,2031.98,65.99,46.77,2874.01,3,6519.84,3,4289.33,3,0,20.89,21.97,86.58,0
898.77,7.65,19.23,764.98,25.05,25.39,1388.15,43.05,33.41,3051.9,2,5052.37,2,10353.4,0,0,51.59,25.09,55.7,0
821.93,6.87,25.38,1181.89,30.82,34.66,471.03,5.91,13.23,2474.85,1,3217.78,1,4010.02,0,0,46.73,44.13,11.2,2
491.02,3.11,12.17,823.2,15.0,21.91,969.51,27.65,28.8,2283.72,1,3855.27,1,13067.08,0,0,21.3,31.91,44.32,0
465.77,3.66,12.97,836.32,15.38,13.93,108.31,3.68,1.68,1410.4,3,2969.42,1,2434.58,0,0,24.64,27.84,6.77,0
306.52,1.97,7.21,749.3,24.44,20.5,753.87,16.31,12.53,1809.69,2,2069.83,0,166.07,0,0,13.08,36.68,21.02,0
352.7,1.03,8.2,899.69,27.37,26.14,1586.3,49.6,48.08,2838.69,2,4725.47,2,14193.7,1,0,8.99,33.19,73.7,1
878.82,8.58,20.9,792.23,29.86,36.36,1396.23,34.96,35.72,3067.28,2,7162.69,3,4514.42,0,0,49.61,38.93,49.06,0
1015.85,9.94,28.41,184.32,2.21,16.92,668.19,21.99,10.61,1868.36,2,3959.53,1,7528.3,0,0,59.55,6.94,29.44,2
1073.61,8.1,19.87,662.95,14.16,31.05,164.35,10.09,9.07,1900.91,0,2624.61,1,8375.93,0,0,51.51,29.24,7.48,2
1319.38,11.18,32.9,522.22,5.61,20.41,851.24,28.52,22.62,2692.85,1,4779.93,2,5751.28,2,1,72.56,9.33,30.99,0
646.82,5.42,22.78,1169.58,37.18,34.71,481.88,17.72,11.34,2298.29,1,5659.02,3,919.71,1,0,36.7,57.02,25.11,1
556.01,4.66,16.28,384.82,9.6,9.87,1122.66,21.56,23.16,2063.49,1,3232.57,1,8397.21,0,0,26.92,14.89,35.25,0
734.88,6.0,14.33,658.62,17.91,24.98,935.94,24.02,16.81,2329.44,2,2484.38,0,14956.17,0,0,37.23,25.96,29.71,0
611.34,5.5,19.15,1230.84,35.59,29.28,986.92,21.04,16.72,2829.1,1,3491.7,1,10677.52,0,0,33.38,49.3,33.77,2
767.09,6.39,16.02,772.26,15.77,17.94,38.23,0.0,2.21,1577.57,1,2492.92,0,6344.27,0,0,35.67,23.37,4.58,0
547.03,4.66,13.72,413.11,0.0,7.97,1094.98,32.92,18.26,2055.12,2,3956.52,1,11809.07,0,0,29.41,8.23,39.79,0
579.03,6.12,16.39,179.84,6.58,12.06,1412.79,36.07,33.15,2171.66,2,3067.92,1,13065.85,0,0,31.39,7.94,54.72,0
696.56,5.21,19.15,530.36,12.74,17.14,984.65,32.87,22.11,2211.56,2,3018.51,1,8285.62,0,0,42.54,15.74,39.91,0
137.17,1.2,8.54,1004.07,30.17,31.43,1520.81,38.01,35.65,2662.06,2,5705.9,2,10680.09,0,0,14.09,46.44,61.21,0
929.42,8.83,23.21,1482.62,39.58,49.85,315.87,8.41,3.24,2727.91,1,4903.68,2,11596.24,0,1,46.14,64.53,7.46,0
709.69,6.22,19.65,522.06,13.89,19.68,300.65,18.2,8.33,1532.39,2,4851.87,3,3850.38,1,0,40.85,16.8,15.08,1
171.77,1.16,1.29,614.06,18.94,21.8,639.89,13.63,13.24,1425.73,1,3007.21,1,6902.42,0,0,5.78,28.66,26.98,0
910.66,7.02,21.22,1241.53,36.31,42.12,652.49,21.18,6.03,2804.69,3,5571.45,2,13607.19,1,0,37.58,56.57,26.94,1
1066.64,8.71,27.06,649.45,16.75,20.56,703.06,22.58,28.69,2419.15,3,4431.4,2,10590.22,1,0,52.75,23.3,34.76,1
373.58,3.32,12.47,1338.99,49.33,36.93,310.42,0.9,10.86,2022.99,2,3277.19,1,6687.98,0,0,16.18,64.48,6.59,2
920.86,7.67,22.67,665.77,10.55,21.36,577.25,24.18,13.13,2163.88,2,4275.37,2,3931.55,0,0,44.83,17.98,17.01,0
1328.14,10.35,25.25,504.7,8.13,19.37,259.38,0.0,1.82,2092.22,3,5338.38,2,1981.58,0,0,59.75,13.09,5.64,0
548.09,5.9,13.45,1002.95,24.21,28.68,1179.34,30.86,27.74,2730.38,1,5793.71,3,14612.48,0,0,34.39,36.44,41.0,0
831.82,7.36,20.36,456.74,0.26,10.34,1043.55,25.71,18.07,2332.12,2,2955.0,1,14935.87,0,0,42.37,7.52,41.76,0
401.82,1.35,13.61,706.39,15.86,15.9,525.22,14.34,15.51,1633.44,1,1829.48,0,8014.74,0,0,11.33,23.19,19.69,0
945.28,7.89,22.16,802.8,31.65,24.81,415.52,12.52,8.28,2163.6,1,3196.13,1,133.33,0,0,46.7,35.92,17.31,2
782.11,5.35,21.76,1069.4,23.41,27.27,512.12,14.99,5.45,2363.63,1,3925.86,1,2979.58,0,0,33.65,43.61,17.93,0
981.86,8.39,28.64,362.47,8.1,30.03,734.77,28.89,29.58,2079.1,0,3636.78,1,4205.48,0,0,52.88,12.9,41.56,2
853.99,6.43,21.89,712.1,14.15,10.46,1549.06,40.74,37.01,3115.15,1,5367.23,3,6945.05,1,0,48.56,15.64,58.31,1
829.26,4.96,15.2,931.29,19.94,23.54,547.48,14.7,9.47,2308.03,2,4239.08,1,10861.94,0,0,33.13,35.15,19.01,0
691.98,5.28,15.5,486.53,13.44,12.9,1145.16,31.88,25.49,2323.67,0,2889.64,0,4576.14,0,0,33.66,18.12,42.81,0
558.92,4.91,12.65,997.73,34.68,26.59,456.21,11.78,3.14,2012.86,2,2640.15,0,4962.52,0,0,22.94,44.52,11.44,0
735.16,4.97,13.44,520.55,3.38,12.69,858.67,20.42,21.04,2114.38,1,2533.15,0,2802.85,0,0,32.45,13.46,31.59,0
1253.99,9.75,27.51,1250.59,42.55,37.8,1002.87,27.08,29.58,3507.45,1,4668.46,1,8382.89,0,0,59.54,51.94,46.14,2
653.5,5.99,18.56,587.38,19.16,25.74,448.05,19.0,20.41,1688.93,3,1107.63,0,5397.9,0,0,30.55,28.07,31.55,0
1187.94,8.62,20.47,1323.91,34.27,43.18,617.76,11.8,0.0,3129.62,1,4454.81,1,1879.57,0,0,60.05,51.44,14.07,2
1191.79,9.22,31.2,1556.63,35.36,49.24,1288.53,33.41,33.59,4036.95,2,5210.26,1,7018.87,0,1,59.56,59.23,54.4,2
335.81,3.43,9.39,1310.53,39.27,40.3,1093.54,28.17,23.8,2739.88,3,5761.34,2,9987.19,0,0,17.06,59.83,47.15,0
666.23,6.44,13.88,1614.43,41.51,44.33,464.33,8.82,14.51,2744.99,2,2992.96,0,7212.32,0,0,27.9,69.29,18.21,2
384.47,1.52,12.73,1053.13,26.02,30.25,253.22,3.99,5.45,1690.82,2,4014.33,1,10906.94,1,0,19.45,49.2,9.52,1
1109.21,8.27,20.78,550.52,11.56,25.05,1461.61,40.13,46.2,3121.35,1,4869.9,2,8108.98,0,0,52.26,15.56,62.42,0
715.21,5.58,14.34,412.59,8.76,13.92,395.53,10.19,6.31,1523.33,2,4243.47,1,7014.7,0,0,31.76,11.87,14.23,0
500.21,5.98,14.11,830.19,17.63,27.99,1140.72,32.51,22.72,2471.12,1,1940.72,0,2704.26,1,0,33.15,34.79,47.23,1
1008.06,9.47,21.79,852.36,26.42,31.97,260.64,8.46,1.92,2121.07,0,3057.25,1,6048.16,0,0,47.97,36.64,8.86,2
1378.13,10.86,28.13,1073.49,24.98,40.46,1964.62,53.89,48.74,4416.24,2,8051.54,3,2384.39,1,0,71.08,43.16,81.17,1
1450.98,11.05,30.71,1092.23,31.38,34.64,1639.17,49.85,35.92,4182.37,3,4940.0,1,1433.61,2,1,70.24,44.0,67.11,0
707.73,3.05,10.56,790.03,25.95,27.46,774.4,19.66,10.58,2272.16,1,4723.64,1,656.65,0,0,27.17,34.22,33.54,0
1197.7,9.96,27.89,898.26,14.53,42.28,419.69,17.96,11.02,2515.65,1,6146.37,3,2209.73,0,0,61.6,32.86,14.1,0
936.13,7.77,17.71,891.39,23.24,29.54,267.67,3.61,16.33,2095.19,2,2292.63,0,363.2,0,0,45.98,33.45,13.37,2
796.15,8.95,23.95,736.77,20.57,31.5,665.22,16.45,19.54,2198.14,1,3727.15,1,12605.89,0,0,45.49,25.8,23.31,2
1406.74,13.28,33.5,1125.19,24.83,40.73,486.11,8.76,4.77,3018.04,2,5355.25,2,6582.62,2,1,74.46,42.1,10.32,3
456.39,3.38,3.33,490.49,11.82,15.27,1096.57,32.25,22.75,2043.45,2,6041.5,3,2712.27,0,0,13.55,18.92,41.74,0
561.95,3.73,16.9,996.99,35.83,34.62,622.78,10.18,14.54,2181.72,1,1575.43,0,1761.04,0,0,26.77,46.62,24.59,2
1228.27,9.89,18.05,341.89,1.06,6.39,701.9,17.76,23.89,2272.06,2,5529.9,2,13049.0,0,0,59.67,3.69,32.21,0
544.35,4.45,10.55,369.08,17.33,10.47,1242.34,33.92,27.25,2155.77,0,5441.15,3,919.33,0,0,25.89,18.9,49.27,0
799.36,6.85,22.27,1246.14,46.13,42.06,690.14,18.6,17.16,2735.64,2,4417.04,2,10431.61,0,0,40.48,57.79,29.98,0
515.13,3.43,10.94,987.31,38.94,39.94,512.27,15.63,20.41,2014.71,0,5382.7,3,12608.27,0,0,21.62,47.83,19.06,0
303.36,4.96,18.56,293.98,5.02,9.37,867.92,20.48,19.68,1465.27,2,2544.05,0,14508.33,0,0,25.35,10.25,31.88,0
900.06,6.74,22.49,908.57,19.43,31.2,323.34,12.7,14.24,2131.97,2,3103.07,1,3488.22,0,0,43.91,33.9,14.26,0
766.43,7.96,20.56,1094.73,32.62,31.78,1619.28,41.59,42.73,3480.45,0,6419.35,3,8417.05,0,0,48.13,43.14,69.04,0
491.93,4.88,11.42,1086.21,31.57,36.02,328.47,15.69,9.14,1906.61,0,2550.01,1,3787.17,0,0,23.25,45.96,15.56,2
869.94,9.34,26.17,1535.42,43.01,40.88,666.62,25.73,16.52,3071.98,1,4875.87,2,8553.25,0,0,47.6,62.09,27.68,0
503.26,3.92,13.59,817.02,30.19,29.34,372.7,15.49,3.1,1692.98,0,2904.32,1,4328.96,0,0,28.65,32.15,14.88,0
1032.78,7.86,15.65,387.89,9.11,17.5,466.23,10.2,8.64,1886.9,1,4119.08,2,12637.53,0,0,46.36,13.97,11.53,0
758.9,5.6,13.67,437.16,6.41,13.78,734.65,15.09,19.02,1930.7,1,3620.7,1,12050.66,0,0,32.74,13.3,28.32,0
758.81,7.26,19.12,279.66,0.0,16.17,458.78,13.05,7.55,1497.25,2,1564.78,0,10783.28,0,0,39.29,9.25,19.77,0
829.36,6.28,13.52,696.89,15.45,28.63,1489.92,44.48,43.92,3016.17,0,6060.7,3,8511.12,0,0,31.06,28.36,65.49,0
338.16,1.32,15.65,318.14,5.0,1.1,487.47,9.36,8.48,1143.78,0,2041.57,0,11408.64,0,0,9.93,8.93,13.4,0
547.34,4.21,12.39,436.91,14.21,17.2,1161.34,37.13,32.42,2145.58,1,3210.76,1,13576.07,0,0,26.67,15.19,55.79,0
564.87,5.71,15.49,992.62,31.87,23.01,1070.49,34.83,35.0,2627.98,1,4115.29,1,1169.17,1,0,35.33,37.62,48.22,1
603.14,5.1,12.37,753.61,21.16,21.05,353.79,8.1,4.16,1710.55,0,3405.09,1,1024.83,0,0,29.5,29.71,16.71,0
1331.02,12.23,32.95,336.7,5.39,10.42,703.07,13.63,18.04,2370.8,2,4626.58,2,1984.35,2,1,72.31,10.06,27.07,3
911.3,7.42,21.05,430.24,6.81,16.22,895.48,26.85,24.21,2237.03,2,3412.93,1,8810.77,0,0,48.24,12.75,36.0,2
811.71,7.7,21.03,854.2,22.58,26.69,573.42,18.0,14.67,2239.33,2,4686.71,2,3356.4,0,0,38.81,30.21,22.61,0
661.21,4.15,20.74,470.68,5.6,18.35,1133.09,28.93,26.45,2264.98,2,5153.95,2,12280.09,0,0,35.08,12.49,47.73,0
320.26,0.24,8.71,814.6,32.47,27.65,160.84,7.35,14.33,1295.71,2,1088.55,0,2106.1,0,0,7.48,41.47,9.28,0
666.01,6.07,18.14,1237.37,43.46,40.46,158.81,9.89,7.3,2062.19,2,4364.08,2,1394.53,0,0,34.91,55.43,7.34,0
833.36,7.29,17.64,977.31,31.05,35.42,750.91,19.11,12.71,2561.57,2,3276.46,0,6558.05,0,0,46.4,37.37,27.35,2
508.79,2.9,7.78,1644.33,48.89,56.48,674.15,25.78,17.35,2827.26,0,4100.12,1,10568.09,2,1,20.93,78.19,33.15,3
453.9,4.11,7.82,867.82,28.3,31.45,1118.72,26.71,21.48,2440.44,2,4271.46,1,10742.34,0,0,20.9,38.45,47.93,0
393.99,2.83,9.99,1336.4,41.17,47.08,874.64,20.99,18.12,2605.03,2,1988.64,0,1855.28,0,1,13.64,60.03,31.27,2
382.32,3.56,17.53,805.11,10.58,16.18,670.18,16.87,23.49,1857.6,1,2825.12,0,1411.03,0,0,16.03,25.19,25.37,0
1542.89,13.16,33.91,1699.7,46.5,62.7,1291.24,42.73,28.94,4533.84,1,8082.65,3,115.9,1,1,87.45,66.82,57.67,1
980.59,8.44,25.11,399.72,2.44,7.3,667.79,16.62,15.02,2048.1,3,2556.57,0,1693.09,0,0,48.68,5.72,22.97,0
724.06,7.01,20.51,394.44,8.42,11.79,301.72,12.45,6.33,1420.22,2,2391.4,1,13859.61,0,0,39.82,14.68,12.88,0
808.15,5.56,19.03,339.4,16.03,16.14,807.64,18.12,20.69,1955.18,1,5015.07,2,4944.97,0,0,39.8,13.72,32.34,0
1266.89,11.01,28.28,620.31,9.01,24.77,1076.46,31.03,30.49,2963.66,1,3380.28,1,2392.91,0,0,68.6,21.6,48.34,2
1062.77,9.66,23.14,313.58,3.02,16.76,609.67,24.55,18.92,1986.01,1,4634.26,2,12205.42,0,0,55.51,4.73,30.35,0
202.4,2.13,5.97,788.31,24.38,23.42,247.85,8.27,0.0,1238.56,2,2660.01,1,10789.31,0,0,6.61,33.79,7.7,0
460.04,2.74,13.06,995.79,18.26,34.6,1227.66,29.88,24.37,2683.49,2,5470.22,2,14511.01,0,0,17.85,41.21,46.2,0
790.29,5.83,22.25,724.15,15.6,23.73,705.11,15.1,12.02,2219.56,0,3617.72,1,750.54,0,0,41.91,21.96,22.75,0
502.65,6.97,16.29,557.9,9.8,16.69,1044.48,25.97,24.48,2105.03,2,2765.98,0,2195.53,0,0,35.88,12.73,40.03,0
616.12,5.48,15.6,407.61,18.85,15.57,1305.86,29.42,36.62,2329.59,2,4022.6,1,10748.44,0,0,34.04,22.17,51.99,0
312.23,0.46,7.56,1324.47,34.91,40.92,1535.9,44.29,46.02,3172.59,2,5009.53,1,4992.46,0,0,12.31,65.78,62.25,2
674.67,4.25,17.73,945.06,21.67,28.03,597.37,11.85,13.91,2217.1,2,4764.32,2,8846.11,0,0,27.78,31.27,23.97,0
916.42,8.13,23.44,2023.46,60.43,74.27,1293.72,41.55,34.47,4233.6,3,7121.54,3,9371.02,2,1,45.14,89.16,60.36,0
562.26,2.6,17.26,994.76,31.78,27.16,824.94,20.11,20.18,2381.95,2,3855.86,1,2342.02,0,0,22.37,43.42,32.64,0
286.55,1.82,6.34,83.7,8.5,12.99,268.43,1.47,3.41,638.67,2,514.46,0,6081.53,0,0,10.77,10.21,3.83,0
1002.19,7.78,20.74,184.63,4.29,12.92,670.49,23.29,20.89,1857.31,1,4728.08,2,905.55,0,0,50.26,4.67,22.46,0
246.49,1.62,13.58,1434.28,44.07,39.89,980.93,20.36,17.88,2661.7,3,5746.96,2,4838.2,0,0,10.33,62.24,39.42,0
1040.84,7.45,26.02,332.65,5.43,11.37,513.56,21.09,13.46,1887.05,3,3836.0,2,13213.59,0,0,48.72,8.17,17.71,0
754.22,5.23,12.58,983.02,27.37,27.16,1064.96,35.32,35.02,2802.2,3,3465.44,0,2326.99,0,0,30.14,38.41,50.67,0
534.25,4.55,12.65,1534.19,42.14,48.01,998.15,26.49,16.85,3066.59,2,5035.35,2,5776.57,0,1,29.52,70.78,34.19,0
926.06,7.89,21.86,1014.21,32.8,30.38,570.44,9.61,18.62,2510.7,2,2900.2,1,13178.65,0,0,46.0,29.4,22.35,2
418.54,3.56,17.16,1162.05,38.45,41.58,991.0,40.02,26.3,2571.59,2,4550.41,2,10816.71,0,0,24.11,51.21,50.53,0
1272.14,10.3,22.87,266.36,12.58,14.9,681.94,18.99,10.58,2220.43,1,3243.89,0,5643.66,0,0,58.8,8.45,27.53,2
442.66,3.11,12.05,805.2,21.69,20.24,701.78,17.06,15.54,1949.63,2,2907.7,1,9486.16,0,0,19.39,30.95,27.45,0
846.7,5.86,23.21,824.65,23.86,30.12,1662.7,45.83,44.49,3334.06,1,4425.16,2,13344.71,0,0,42.68,30.96,69.05,0
375.58,2.75,11.91,380.04,4.33,12.54,622.25,9.01,7.09,1377.86,2,2208.21,1,13598.11,1,0,21.48,15.39,24.52,1
735.18,5.06,17.86,1362.05,47.26,46.56,721.0,17.9,11.84,2818.23,0,5631.47,2,4648.91,0,1,37.4,57.99,31.31,0
775.53,5.36,22.91,982.39,29.56,31.07,397.71,7.68,14.13,2155.63,2,3863.16,1,4917.46,0,0,38.98,34.54,16.39,0
722.62,5.43,17.91,406.48,4.57,12.9,977.27,24.15,23.58,2106.37,0,1948.01,0,10040.51,0,0,40.47,11.95,40.32,0
321.2,1.17,13.26,691.47,21.34,26.6,591.51,20.43,15.68,1604.17,0,2082.33,0,4912.79,0,0,12.73,33.94,23.63,0
963.3,8.46,23.06,874.35,21.17,31.32,829.42,18.54,17.07,2667.08,2,5303.88,2,5434.07,0,0,52.89,31.25,24.55,0
1021.0,8.65,19.36,629.5,18.15,23.35,703.12,25.99,11.74,2353.62,2,2170.06,0,4299.08,0,0,50.35,23.63,29.36,2
740.58,5.49,21.05,488.57,8.32,17.95,305.65,2.81,5.65,1534.79,2,2334.28,0,1240.39,0,0,41.08,13.13,13.3,0
464.68,2.66,10.39,545.1,12.8,8.76,1310.39,31.79,30.16,2320.17,3,3329.82,1,6696.36,0,0,20.67,14.32,50.54,0
420.82,3.81,8.42,916.88,32.54,29.39,463.53,13.07,6.61,1801.22,1,1943.54,0,9062.07,0,0,19.8,45.09,16.97,2
1060.03,8.37,29.48,801.19,27.58,36.46,1692.66,45.4,39.64,3553.88,1,6351.54,3,13098.97,0,0,53.11,37.82,68.71,0
373.16,1.12,11.7,446.37,3.65,5.04,752.74,18.79,22.03,1572.26,2,1896.28,0,12462.95,0,0,15.55,5.02,30.52,0
513.86,3.82,12.33,1092.72,38.37,34.69,616.47,15.75,4.17,2223.05,2,3940.13,1,5853.45,1,0,23.68,46.92,20.67,1
1218.11,10.93,27.38,871.25,28.81,29.27,885.28,18.24,18.89,2974.64,1,5108.55,2,14705.78,0,0,66.52,36.32,30.41,0
573.63,4.25,18.33,443.09,12.47,16.7,740.98,7.36,9.68,1757.69,1,1756.8,0,253.5,0,0,24.96,19.92,23.1,0
807.62,8.06,23.52,392.35,12.51,16.38,791.99,17.2,15.94,1991.95,2,2164.79,1,11107.93,1,0,39.15,12.62,28.45,1
620.23,3.75,12.88,802.03,18.24,21.56,30.0,7.33,1.07,1452.26,3,3349.17,1,9574.28,0,0,27.18,31.01,3.47,0
1219.63,11.03,27.99,1154.44,37.59,47.21,292.13,11.11,10.08,2666.2,2,4754.45,2,7458.91,0,1,63.43,56.79,16.07,0
1264.47,10.64,27.21,979.45,25.92,33.41,1656.59,47.87,41.61,3900.51,2,4435.01,1,4292.78,0,0,66.6,31.99,69.84,2
1027.6,9.52,27.31,965.77,30.04,31.12,307.86,13.79,11.12,2301.23,3,4432.01,2,5433.61,0,0,57.16,39.65,16.53,0
707.39,5.53,17.17,582.65,9.82,3.75,617.19,18.42,19.8,1907.23,1,4821.81,3,641.07,0,0,37.79,12.55,28.89,0
664.13,4.99,11.3,409.58,8.79,9.2,681.07,6.0,7.39,1754.77,2,2973.67,1,12634.75,0,0,34.55,9.87,22.78,0
1023.3,6.7,18.75,1247.35,39.59,29.51,303.59,2.85,6.24,2574.24,1,4368.35,2,12653.48,0,0,48.13,47.18,12.73,0
869.12,6.72,25.41,1102.64,31.56,40.02,1083.59,30.56,25.5,3055.34,1,2747.29,0,3564.75,0,0,49.37,45.4,47.75,2
532.29,5.51,13.72,949.86,26.68,33.61,745.73,22.24,12.03,2227.87,2,4883.81,2,13336.41,0,0,31.08,38.1,31.6,0
1004.18,7.84,25.44,701.52,17.33,15.78,296.61,7.34,0.0,2002.31,2,4254.45,2,14912.64,1,0,51.66,16.91,3.88,1
700.35,8.1,19.37,400.51,6.36,12.39,417.9,3.92,9.58,1518.77,3,3842.7,2,9072.43,0,0,37.87,15.11,9.17,0
241.6,1.33,6.6,472.52,9.57,10.43,1359.79,37.42,27.24,2073.91,1,4331.85,1,9948.4,0,0,10.68,16.31,47.1,0
440.44,4.05,12.23,1397.78,45.0,37.97,280.2,7.17,4.91,2118.43,2,3958.4,2,763.56,0,0,21.98,60.41,4.75,0
767.51,6.6,17.47,1385.81,34.46,36.89,744.08,13.28,15.26,2897.4,0,3855.31,1,9986.13,0,0,41.0,52.83,22.56,2
789.28,5.39,18.84,565.46,15.29,14.6,763.64,24.68,16.68,2118.38,3,3657.15,1,2493.06,0,0,42.8,21.56,33.82,0
754.57,5.58,14.21,553.83,10.83,21.42,760.47,27.61,24.28,2068.87,2,3799.82,1,9764.77,0,0,41.62,22.19,36.88,0
1232.23,9.3,27.63,932.04,20.17,25.83,1336.08,39.64,27.92,3500.35,1,5074.77,2,9685.66,1,0,65.65,27.31,53.89,1
165.44,2.97,7.2,1055.42,27.74,25.17,953.07,27.37,26.96,2173.93,3,2448.64,0,2996.83,0,0,11.25,48.71,40.1,0
830.04,7.28,18.87,727.61,16.79,24.75,1565.03,44.22,33.3,3122.67,0,2800.14,0,3829.5,1,0,38.98,31.53,59.46,1
1010.01,10.44,26.04,1049.25,31.38,37.51,1059.41,37.76,22.15,3118.67,3,6119.25,2,2933.64,0,0,55.6,43.1,45.81,0
835.53,4.62,20.85,583.48,22.14,23.06,662.76,29.22,17.85,2081.77,0,3551.3,1,130.01,0,0,39.96,26.61,28.82,0
428.2,2.47,11.09,1240.88,38.9,39.67,1081.19,33.77,25.02,2750.27,3,4020.64,1,11932.2,0,0,22.27,55.34,46.4,0
448.76,3.02,8.62,590.13,32.15,33.75,1556.31,47.27,42.62,2595.2,1,4609.45,1,8125.4,0,0,15.88,38.03,66.84,0
311.62,1.42,8.99,918.82,29.08,25.86,386.66,7.89,10.85,1617.11,1,4192.93,2,8106.45,0,0,12.69,39.21,13.34,0
439.78,4.52,16.95,1143.88,38.16,45.18,1095.55,28.7,15.07,2679.2,2,4641.34,2,1267.27,0,1,24.77,57.69,45.02,0
1020.8,6.23,17.87,960.99,27.75,21.77,481.82,1.76,20.79,2463.62,3,1807.56,0,8354.48,0,0,41.16,32.03,11.69,0
595.48,4.44,13.62,324.76,10.39,0.0,431.26,7.69,7.31,1351.51,1,2438.65,1,7210.16,0,0,30.49,11.69,20.75,0
1425.2,10.9,28.72,1244.48,37.83,42.81,1132.42,33.07,28.88,3802.1,1,6526.63,2,10582.75,2,1,77.21,51.28,43.36,0
249.37,1.39,10.58,1099.59,40.27,30.4,750.86,16.46,14.31,2099.82,2,2954.78,1,7822.05,0,0,11.58,49.53,26.86,2
642.82,5.02,14.45,1002.36,26.68,25.23,277.17,2.5,5.56,1922.36,0,3274.13,1,12557.69,0,0,29.5,40.23,7.06,0
252.9,1.78,7.61,788.14,25.98,25.67,755.13,20.11,14.42,1796.16,1,2870.3,1,5914.53,0,0,16.06,33.32,28.19,0
256.45,1.53,5.83,453.49,16.16,14.9,1472.06,49.24,44.81,2182.01,2,2384.5,0,11817.79,0,0,9.2,25.9,64.86,0
1373.24,11.86,34.78,1008.57,24.11,35.83,594.03,18.82,11.81,2975.83,1,6325.3,3,3069.04,2,1,79.34,34.44,29.24,3
1119.55,8.67,25.76,937.95,20.37,32.51,797.81,12.2,22.4,2855.32,3,4796.07,2,1688.56,0,0,58.08,35.08,30.44,0
791.28,4.96,15.07,1245.6,39.06,44.27,1552.5,42.91,33.53,3589.38,3,6566.85,3,4080.56,0,0,34.51,54.19,68.64,0
932.76,8.35,24.17,1281.71,38.18,37.63,911.29,32.04,21.2,3125.76,3,5814.46,2,7041.71,0,0,49.84,50.22,34.69,0
481.26,3.62,14.53,448.01,13.69,13.7,555.79,21.74,8.03,1485.06,3,4017.56,2,14650.11,0,0,18.35,20.02,22.63,0
250.09,4.17,12.87,492.01,18.36,22.82,1286.9,43.6,33.17,2029.0,3,3716.42,1,9551.48,0,0,16.87,24.23,50.52,0
103.91,1.28,7.05,738.73,11.94,24.55,455.09,7.98,8.43,1297.73,2,3561.12,2,217.2,0,0,4.09,29.75,11.77,0
825.08,7.78,26.42,716.61,26.34,36.26,472.86,5.33,10.02,2014.56,3,3613.28,1,11063.46,0,0,46.84,35.05,13.21,0
1281.08,10.74,29.36,1057.93,22.22,40.86,398.72,5.45,3.92,2737.73,0,4661.96,2,155.62,0,0,58.25,39.24,8.34,0
504.05,4.28,14.07,249.39,11.98,2.47,670.08,16.17,14.8,1423.53,2,757.32,0,6601.27,0,0,25.37,11.23,26.43,0
209.57,2.11,11.56,1021.28,31.04,21.51,733.24,23.87,14.27,1964.09,2,1959.73,0,3079.53,1,0,10.09,39.04,24.69,1
897.93,8.22,23.26,440.79,9.63,28.82,1099.96,32.27,23.86,2438.68,2,4105.42,1,6106.46,0,0,46.59,18.83,47.59,2
823.6,6.74,17.85,504.78,13.74,24.15,308.94,21.74,17.76,1637.31,0,3352.14,1,4022.63,0,0,41.28,22.71,12.43,0
843.92,7.0,25.23,1012.58,25.71,33.19,586.16,18.16,10.12,2442.65,1,2083.95,0,9243.7,0,0,44.09,28.87,22.18,0
352.59,3.14,17.21,828.13,25.33,24.8,673.61,20.01,10.74,1854.32,1,4569.57,2,800.82,0,0,20.44,28.53,20.56,0
694.74,4.05,18.45,410.87,13.58,17.83,1174.53,28.69,31.41,2280.13,1,2425.36,0,2191.32,1,0,28.15,16.85,50.22,1
1232.97,9.08,27.62,1005.87,28.8,40.52,1372.16,46.11,30.71,3610.99,3,4382.72,1,1690.84,0,0,59.22,44.09,54.17,0
403.21,3.49,13.6,334.92,3.47,11.93,1089.57,34.91,31.13,1827.7,2,3117.75,1,13421.93,0,0,16.48,15.41,49.98,0
1008.9,7.18,21.62,1193.55,35.74,38.32,672.16,23.41,13.59,2874.61,3,6917.44,3,5638.13,1,0,50.36,46.82,34.98,1
697.43,5.45,19.96,592.17,11.42,13.98,840.34,21.48,21.64,2129.94,2,3226.58,1,9577.55,0,0,33.34,19.68,36.31,0
717.06,5.97,14.23,219.89,5.29,7.61,968.65,22.81,20.34,1905.6,2,1634.75,0,12868.07,0,0,37.42,3.88,40.17,0
903.41,6.58,20.91,1050.76,26.56,27.84,574.24,13.71,12.1,2528.4,1,3850.12,1,14838.3,0,0,48.26,33.22,17.48,2
1462.19,11.82,21.87,542.04,11.1,25.68,1109.46,29.05,34.55,3113.69,1,4807.34,2,10395.69,0,0,69.7,17.08,47.39,0
707.84,4.07,17.44,726.91,27.09,31.82,835.13,23.65,23.49,2269.87,1,3420.1,1,4387.44,0,0,32.1,37.48,26.53,0
171.33,1.16,11.93,695.7,16.66,15.75,705.59,16.73,13.61,1572.63,2,1973.06,0,14717.5,1,0,10.98,16.29,25.7,1
114.68,0.56,11.32,940.5,25.95,31.43,393.52,9.72,0.0,1448.7,2,2933.18,1,9285.5,0,0,3.93,38.36,14.85,0
1073.4,9.68,22.91,783.12,17.83,31.62,531.03,9.07,12.7,2387.56,0,4671.73,2,14878.26,0,0,53.02,28.73,18.99,0
515.03,4.02,13.58,1157.66,36.61,37.65,1232.72,42.44,32.55,2905.41,0,4119.38,1,4062.92,0,0,22.53,49.96,56.74,2
742.31,5.76,17.01,1123.57,31.99,29.72,326.9,6.82,3.33,2192.78,2,3817.23,1,11261.08,0,0,34.45,46.91,11.8,2
95.37,2.27,13.04,184.16,9.37,2.67,866.77,22.5,22.7,1146.31,1,1994.93,0,5835.9,0,0,7.46,12.7,36.12,0
404.01,2.44,11.8,339.99,11.89,11.42,254.78,0.9,4.81,998.79,1,2733.41,2,9530.98,0,0,16.58,11.1,6.61,0
652.37,5.89,19.96,256.14,0.0,6.03,619.67,21.72,18.1,1528.17,2,1137.03,0,9609.11,0,0,26.84,3.12,25.41,0
906.4,8.82,27.15,1303.38,38.61,42.22,1587.78,46.52,37.55,3797.56,3,6778.08,3,3170.64,1,0,52.6,51.86,65.96,1
697.31,4.36,16.56,238.32,8.97,10.74,547.14,18.18,14.44,1482.78,3,2343.52,0,13754.29,0,0,26.56,16.35,28.09,0
1243.06,8.67,25.43,478.89,5.71,18.69,1001.8,29.65,19.34,2723.75,1,5109.8,2,12398.0,0,0,63.15,10.03,36.42,0
361.69,3.21,7.06,1027.48,30.48,27.02,794.43,23.39,16.56,2183.6,2,2013.49,0,1885.35,0,0,15.16,43.28,32.12,0
195.75,2.14,9.0,727.63,21.6,22.9,812.3,20.92,20.32,1735.68,2,1621.45,0,12648.12,0,0,10.66,31.54,29.36,0
597.66,4.88,16.35,213.69,0.0,13.84,873.28,19.18,15.33,1684.63,2,4066.45,2,7676.6,0,0,31.59,8.52,30.87,0
559.47,4.13,11.42,565.5,15.31,15.33,1080.73,33.74,20.79,2205.71,2,4541.01,2,11132.34,0,0,28.32,13.97,44.19,0
328.91,4.84,15.31,1736.69,60.87,47.82,1189.53,35.21,29.59,3255.12,1,4220.31,1,3280.06,2,1,20.17,80.48,46.04,2
717.76,5.26,18.44,1484.67,45.81,46.58,1481.74,44.28,38.76,3684.17,3,5709.26,2,14948.14,0,1,36.83,66.28,61.63,0
473.37,4.41,15.8,1249.69,42.86,45.47,993.77,28.13,31.43,2716.83,2,5240.08,2,6862.13,0,1,25.82,55.89,39.64,0
531.63,3.56,17.82,650.14,21.53,22.2,399.67,18.92,19.71,1581.44,1,3147.27,1,11389.41,0,0,22.06,33.03,16.3,0
795.66,9.08,21.33,1223.26,24.0,31.9,865.59,17.45,23.93,2884.51,1,4490.14,2,12819.4,0,0,53.3,39.89,29.76,0
930.49,6.2,15.67,1142.26,28.72,37.19,234.29,2.93,6.32,2307.04,0,4003.38,1,3356.43,0,0,48.35,40.71,6.06,2
786.35,7.5,18.48,1041.08,27.16,33.75,398.15,1.93,4.52,2225.59,1,3773.16,1,9636.41,0,0,43.54,45.47,7.67,2
1381.37,12.85,35.49,522.85,17.43,23.71,1096.7,36.29,27.46,3000.93,3,3907.03,1,8012.5,1,0,72.29,21.42,50.83,1
670.21,2.05,12.84,1277.82,35.27,34.36,775.66,19.75,29.22,2723.7,2,4945.62,2,337.24,0,0,22.33,54.41,33.86,0
1035.71,6.55,20.41,1047.37,20.4,35.98,465.41,14.2,14.81,2548.49,1,3704.7,1,4579.91,0,0,45.65,38.28,22.08,2
1085.17,9.74,23.76,329.66,0.0,13.21,749.49,20.89,20.83,2164.33,2,2901.93,0,1847.67,1,0,58.04,3.95,25.03,1
798.73,6.41,19.24,918.38,26.08,34.18,997.86,22.74,22.93,2714.97,0,3997.7,1,6184.89,0,0,40.75,37.99,38.55,0
1094.21,10.15,24.31,1146.98,38.5,48.64,797.72,30.76,25.54,3038.91,1,7455.49,3,4260.7,0,1,60.07,53.17,39.16,0
484.53,4.3,11.62,743.62,24.4,19.22,1075.95,29.52,29.96,2304.09,1,3288.3,1,14881.83,0,0,23.14,27.22,48.65,0
802.62,6.08,21.04,249.55,1.36,13.85,432.7,15.23,9.76,1484.87,2,3843.18,2,14571.78,0,0,36.87,11.86,20.73,0
687.9,7.75,26.64,259.57,5.55,8.28,1640.65,47.69,41.68,2588.12,1,4985.23,2,9051.31,0,0,39.61,2.16,65.81,0
435.95,2.65,6.96,1578.94,46.98,41.31,1831.77,55.79,53.23,3846.65,0,4354.32,1,6379.75,0,0,12.81,69.89,73.68,2
749.38,4.24,14.98,598.19,15.84,24.42,341.86,13.12,6.04,1689.43,1,2927.47,1,13243.61,0,0,33.12,22.98,13.58,0
483.93,3.53,9.83,788.65,24.11,22.67,676.54,21.8,20.79,1949.12,2,2916.17,1,8947.55,0,0,18.57,34.42,36.06,0
1053.83,8.36,28.11,1302.17,46.41,46.14,55.79,6.27,0.0,2411.79,1,6695.88,3,4272.88,0,1,52.4,66.35,7.45,0
318.4,3.2,13.32,882.99,21.76,35.9,712.14,12.44,15.86,1913.54,0,4575.64,2,12166.42,1,0,17.26,42.7,22.32,1
1338.67,11.4,27.13,753.8,21.6,28.24,693.99,17.66,15.49,2786.46,1,4464.77,2,4990.2,0,0,65.43,26.77,21.84,0
1102.46,10.61,23.87,1219.09,43.09,45.47,642.66,16.78,13.09,2964.2,1,4830.15,2,4336.86,0,1,58.22,56.79,18.04,0
108.32,1.52,12.86,497.87,13.36,7.68,424.4,10.86,8.37,1030.59,2,2586.84,1,12967.3,0,0,9.08,13.62,15.77,0
405.07,3.5,11.32,406.17,14.58,9.77,391.05,16.23,12.24,1202.29,2,2314.05,1,3270.23,0,0,17.71,18.04,23.03,0
397.5,2.78,12.86,306.14,6.67,5.02,1367.55,38.77,34.27,2071.19,1,4775.99,2,3299.99,0,0,22.79,10.71,55.84,0
813.75,6.58,13.73,877.7,11.59,27.12,751.06,20.46,21.44,2442.5,2,3805.91,1,13569.69,0,0,43.45,24.95,32.27,0
1213.79,9.13,28.33,638.65,11.84,18.32,1144.01,25.24,23.87,2996.45,2,4572.19,2,11169.13,1,0,59.85,14.35,39.86,1
699.62,6.42,17.21,1949.15,56.1,46.5,1155.56,35.61,25.3,3804.33,2,5902.31,2,1950.1,2,1,34.96,79.92,45.32,0
1278.48,12.06,28.68,578.1,6.3,15.49,286.2,4.63,0.0,2142.78,2,4887.02,2,457.7,0,0,66.75,9.02,8.01,3
661.31,6.89,14.79,432.99,9.19,10.65,808.81,24.68,24.57,1903.11,0,2440.5,0,2840.46,0,0,27.1,10.62,34.47,0
507.78,6.1,19.65,402.54,10.72,13.13,567.68,13.33,9.9,1478.0,2,1489.77,0,14934.72,0,0,33.79,15.57,15.61,0
671.9,5.36,8.06,1370.96,45.99,48.5,1026.19,32.95,21.81,3069.05,1,5482.49,2,13761.25,1,1,27.88,68.23,45.81,1
1146.32,7.99,21.92,554.45,3.29,16.9,511.17,15.08,17.76,2211.94,0,2119.24,0,3569.69,0,0,58.58,11.45,25.45,2
568.37,2.96,20.48,656.0,19.51,25.67,867.55,24.24,23.64,2091.92,0,3364.32,1,8583.6,0,0,27.44,27.91,34.97,0
1141.96,8.77,22.03,284.58,15.41,23.45,743.22,19.74,12.9,2169.76,1,2223.47,0,8634.72,0,0,59.17,13.59,24.74,2
834.12,5.24,16.38,538.17,6.35,13.02,777.67,18.05,10.11,2149.96,2,2589.3,0,11584.23,0,0,39.05,15.37,23.8,0
482.47,3.26,14.98,1065.73,36.18,28.22,870.79,24.45,29.77,2418.99,2,3769.22,1,5116.67,0,0,17.8,45.96,42.65,2
753.63,7.54,18.62,561.74,20.58,27.11,896.01,15.81,16.56,2211.38,1,2992.1,1,1125.24,0,0,38.47,25.32,30.86,0
540.09,4.19,14.33,1627.65,40.03,46.55,1270.71,34.89,22.95,3438.45,1,5389.65,2,7620.83,0,1,26.16,66.98,53.95,0
988.69,7.12,26.49,478.25,14.75,22.9,1171.44,30.6,27.01,2638.38,1,2876.37,0,4783.29,0,0,47.78,17.6,45.48,2
905.4,9.07,22.59,1766.69,45.87,53.08,750.13,22.83,22.47,3422.22,3,4075.21,1,12015.52,0,1,55.18,65.42,36.5,0
1024.54,7.89,21.91,559.54,6.64,13.84,762.04,15.62,19.82,2346.12,0,4954.87,2,4078.75,0,0,52.91,9.97,32.29,0
890.9,6.42,22.27,635.64,19.75,28.63,756.65,13.73,13.55,2283.19,1,2974.58,0,6135.2,0,0,42.84,16.8,27.36,0
486.36,3.81,14.15,398.32,14.78,18.34,717.08,18.45,17.33,1601.76,1,3487.03,1,2715.72,0,0,24.77,15.74,28.5,0
623.51,5.71,19.9,787.33,17.24,23.02,585.06,22.78,16.65,1995.9,1,2447.14,0,595.02,0,0,33.74,29.94,23.05,0
335.31,1.04,8.27,494.92,14.93,17.72,957.62,37.79,16.05,1787.85,0,3214.59,1,971.07,1,0,14.86,17.67,40.98,1
1288.52,9.53,30.01,1173.07,28.63,41.18,447.81,13.86,11.92,2909.4,1,3555.4,1,13728.52,0,0,69.74,46.14,16.24,2
523.13,3.43,13.78,1175.6,32.44,36.43,409.25,9.41,12.04,2107.98,3,1922.34,1,1213.82,1,0,25.71,51.34,14.41,1
850.17,7.6,19.54,1244.59,30.97,32.5,1069.24,34.89,28.43,3164.0,1,5297.48,2,6750.8,0,0,44.89,43.33,49.65,0
358.91,0.36,4.15,299.19,14.26,6.36,1523.39,47.73,35.25,2181.49,1,2916.55,1,7276.86,1,0,8.55,13.67,67.69,1
622.01,7.1,16.05,803.62,14.44,27.6,782.53,21.26,20.87,2208.17,1,1870.0,0,11853.43,0,0,35.18,29.12,28.78,0
300.18,2.05,6.37,801.99,24.68,21.8,314.43,7.01,11.64,1416.59,1,3405.67,2,553.87,0,0,8.52,38.14,10.8,0
1208.07,10.98,31.61,816.09,29.47,31.18,1350.85,36.72,28.56,3375.01,2,7815.69,3,8017.03,0,0,65.28,35.38,55.07,0
571.39,4.82,15.75,453.64,3.23,9.89,685.67,26.31,16.02,1710.69,3,4346.09,2,11393.99,0,0,25.85,10.0,27.83,0
918.03,7.33,21.62,340.58,3.59,7.4,1310.81,35.72,30.92,2569.43,2,6042.79,3,124.36,0,0,43.68,4.96,58.09,0
945.83,7.01,18.91,764.04,15.27,22.62,332.09,8.12,1.32,2041.96,2,2109.41,0,3616.09,0,0,41.3,23.59,6.35,0
329.76,2.93,6.57,97.06,8.13,2.95,524.32,4.65,9.9,951.14,0,891.38,0,4386.13,0,0,12.13,4.32,16.82,0
471.23,4.56,13.89,1278.24,43.27,44.69,1270.69,39.65,36.21,3020.15,1,3992.05,1,7497.87,1,0,23.5,60.0,54.16,1
557.4,4.44,18.44,746.45,18.35,26.11,1550.0,37.41,40.16,2853.86,1,5078.46,2,9208.82,0,0,26.23,27.92,62.84,0
326.36,2.36,4.23,1163.57,31.68,30.99,1283.03,43.47,31.4,2772.95,1,2589.3,0,937.47,0,0,5.16,50.04,51.41,2
855.81,6.84,21.19,1047.59,34.01,27.07,886.6,24.16,32.12,2790.01,2,4024.98,1,12555.0,0,0,42.37,36.56,38.81,0
98.45,0.73,6.03,483.16,13.79,12.63,1379.67,41.1,29.52,1961.28,2,2276.32,0,12315.91,0,0,6.84,20.14,57.87,0
893.81,6.32,21.4,412.28,4.39,12.44,1786.59,56.56,42.97,3092.68,1,3783.28,1,13805.44,0,0,46.92,7.56,75.4,2
756.84,5.73,18.33,863.34,19.37,29.1,1118.52,26.82,27.14,2738.7,1,6605.8,3,12738.49,0,0,39.42,24.82,44.53,0
1128.02,9.76,25.59,801.63,24.05,27.81,1170.45,29.18,23.42,3100.09,0,4153.55,1,1925.75,0,0,54.98,30.25,41.11,2
57.5,0.64,5.99,607.98,11.8,16.67,1625.0,45.64,39.28,2290.48,3,4290.5,1,8669.49,0,0,4.18,24.86,66.84,0
1235.33,11.01,26.75,1400.29,39.33,50.24,882.29,27.09,23.27,3517.91,1,5533.33,2,956.95,0,1,66.44,57.28,33.02,3
145.44,0.49,1.21,1084.13,30.19,35.9,409.95,17.75,8.15,1639.52,2,2282.35,0,12058.29,0,0,2.69,49.25,19.48,2
834.22,5.94,20.76,1247.48,29.57,34.5,1171.7,27.38,29.37,3253.41,2,5673.09,2,14642.57,0,0,43.15,45.47,37.11,0
236.23,1.09,9.73,806.3,32.08,18.91,1584.77,46.3,40.63,2627.29,2,4140.34,1,2568.68,0,0,8.28,38.55,73.8,0
576.61,3.64,14.61,538.05,21.12,20.02,1256.54,36.87,30.36,2371.2,2,3147.26,0,9369.39,1,0,26.93,23.57,55.54,1
248.58,1.0,7.73,1036.67,32.24,31.83,549.37,15.89,18.47,1834.62,1,2429.4,1,10983.29,0,0,8.41,42.69,23.2,0
395.36,2.75,17.03,1602.13,40.45,45.35,719.28,26.06,22.88,2716.76,2,4605.65,2,2396.76,0,1,21.64,65.81,30.03,0
876.31,6.9,24.11,558.14,18.66,21.3,487.51,9.89,11.94,1921.96,1,4550.16,2,3331.86,1,0,40.69,25.59,22.05,1
727.99,6.79,21.65,1096.97,30.8,34.7,1286.09,42.15,42.01,3111.06,2,6277.15,2,5659.82,0,0,38.38,47.28,61.73,0
515.82,3.91,14.5,1027.97,33.85,27.03,1261.44,38.72,25.1,2805.23,2,5302.72,2,2846.78,0,0,24.26,42.68,47.89,0
993.45,7.39,24.94,884.06,20.19,29.55,412.47,11.03,2.57,2289.98,1,3675.4,1,4892.2,0,0,56.13,32.06,17.0,2
254.18,0.44,5.16,590.64,13.43,12.77,679.17,25.46,25.81,1523.99,0,3568.37,2,14996.51,0,0,9.5,23.91,36.41,0
245.56,1.85,2.21,1030.59,33.95,31.09,303.28,0.31,0.55,1579.43,2,2976.37,1,14099.73,0,0,8.35,46.44,10.99,2
241.55,0.81,12.2,448.47,19.74,16.53,699.94,16.15,15.37,1389.96,2,3868.87,2,157.96,0,0,8.81,21.27,25.7,0
521.86,3.88,15.15,339.66,19.73,19.2,821.79,30.58,31.93,1683.31,2,2350.27,1,11673.8,0,0,28.02,22.09,40.52,0
287.7,1.1,17.46,444.19,17.7,15.53,800.76,17.45,13.91,1532.65,3,3117.52,1,8993.04,1,0,6.53,17.86,29.5,1
708.53,4.54,14.56,1131.77,39.8,41.0,1087.33,23.72,21.16,2927.63,0,6170.34,2,11853.11,0,0,32.33,49.38,43.9,0
612.81,3.14,16.86,533.84,24.82,27.49,151.4,0.88,0.24,1298.05,1,3122.45,1,7334.7,0,0,30.22,26.13,6.75,0
477.89,2.9,16.03,1062.44,35.45,34.83,879.11,29.26,15.83,2419.44,1,4355.68,2,6202.1,0,0,22.76,49.61,34.57,0
185.73,1.14,6.25,488.14,8.78,8.71,583.44,12.0,4.6,1257.31,1,1505.98,0,172.87,0,0,9.15,15.08,15.04,0
918.49,7.45,21.46,997.09,24.65,25.06,331.6,11.08,0.28,2247.18,2,1977.0,0,5596.2,0,0,49.35,39.93,10.73,2
769.2,5.65,15.55,1137.24,38.14,33.14,442.2,15.19,14.85,2348.65,0,5475.21,2,10620.83,0,0,31.81,47.66,18.28,0
549.79,4.5,13.47,923.06,30.0,26.75,982.31,40.97,19.85,2455.16,0,4062.75,1,12121.27,1,0,27.69,43.85,44.3,1
665.67,3.25,13.29,627.58,11.67,17.29,1515.57,43.66,36.54,2808.83,0,4651.85,1,1886.08,0,0,20.25,21.87,56.55,0
627.78,6.62,17.62,1535.86,41.87,44.47,798.88,23.07,13.3,2962.52,2,4239.49,1,1197.14,0,0,35.59,56.83,33.17,2
1285.99,9.21,21.77,813.25,11.53,30.89,256.68,5.04,5.81,2355.92,2,4717.66,2,12345.01,0,0,65.36,24.74,8.66,0
410.4,4.03,11.4,632.36,12.01,20.77,538.69,13.41,13.39,1581.45,2,1150.33,0,4830.7,1,0,17.35,23.33,16.39,1
382.74,3.99,11.95,1438.67,46.14,36.18,883.61,28.29,19.94,2705.01,1,2892.85,0,12633.24,0,0,16.66,64.68,33.47,2
166.3,1.81,9.03,711.26,27.04,16.63,457.91,12.77,8.94,1335.47,1,1182.67,0,14808.82,1,0,11.87,33.58,22.99,1
583.83,5.14,21.87,606.44,10.51,22.11,927.84,27.82,22.11,2118.11,2,4175.45,2,2471.01,1,0,34.09,16.91,37.16,1
916.93,8.37,22.01,432.8,7.4,8.17,160.37,4.55,1.1,1510.11,0,1971.39,0,4175.81,0,0,45.63,11.91,5.42,2
230.75,1.86,9.59,890.08,24.46,23.64,746.45,18.4,13.94,1867.28,0,2460.21,0,11460.31,0,0,12.93,30.45,24.48,0
699.76,4.93,17.9,559.96,11.16,11.77,324.49,9.91,4.38,1584.21,1,4139.71,2,5508.71,0,0,29.06,11.21,15.89,0
539.69,4.47,21.09,1106.91,27.09,34.3,1790.28,53.86,45.64,3436.87,0,6382.11,3,649.36,0,0,26.53,50.56,73.68,0
751.88,6.18,17.24,986.64,31.53,29.97,1447.57,54.67,41.26,3186.1,2,4334.42,1,7553.49,1,0,36.19,36.57,70.62,1
773.91,5.32,21.72,595.56,15.08,29.03,846.35,23.46,21.91,2215.81,3,5668.57,2,5577.48,0,0,38.73,23.41,31.43,0
489.73,4.04,18.59,542.41,7.05,10.04,626.85,7.48,16.67,1658.99,1,2876.69,1,1980.53,0,0,23.07,14.34,20.88,0
388.58,0.96,7.94,251.71,6.48,7.63,654.89,17.08,19.26,1295.18,2,2600.73,1,2633.76,0,0,10.38,11.93,29.77,0
369.85,1.33,5.43,936.59,22.86,31.02,389.82,13.68,4.53,1696.26,3,1814.81,0,4865.63,0,0,11.28,40.45,9.69,0
416.66,3.63,12.62,394.82,17.85,6.66,418.19,6.07,6.22,1229.67,1,2415.24,1,12305.18,0,0,18.02,10.94,15.49,0
813.52,5.64,22.25,986.52,20.2,32.73,480.54,14.36,13.13,2280.58,2,3742.77,1,2366.1,1,0,37.75,36.31,27.7,1
416.98,1.65,8.87,598.09,14.65,20.21,731.5,17.12,18.01,1746.58,2,2353.2,0,7486.14,0,0,13.51,29.49,27.81,0
655.7,5.71,20.41,458.41,7.31,5.13,39.69,0.0,2.9,1153.8,2,2389.92,1,8070.86,0,0,34.64,11.94,1.37,0
564.47,6.49,14.26,1816.16,51.29,55.92,1083.73,28.71,24.02,3464.36,2,6167.44,3,1552.53,2,1,33.83,81.16,40.94,3
1497.49,14.13,30.96,558.68,13.55,26.81,390.14,7.23,4.56,2446.31,2,4514.08,1,8308.82,2,1,76.29,18.66,7.69,3
1230.82,10.26,25.16,714.14,18.93,23.14,987.24,31.51,20.05,2932.2,1,5930.09,2,7732.07,0,0,58.4,17.66,42.66,0
711.76,7.74,19.53,1446.06,38.71,43.93,891.52,27.05,25.4,3049.34,2,4761.49,1,10399.95,0,0,42.72,54.36,41.38,2
440.95,3.62,10.38,740.19,22.21,24.8,929.36,24.66,21.12,2110.5,2,3919.93,1,11991.68,0,0,22.75,29.8,38.27,0
473.08,5.71,12.01,509.34,12.27,16.12,1187.23,31.29,32.57,2169.64,2,4333.54,2,12582.98,0,0,22.91,19.19,46.54,0
664.26,6.05,11.99,970.55,24.77,36.74,1198.48,42.19,33.18,2833.29,2,4774.48,2,7824.26,0,0,36.83,41.34,53.15,0
265.27,1.72,10.91,1206.64,28.6,26.21,488.01,9.42,8.39,1959.91,2,5128.41,2,8433.41,0,0,10.94,42.52,16.01,0
488.8,4.73,14.79,1377.2,43.78,40.6,567.3,13.8,12.15,2433.3,1,3255.92,1,9552.67,0,0,27.66,56.52,17.62,2
1112.4,9.62,29.02,309.92,10.16,12.31,432.03,6.81,13.78,1854.34,1,2199.96,1,14594.07,0,0,58.77,6.75,10.44,2
241.57,0.0,6.79,453.35,18.54,8.68,998.86,25.53,27.23,1693.78,3,4499.25,2,1195.21,0,0,5.87,26.25,39.58,0
162.78,1.65,4.43,322.43,12.39,7.24,920.63,35.19,25.08,1405.84,0,3026.85,1,8379.87,0,0,13.8,12.69,45.59,0
1226.37,11.24,29.88,877.54,19.46,33.4,1148.27,32.21,31.71,3252.17,0,6548.09,2,523.05,0,0,68.36,32.22,49.45,0
1017.63,6.71,19.07,355.59,1.83,6.43,351.79,9.95,19.32,1725.01,2,3830.88,2,10986.44,1,0,45.87,6.12,12.85,1
872.17,8.15,24.89,869.34,16.42,25.52,1233.04,38.66,34.44,2974.55,2,2693.96,0,11919.78,0,0,47.67,32.59,51.56,2
657.95,7.01,19.64,1130.78,32.97,40.09,307.63,16.86,12.45,2096.36,2,3177.44,1,387.1,0,0,43.66,40.77,21.6,0
343.11,2.97,15.9,333.78,14.95,16.42,987.21,32.39,31.62,1664.1,3,3813.01,2,12604.75,0,0,13.86,24.65,44.41,0
810.68,6.45,16.64,814.92,14.58,27.05,1002.01,29.83,18.19,2627.61,3,6589.63,3,6089.16,0,0,40.93,28.42,42.28,0
412.53,3.24,11.97,828.88,23.57,18.58,1527.94,44.82,33.81,2769.35,2,2632.32,0,4508.55,1,0,17.82,30.8,63.35,1
876.7,5.59,22.2,269.26,14.02,10.71,757.4,13.96,4.51,1903.35,2,2411.12,1,1982.83,0,0,44.01,12.35,20.07,0
570.68,2.17,11.57,412.02,11.25,11.17,1058.88,26.7,18.3,2041.58,2,3594.08,2,1711.51,0,0,21.6,18.2,41.04,0
1229.95,10.08,24.45,345.24,0.0,21.33,583.04,16.47,16.22,2158.23,1,2469.11,1,5282.76,0,0,67.01,6.13,26.94,2
242.03,1.76,7.7,828.26,22.48,21.1,1322.87,41.82,30.37,2393.16,3,4595.31,1,5999.45,0,0,9.42,33.97,59.82,0
287.54,1.53,4.25,899.29,30.02,28.09,295.12,9.36,3.43,1481.95,2,4681.0,2,14781.32,0,0,13.45,41.51,12.42,0
967.65,7.99,19.11,539.7,14.08,16.44,1450.93,45.58,31.32,2958.29,0,3885.26,1,13896.32,0,0,46.31,16.71,63.64,2
635.91,4.7,14.07,721.54,25.79,27.9,333.85,9.39,7.89,1691.3,3,3796.28,1,14177.95,0,0,27.43,32.4,10.06,0
790.75,5.69,21.24,542.03,12.63,23.76,272.66,4.26,2.65,1605.44,2,4921.77,2,4906.88,0,0,37.83,17.61,12.59,0
1037.01,7.15,21.1,213.65,1.63,19.99,570.99,17.43,17.2,1821.64,3,3719.75,2,3351.63,0,0,43.59,3.8,22.86,0
769.63,5.38,16.34,1104.63,38.26,40.22,1351.15,42.02,34.39,3225.42,2,3421.67,1,1709.01,1,0,35.85,50.74,58.23,1
508.72,3.17,9.99,579.94,10.15,13.01,339.66,8.18,11.47,1428.32,3,1426.99,0,6299.56,0,0,18.24,22.06,9.81,0
394.19,3.01,10.83,763.32,15.12,13.06,1027.61,32.83,25.25,2185.12,1,2282.81,0,5357.9,0,0,21.39,27.14,44.47,0
268.56,2.49,12.51,762.24,18.98,26.76,219.75,3.6,9.1,1250.56,1,1681.05,1,4722.87,0,0,13.58,31.26,9.38,0
1088.81,8.65,17.08,315.91,2.67,5.86,879.57,28.22,24.28,2284.29,0,1594.87,0,1108.26,0,0,47.24,6.33,39.09,2
885.01,7.13,20.22,1322.72,29.45,39.85,929.12,26.38,24.25,3136.86,1,6940.26,3,5636.2,0,0,50.74,49.98,36.36,0
358.13,1.37,4.75,970.32,35.74,33.78,475.71,7.81,16.29,1804.15,3,5903.4,3,12640.56,0,0,12.04,45.5,20.83,0
700.36,4.08,16.82,522.69,8.26,23.71,1255.99,40.53,30.63,2479.05,2,4252.87,1,9543.79,0,0,28.75,18.72,49.82,0
1324.37,10.47,31.91,992.48,10.73,27.6,858.17,19.73,21.47,3175.02,1,3420.38,1,12956.73,0,0,63.91,30.69,33.25,2
543.56,5.93,18.22,728.71,25.06,25.3,976.86,32.6,29.4,2249.13,1,5279.21,3,955.15,0,0,32.84,30.16,45.26,0
933.98,6.45,24.09,290.11,6.51,13.13,1418.99,29.9,26.42,2643.07,1,4161.7,1,3837.23,0,0,49.0,6.36,54.78,2
511.8,3.25,10.85,692.14,16.7,15.86,670.84,22.56,17.1,1874.78,2,4162.55,2,4004.12,1,0,21.22,24.21,26.04,1
905.21,6.83,21.35,240.1,6.85,17.75,374.95,8.79,12.94,1520.26,1,2955.72,1,8260.61,0,0,42.55,7.11,15.98,0
790.82,7.03,16.58,865.62,19.93,26.89,926.74,19.14,17.5,2583.18,0,3935.78,1,14283.98,0,0,39.53,27.84,29.72,0
1236.3,10.06,26.84,218.7,9.57,12.92,1401.41,37.81,30.39,2856.41,2,6605.04,3,14651.4,0,0,67.33,7.02,59.66,0
233.65,2.14,8.3,1017.89,28.82,28.49,997.8,25.77,25.78,2249.34,3,3808.61,1,13317.43,0,0,9.75,45.56,39.64,0
1428.08,12.66,32.3,1154.81,39.04,41.52,221.93,4.65,0.0,2804.82,2,1958.99,0,6490.96,1,1,77.64,45.85,5.93,1
974.08,10.25,29.69,789.1,21.98,28.36,1004.53,30.73,14.28,2767.71,0,4619.54,2,12822.77,0,0,55.19,25.98,35.02,0
645.5,6.99,19.06,882.03,17.43,31.2,1105.97,30.17,27.5,2633.5,2,6605.6,3,13334.44,1,0,32.75,28.37,38.09,1
1083.14,8.24,21.98,1031.85,29.66,38.9,1013.51,31.94,26.57,3128.49,3,6362.58,3,8843.42,0,0,47.51,46.75,40.8,0
539.17,4.07,19.49,639.74,22.64,23.13,771.02,16.66,15.18,1949.93,2,5670.8,2,5311.71,0,0,26.75,31.5,30.63,0
838.85,8.21,29.32,485.0,0.87,13.99,703.47,17.45,15.88,2027.31,2,4907.54,2,7032.76,0,0,48.88,7.67,23.64,0
324.35,2.89,10.37,873.65,26.52,28.08,809.67,22.73,20.15,2007.67,3,3461.61,1,8288.87,0,0,15.17,39.06,34.91,0
892.32,6.41,19.26,833.08,28.45,20.33,598.9,10.98,16.43,2324.3,2,1948.51,0,9129.16,0,0,37.45,32.95,22.01,0
592.34,6.02,13.72,319.74,6.67,16.65,1009.77,28.77,39.07,1921.85,2,5551.45,3,3734.03,0,0,35.54,8.48,44.77,0
1082.6,9.34,24.99,1116.44,40.42,39.28,1229.89,30.33,22.38,3428.93,2,4484.82,1,2730.92,0,0,55.7,45.78,43.21,2
548.56,4.48,10.93,540.42,14.19,18.86,1140.09,28.46,24.27,2229.07,1,5934.17,3,8268.37,0,0,22.75,24.67,42.79,0
227.73,3.88,3.99,414.08,13.31,10.87,1326.84,34.92,24.15,1968.65,1,2690.12,0,5348.82,0,0,13.28,16.43,48.12,0
1193.75,8.32,29.33,303.94,2.6,15.99,1150.69,30.32,34.45,2648.37,2,3906.53,1,11366.24,0,0,61.03,6.76,50.44,2
744.55,7.6,19.66,1246.78,32.55,32.99,920.16,33.06,19.24,2911.48,0,5359.18,2,6661.08,0,0,40.98,47.69,33.61,0
499.82,4.72,12.46,1171.66,39.47,31.36,1658.04,49.43,40.72,3329.51,2,6146.21,2,3633.44,0,0,28.77,53.53,69.35,0
680.17,4.26,10.22,1048.96,23.53,30.93,837.47,20.88,17.85,2566.59,2,3724.91,1,5737.9,0,0,30.58,37.81,32.59,0
1252.4,8.04,23.13,1117.6,24.89,32.71,871.2,18.3,14.45,3241.2,2,5394.92,2,11301.69,0,0,57.03,40.48,27.98,0
471.01,4.0,11.18,668.11,20.12,24.43,642.02,14.7,15.45,1781.14,0,1948.21,0,455.65,0,0,23.44,31.4,29.24,0
715.62,5.27,16.12,986.81,30.22,33.5,1425.12,38.26,36.51,3127.55,2,3726.2,1,11078.47,0,0,32.73,46.25,63.44,2
634.07,3.72,9.79,1360.01,38.88,47.68,222.63,5.16,8.22,2216.71,2,4051.03,2,3321.81,1,1,28.63,61.31,8.46,1
737.2,5.69,18.8,222.46,9.93,12.6,330.4,13.1,14.21,1290.06,1,1350.21,0,8634.95,1,0,35.74,5.92,17.49,1
721.85,7.02,20.48,439.02,10.22,21.96,1005.9,30.33,31.04,2166.77,1,4774.93,2,5580.75,1,0,38.72,16.34,50.69,1
1239.22,12.27,25.21,734.91,16.42,28.05,134.67,0.0,7.45,2108.81,0,2859.8,0,9670.33,0,0,68.9,18.71,2.8,3
905.42,8.01,17.21,558.08,13.97,26.3,413.33,8.41,9.3,1876.83,1,1680.76,0,1473.86,0,0,49.4,15.62,11.31,2
417.01,3.22,14.87,696.01,19.65,10.98,523.5,10.26,9.91,1636.51,1,2446.23,0,398.24,0,0,19.52,22.22,20.72,0
356.51,3.25,10.58,336.95,5.94,18.99,666.83,24.55,21.46,1360.29,1,1970.0,1,11167.89,0,0,17.23,16.12,29.94,0
240.31,3.17,11.82,1131.09,40.68,35.71,1230.77,33.64,31.54,2602.17,1,4957.31,2,6832.35,0,0,14.01,60.12,46.33,0
893.23,7.52,21.46,720.17,23.22,22.41,1002.62,30.88,28.67,2616.01,1,5304.27,2,6594.03,0,0,46.09,29.25,46.64,0
682.63,6.09,17.44,587.79,8.08,11.3,916.59,32.77,26.46,2187.01,1,4210.74,2,3346.6,0,0,36.3,15.06,45.98,0
581.38,3.74,16.99,339.67,14.92,11.11,359.8,10.05,6.12,1280.84,0,3173.44,1,12144.64,0,0,25.38,12.81,19.19,0
1043.69,8.72,26.87,779.99,8.4,24.17,1003.62,20.74,18.77,2827.3,1,3380.48,1,4057.96,0,0,55.28,19.02,34.42,2
1150.18,8.4,25.65,859.76,26.94,36.95,499.46,19.52,4.3,2509.4,1,2042.62,0,11953.78,0,0,55.7,33.8,19.53,2
177.15,0.0,7.89,665.49,16.55,8.96,348.84,10.86,2.18,1191.47,3,1062.24,0,3848.31,0,0,4.38,26.2,5.98,0
330.47,1.62,9.34,764.25,26.9,23.89,1360.04,34.8,31.5,2454.75,1,4228.92,1,5948.69,0,0,16.12,32.42,52.18,0
715.23,5.07,19.27,50.68,3.48,5.32,30.0,3.04,6.91,795.91,1,1571.2,0,1127.18,1,0,36.02,3.43,4.28,1
563.81,3.65,19.28,940.24,26.5,26.09,1687.29,48.93,41.28,3191.34,3,5515.37,2,7184.78,0,0,27.48,42.69,72.32,0
477.61,3.66,15.54,1134.35,36.61,30.62,655.88,20.07,14.33,2267.84,2,2684.02,0,10889.48,0,0,21.35,47.61,22.21,2
656.19,5.22,10.03,1290.15,32.76,40.47,69.4,10.55,6.94,2015.73,0,3599.14,1,8736.73,0,0,30.41,56.68,3.95,2
922.34,7.47,23.43,1256.42,36.54,39.63,1791.52,55.87,45.37,3970.27,0,6189.32,2,11164.79,3,0,48.8,54.19,83.2,0
1048.88,8.11,25.81,904.6,22.22,26.64,797.85,15.96,20.2,2751.32,2,3604.64,1,8446.21,1,0,54.89,34.34,29.89,1
557.29,5.88,17.5,1414.36,45.52,41.09,336.74,15.28,3.36,2308.4,0,3091.59,1,13423.97,0,0,26.01,62.56,16.65,2
595.33,6.33,23.33,30.0,0.0,12.69,1388.25,43.22,30.81,2013.58,2,3135.48,1,14783.3,0,0,41.77,3.36,57.71,0
658.69,4.28,16.88,405.91,11.53,16.62,937.8,29.71,17.62,2002.39,0,4634.11,2,11244.69,0,0,29.69,15.13,35.11,0
348.53,1.81,7.99,1094.4,38.16,33.22,1128.35,31.07,23.13,2571.29,1,2602.77,0,6799.47,0,0,19.16,52.39,43.16,2
728.6,6.38,17.72,845.35,17.62,24.56,1054.64,19.88,21.24,2628.6,1,3424.67,1,7181.04,0,0,37.32,29.71,40.18,0
247.5,3.43,6.93,1374.47,40.5,35.13,992.01,19.87,22.46,2613.98,2,4856.11,1,9732.9,0,0,12.32,59.59,35.17,2
946.54,7.02,17.19,697.04,16.79,24.13,1020.79,40.11,27.3,2664.38,0,4274.4,1,3218.88,0,0,44.81,23.78,46.89,0
1123.32,8.27,27.88,1334.33,42.03,46.93,1124.43,27.31,19.47,3582.09,2,5619.72,2,4804.12,0,1,53.41,54.64,39.35,0
392.3,3.08,9.86,804.52,22.22,26.87,818.87,21.34,15.2,2015.69,2,4605.55,2,6463.06,0,0,17.85,44.11,35.46,0
724.55,6.05,23.66,587.93,17.27,20.23,780.66,17.81,24.5,2093.15,2,4317.28,2,2717.8,0,0,36.25,25.0,36.3,0
896.84,5.29,19.79,275.81,5.58,14.51,333.95,6.26,7.55,1506.61,1,3006.89,0,716.51,0,0,45.55,5.22,6.2,2
1031.32,8.99,21.38,604.27,16.03,32.29,1087.13,30.01,25.46,2722.73,3,5902.19,3,8309.13,0,0,52.92,19.32,42.5,0
1053.06,9.44,24.17,682.0,15.35,26.57,283.28,6.64,0.0,2018.34,0,4389.89,2,6925.57,0,0,49.61,23.18,16.53,0
1436.89,9.97,26.47,1144.17,40.2,44.17,603.34,9.81,9.58,3184.41,3,6384.02,3,12464.19,0,0,62.0,54.15,19.36,0
529.47,4.03,14.84,822.08,19.91,18.3,1210.17,31.55,27.05,2561.72,2,4966.59,2,8954.23,0,0,25.73,28.87,49.63,0
642.03,5.23,13.43,656.0,25.59,28.05,1470.96,45.64,35.5,2768.99,2,2560.79,0,12142.41,0,0,28.7,30.11,62.62,0
214.19,2.34,7.31,630.72,23.04,21.59,538.48,22.56,18.78,1383.39,2,3102.59,1,5433.38,0,0,11.22,37.69,22.55,0
396.78,3.49,10.87,425.5,4.85,9.79,1063.83,25.42,25.67,1886.11,1,1722.42,0,9701.59,0,0,20.96,10.71,38.31,0
951.67,9.09,20.41,1077.59,34.74,37.24,798.51,24.04,18.18,2827.77,1,5130.37,2,8658.58,0,0,52.96,47.0,25.01,0
653.17,4.8,16.96,1213.31,37.46,34.72,1237.8,34.4,33.78,3104.28,2,4192.27,1,12764.26,1,0,25.89,49.82,49.23,1
1128.59,7.88,24.91,1487.05,51.92,50.0,412.43,10.95,10.61,3028.06,2,7330.17,3,9773.9,1,1,55.13,71.3,20.33,1
903.19,6.67,22.07,1199.32,34.26,44.13,861.04,33.96,23.02,2963.55,1,5786.59,2,572.15,0,0,47.44,51.38,40.61,0
1626.58,12.56,36.74,1199.67,32.35,47.88,535.38,18.71,14.73,3361.63,3,6098.81,2,8347.93,2,1,84.97,48.56,24.0,0
532.35,2.27,13.68,1156.47,34.32,32.59,1824.89,57.51,42.41,3513.72,1,5364.8,1,9706.51,0,0,21.73,49.1,74.48,2
1026.54,8.21,28.34,785.86,18.8,28.38,386.19,11.96,6.6,2198.59,0,3499.63,1,10797.53,0,0,47.27,33.15,14.93,2
926.25,7.88,22.1,596.39,9.04,18.23,850.33,31.92,22.41,2372.97,2,2566.56,0,10217.21,0,0,45.2,17.57,31.74,2
668.84,5.53,10.15,546.52,20.61,19.6,1095.31,34.98,31.37,2310.67,1,2240.14,0,14053.17,0,0,32.3,21.1,48.4,0
569.74,4.74,10.99,610.74,18.32,17.42,957.69,25.21,11.52,2138.17,3,3706.56,1,6767.11,0,0,21.35,27.12,33.07,0
569.73,4.89,13.44,1022.0,24.7,25.2,895.52,26.42,24.36,2487.25,2,3367.2,0,517.89,1,0,32.11,38.29,41.86,1
144.34,1.39,10.64,566.58,6.95,9.46,1070.98,35.74,32.06,1781.9,1,3206.44,2,999.65,0,0,12.12,13.24,45.6,0
922.79,6.7,18.19,721.86,20.93,27.75,1034.54,30.27,29.54,2679.2,1,5564.18,2,3700.12,1,0,41.24,28.23,44.01,1
610.94,5.95,17.53,728.8,30.89,31.69,1709.07,52.14,42.72,3048.81,1,3782.3,0,553.93,0,0,31.49,32.08,70.48,0
861.42,5.52,16.06,947.9,31.88,31.61,583.12,20.32,18.59,2392.43,2,4260.97,1,3743.98,0,0,37.47,38.97,20.78,0
747.91,6.13,15.58,794.69,16.75,27.81,656.73,13.57,9.79,2199.32,1,2790.76,1,1403.55,0,0,28.57,31.41,19.03,0
688.2,4.03,12.36,693.03,30.54,30.14,1672.61,49.01,38.67,3053.84,0,2180.86,0,3369.14,0,0,25.55,36.29,66.04,0
326.11,4.74,13.45,384.09,8.37,16.73,1359.1,48.25,28.27,2069.3,2,4757.23,2,1676.78,0,0,27.06,16.72,60.87,0
364.19,2.09,9.96,1015.63,34.49,36.07,390.41,5.47,8.03,1770.23,2,1183.58,0,1036.98,0,0,12.23,52.98,13.46,2
885.44,7.2,22.81,253.44,3.65,12.56,402.66,10.55,16.03,1541.54,1,2584.82,2,1003.42,0,0,47.01,7.88,14.25,0
543.86,5.32,19.32,596.64,5.64,11.67,478.05,7.56,12.01,1618.55,3,4547.7,2,7036.04,0,0,28.67,14.77,20.1,0
954.12,4.73,24.81,815.39,34.31,30.56,395.15,14.04,13.37,2164.66,2,5427.61,2,3961.37,0,0,46.91,41.67,20.87,0
451.14,3.47,16.02,899.38,22.95,25.58,868.94,28.61,20.58,2219.47,1,5268.5,2,14699.1,0,0,23.4,36.1,35.5,0
782.12,6.34,18.78,368.35,0.0,15.05,1003.58,18.94,24.35,2154.05,2,4072.67,1,1384.81,0,0,35.68,11.42,37.56,0
486.9,1.52,9.39,994.91,26.37,27.46,1520.4,41.49,35.84,3002.22,0,5084.11,2,1358.05,0,0,16.73,42.52,64.14,0
1327.66,10.67,31.44,542.53,14.05,25.22,616.92,10.65,20.57,2487.1,1,6003.14,3,10616.55,2,1,70.21,18.94,22.41,0
1213.51,9.43,30.06,384.33,0.0,11.62,1419.82,41.14,36.71,3017.66,3,4947.33,2,5552.51,0,0,61.38,8.81,53.93,0
786.52,6.34,23.03,647.77,12.68,27.26,553.32,19.52,17.85,1987.61,3,2746.62,1,1142.86,0,0,41.29,16.58,25.03,0
1168.66,8.86,25.49,449.43,5.18,25.58,408.84,17.34,15.55,2026.92,1,2272.81,0,9741.39,0,0,58.4,12.48,18.11,2
970.74,6.1,19.08,426.93,7.49,10.55,272.4,10.98,6.03,1670.08,1,3326.96,1,9103.83,0,0,43.19,4.32,10.24,0
557.03,3.89,16.01,831.89,35.43,34.9,1123.99,27.32,22.6,2512.91,3,4254.46,2,8440.4,1,0,24.68,48.02,42.1,1
541.85,4.83,6.86,479.08,10.0,20.18,694.7,15.8,15.53,1715.63,2,2343.92,1,7891.4,0,0,26.19,13.83,23.41,0
728.95,5.14,20.37,975.21,22.17,33.52,1204.59,33.11,34.46,2908.74,3,4122.22,1,7554.84,0,0,30.23,40.52,49.46,0
369.69,3.69,14.95,1275.91,40.2,40.18,936.59,28.17,18.06,2582.19,1,5636.45,2,9999.93,0,0,17.9,64.8,31.98,0
420.46,3.14,11.37,328.23,1.35,9.31,1096.42,37.12,28.79,1845.11,2,2991.39,1,5038.44,0,0,20.61,5.24,49.96,0
955.88,9.27,22.07,995.6,28.68,30.18,848.63,29.38,22.31,2800.1,2,3482.91,0,7107.1,0,0,51.61,42.28,36.4,2
347.89,2.48,18.88,744.26,26.61,23.03,636.86,19.18,6.01,1729.01,1,2003.56,0,5688.01,0,0,21.85,29.28,23.21,0
314.71,3.75,7.8,408.94,14.73,16.16,764.39,20.13,14.8,1488.04,2,2680.4,1,5557.34,1,0,16.86,19.35,31.58,1
578.31,5.26,13.82,1416.19,44.49,37.47,777.66,15.54,14.15,2772.16,0,4996.54,2,5772.5,1,0,27.44,65.74,27.4,1
1410.75,10.4,35.78,1366.04,41.14,48.89,1408.68,38.45,35.96,4185.47,0,7243.36,3,272.69,2,1,72.91,50.34,52.08,0
413.54,4.03,9.77,1785.0,49.03,48.67,296.0,12.75,7.5,2494.54,1,3596.97,1,904.82,0,1,22.83,70.56,9.78,2
1164.01,9.9,27.36,709.15,20.69,27.44,886.98,25.38,16.42,2760.14,1,5685.37,2,6685.44,0,0,62.49,27.07,34.36,0
30.0,0.75,6.1,1158.97,39.41,28.42,595.41,8.38,12.61,1784.38,1,2377.54,1,651.45,0,0,5.19,47.42,18.76,2
405.05,1.39,14.1,710.26,19.71,19.48,880.39,24.97,19.88,1995.7,2,1611.47,0,14053.75,0,0,8.34,24.06,32.45,0
1429.91,10.46,27.34,995.35,24.74,31.02,1926.13,50.71,43.2,4351.39,2,6103.26,2,13599.31,0,0,68.48,32.81,75.41,0
920.99,8.74,18.4,992.09,26.67,28.34,798.38,14.21,15.72,2711.46,2,4982.86,2,7084.3,0,0,49.9,34.78,30.31,0
1448.0,12.07,32.11,1486.36,43.87,49.93,715.18,26.17,26.37,3649.53,2,5494.42,2,3990.27,2,1,75.39,63.05,28.17,3
1053.5,8.38,23.67,845.79,24.62,35.71,662.08,18.0,11.13,2561.38,0,3789.79,1,12131.4,0,0,57.99,34.94,30.42,2
885.89,6.4,20.87,1141.3,28.59,40.53,330.86,11.71,3.39,2358.04,2,4908.62,2,10504.52,0,0,40.22,49.9,9.36,0
532.14,3.18,14.09,293.68,1.72,3.79,710.7,28.19,22.69,1536.52,3,3210.33,1,12930.94,0,0,22.26,6.51,32.39,0
1220.75,11.57,25.72,591.82,11.86,24.78,960.51,32.38,22.89,2773.09,2,6884.96,3,13222.44,0,0,69.22,17.22,43.93,0
745.41,5.56,24.97,802.19,25.76,29.91,855.92,19.65,17.57,2403.52,1,3981.53,1,8630.63,0,0,41.3,34.15,32.93,0
512.12,5.49,11.68,438.11,11.05,20.57,614.03,22.44,10.45,1564.26,1,2606.17,0,13772.98,0,0,24.32,18.27,25.32,0
547.03,3.26,10.42,1270.13,50.55,37.46,669.1,22.9,23.4,2486.26,2,4309.13,1,9569.59,0,0,19.79,58.56,37.32,2
238.18,0.69,10.4,1319.71,42.77,33.96,534.65,6.58,7.26,2092.54,2,3416.46,0,3426.81,0,0,10.47,56.61,9.66,2
1168.77,8.59,29.04,938.69,29.43,37.41,1039.38,33.86,25.53,3146.84,0,6175.38,2,4001.99,0,0,54.68,40.63,49.76,0
296.98,1.32,4.88,406.26,2.89,7.44,1057.36,30.05,32.85,1760.6,2,2385.23,1,5590.81,0,0,10.67,12.38,45.13,0
1294.71,10.75,28.53,746.94,14.15,29.22,1158.7,38.76,28.53,3200.36,3,6923.37,3,13380.04,2,1,71.18,20.54,53.97,0
967.57,8.53,25.78,869.44,26.48,32.11,1613.79,42.57,44.08,3450.8,1,7436.85,3,14840.32,0,0,51.17,34.91,70.42,0
1170.64,11.03,23.51,621.56,11.83,15.09,549.36,13.28,8.59,2341.57,0,3256.78,1,7931.38,0,0,57.78,17.43,22.88,2
884.16,8.05,19.8,655.56,11.51,17.5,560.19,13.49,16.87,2099.91,2,5337.52,3,1006.51,1,0,40.94,17.21,24.43,1
291.49,1.38,6.42,838.32,26.6,25.7,1541.5,48.68,41.91,2671.32,3,4773.57,2,332.27,0,0,7.61,38.9,66.42,0
744.85,5.13,19.08,865.57,23.96,32.97,433.87,17.15,9.36,2044.29,0,4661.53,2,13219.8,0,0,35.98,38.24,20.46,0
473.45,3.4,8.21,960.2,27.44,29.77,1183.27,32.28,29.86,2616.91,2,4539.34,1,3741.78,0,0,19.88,46.34,47.25,2
923.54,6.48,18.84,1547.83,59.55,47.64,1244.62,37.82,31.69,3715.99,1,5481.8,1,13882.19,0,1,36.83,72.59,50.51,2
328.69,0.66,7.55,1028.49,26.44,23.31,1002.26,28.55,23.79,2359.44,2,3411.15,1,725.92,0,0,3.12,43.5,41.17,0
257.98,2.14,10.43,523.49,13.19,15.6,714.14,16.98,18.86,1495.61,3,1345.73,0,957.37,0,0,9.68,21.51,25.91,0
79.14,1.6,6.16,450.36,19.11,17.19,561.68,13.02,6.48,1091.17,2,2882.9,1,9760.98,1,0,7.81,25.86,16.74,1
1007.22,8.38,27.17,1354.28,26.99,37.59,113.72,6.08,9.44,2475.21,2,4485.94,2,10811.56,0,0,50.94,50.3,7.47,0
851.28,5.8,13.52,891.88,31.17,31.64,1282.92,28.6,30.33,3026.07,2,3348.28,1,3784.85,0,0,42.33,35.65,46.91,0
1226.02,10.98,27.26,1065.58,30.57,36.87,1624.1,47.24,32.18,3915.69,2,5931.72,2,11050.02,0,0,69.28,36.99,62.13,0
720.61,7.13,24.59,715.86,10.81,19.1,1122.32,24.38,28.04,2558.79,0,1708.54,0,3068.36,0,0,35.04,24.03,43.02,0
514.4,5.0,15.16,987.6,30.72,30.88,188.94,0.0,2.73,1690.94,3,2383.47,0,3294.82,0,0,28.78,45.73,5.98,0
476.02,4.19,15.49,811.32,31.94,35.1,1270.82,26.7,24.06,2558.16,1,3719.39,1,5075.0,0,0,20.33,40.17,44.0,0
614.71,5.94,15.04,361.72,10.66,6.03,1327.24,35.72,33.77,2303.67,2,4440.35,2,127.91,0,0,27.06,15.36,51.15,0
439.45,1.88,16.38,363.18,13.09,5.2,1019.09,40.59,33.6,1821.72,0,2339.01,0,5528.35,1,0,17.63,12.99,49.03,1
310.98,3.43,7.38,1081.99,39.11,29.14,352.93,14.71,0.0,1745.9,0,3108.48,1,9423.95,0,0,8.44,47.15,13.66,2
952.75,8.2,21.91,1095.68,21.19,34.22,1114.82,27.02,26.08,3163.25,0,4624.86,2,14914.51,0,0,46.4,35.01,43.83,0
604.92,5.03,16.6,690.51,17.75,15.27,1255.71,40.7,34.72,2551.14,1,4745.56,2,6689.61,0,0,25.66,22.69,58.75,0
1332.8,9.68,31.95,1034.59,29.12,44.17,1567.59,38.55,35.18,3934.98,1,5340.5,2,2177.31,0,0,63.86,48.47,62.15,0
771.04,7.04,13.59,472.04,8.51,9.91,638.97,15.31,16.28,1882.05,2,4480.13,2,13623.56,0,0,40.36,14.81,25.84,0
317.57,1.57,11.4,61.66,6.49,7.07,148.72,12.72,8.46,527.96,1,1103.8,0,10036.83,1,0,13.84,8.88,7.15,1
844.5,7.17,17.86,423.57,4.97,13.77,572.26,15.09,8.45,1840.33,1,3970.86,1,8888.26,0,0,44.05,6.27,22.72,0
1033.0,9.27,24.52,833.66,18.12,33.14,1413.48,48.59,34.61,3280.14,3,5581.77,2,1392.64,0,0,56.26,30.74,62.68,0
1236.84,10.3,26.35,1673.41,51.49,57.61,716.77,28.67,18.86,3627.02,1,6527.33,3,1637.82,0,1,65.59,70.15,36.31,3
775.83,6.51,10.51,421.26,3.58,7.56,530.67,11.43,14.43,1727.76,1,3843.18,2,14215.61,0,0,34.95,13.5,20.21,0
990.84,7.16,24.75,958.66,22.34,31.68,719.94,17.94,16.05,2669.44,2,3529.35,1,10218.86,0,0,47.37,36.95,30.54,2
454.2,2.92,10.98,517.02,19.36,15.71,298.05,6.08,8.42,1269.27,3,2977.9,1,12632.6,0,0,28.32,21.53,8.93,0
503.96,2.35,10.37,524.05,10.68,14.65,850.51,27.08,27.36,1878.52,0,2243.73,0,1280.32,0,0,15.93,19.82,39.48,0
1011.72,8.68,21.48,1131.48,36.52,38.71,423.75,13.67,7.81,2566.96,0,3392.98,1,14251.39,0,0,48.0,50.63,14.44,2
683.21,7.16,13.99,934.84,32.38,31.42,1650.13,40.85,36.7,3268.18,2,3903.62,0,9106.22,0,0,32.5,36.91,59.94,0
1191.46,11.91,30.68,730.35,14.96,26.35,190.62,10.71,5.61,2112.43,0,2837.05,0,10637.01,0,0,67.89,21.48,10.25,2
1280.22,12.37,29.09,401.12,7.74,17.39,601.55,13.4,21.91,2282.9,2,3909.87,1,6478.66,2,1,71.95,3.37,22.96,3
299.03,0.58,4.77,560.97,11.54,15.87,1026.62,28.89,20.85,1886.62,1,2952.05,1,1125.76,0,0,5.49,24.22,41.12,0
870.74,8.16,14.45,494.16,4.71,5.08,1186.14,30.69,23.7,2551.04,2,1608.74,0,10637.52,0,0,39.47,10.09,49.52,0
481.01,3.31,8.27,547.07,9.4,10.91,632.16,10.52,4.44,1660.23,0,3764.3,2,8530.47,0,0,17.26,12.17,24.76,0
380.25,3.34,12.31,315.97,8.04,13.72,767.3,17.65,19.12,1463.52,1,1728.84,0,3120.38,0,0,17.27,17.38,30.43,0
528.45,3.56,5.69,376.83,11.32,17.06,1362.16,43.86,36.82,2267.44,2,3155.76,1,6244.89,0,0,19.11,18.81,59.78,0
219.47,1.29,14.88,1313.27,43.24,41.19,1028.23,29.97,16.47,2560.97,3,3738.68,1,11947.57,0,0,13.84,60.94,35.01,0
355.47,3.63,11.82,766.45,24.45,17.32,1317.67,37.18,29.31,2439.59,2,2347.12,0,11119.62,0,0,20.79,33.96,53.92,0
565.79,2.44,10.27,841.5,21.72,19.85,523.24,17.61,17.47,1930.53,3,3306.06,1,13365.13,0,0,22.51,32.82,22.53,0
1366.65,12.75,33.23,1617.78,37.25,53.64,1082.17,26.4,27.05,4066.6,0,4529.57,1,3417.66,2,1,75.56,63.68,39.59,3
1212.14,10.36,25.82,1195.68,29.14,41.98,1440.12,43.38,37.84,3847.93,3,6681.92,2,8910.18,0,0,63.07,45.32,64.66,0
794.79,7.11,24.33,682.02,16.62,27.32,677.87,26.76,17.31,2154.68,2,4167.31,1,14951.02,0,0,47.6,31.76,31.88,2
477.46,6.46,13.97,1303.92,38.55,42.28,633.33,23.83,13.98,2414.7,0,2852.03,0,6806.39,0,0,34.72,55.51,26.61,2
424.61,3.5,10.32,1271.5,32.92,40.93,312.04,8.15,3.57,2008.14,2,4931.0,2,1763.78,0,0,23.69,47.26,3.57,0
1177.02,9.75,28.71,1371.66,36.67,46.39,1039.87,37.14,30.44,3588.55,2,5318.26,1,6287.7,0,1,62.63,53.11,48.26,2
658.57,6.23,21.28,846.35,19.83,33.04,862.56,24.23,25.03,2367.48,3,3970.67,2,13284.47,0,0,36.25,33.71,36.42,0
725.43,5.28,17.17,905.86,16.92,25.77,1054.57,30.19,30.61,2685.86,1,1536.99,0,6262.94,0,0,33.1,33.74,46.5,0
871.53,6.5,19.51,526.36,20.57,23.11,789.16,12.87,13.6,2187.05,1,2618.01,0,5868.19,0,0,39.48,21.22,27.89,0
1178.16,10.15,22.9,1057.01,27.04,38.86,296.73,17.74,9.03,2531.9,1,5814.0,2,363.26,0,0,58.3,38.52,14.28,0
552.54,4.43,14.44,704.23,17.72,26.72,1476.33,36.15,37.99,2733.1,3,3735.49,1,8062.9,0,0,31.39,27.11,60.15,0
324.71,1.14,6.97,446.01,15.71,7.8,610.62,20.96,15.7,1381.34,3,1693.55,0,14938.39,1,0,11.26,22.83,29.73,1
52.6,0.44,10.26,1187.59,32.48,30.92,666.76,8.47,12.7,1906.95,1,2991.27,1,3572.17,0,0,3.94,54.06,21.25,2
479.47,2.18,14.04,766.15,27.9,25.72,508.27,15.82,7.26,1753.9,3,4380.57,2,11392.93,0,0,13.91,32.5,16.48,0
767.6,6.59,19.86,1742.75,48.87,46.11,1569.04,46.26,34.91,4079.39,3,6384.58,2,2384.85,0,1,37.98,73.9,63.89,0
344.8,4.52,17.51,519.56,12.87,11.84,1250.78,41.64,26.19,2115.13,0,4076.89,1,5485.54,0,0,18.51,19.04,51.94,0
852.13,6.79,21.79,390.95,7.97,16.02,248.29,9.28,2.61,1491.36,3,3561.86,1,8786.93,0,0,42.66,8.62,12.04,0
975.8,7.87,25.7,1206.38,36.98,36.08,236.61,4.93,0.25,2418.79,3,3691.12,1,3361.68,1,0,49.02,48.72,3.05,1
854.5,5.86,18.3,948.42,25.99,25.73,1089.4,31.34,23.16,2892.32,3,4859.52,2,5456.58,0,0,39.88,37.27,42.75,0
154.27,1.38,8.91,907.16,19.88,28.56,952.73,34.95,29.15,2014.15,0,4385.26,2,13310.75,0,0,12.52,34.28,42.68,0
331.09,3.27,10.5,376.54,8.83,6.93,931.28,32.12,23.39,1638.9,3,2939.64,1,1286.13,1,0,17.04,9.19,43.87,1
1348.43,10.96,26.11,228.88,5.07,10.64,1204.96,39.22,29.59,2782.27,3,4624.86,1,13287.98,0,0,68.33,2.38,50.37,0
1329.34,11.55,26.76,656.13,18.72,20.81,1712.78,59.24,44.66,3698.24,2,7019.62,3,4310.17,0,0,65.95,20.04,73.09,0
1551.43,11.66,29.51,744.98,23.67,36.88,805.33,17.22,14.13,3101.74,2,7047.9,3,1533.95,0,0,67.21,30.71,29.19,0
1123.21,8.99,21.34,1547.13,49.42,46.85,1230.98,35.36,31.29,3901.32,2,6865.31,2,7279.11,0,1,51.83,58.63,54.71,0
1182.71,9.12,29.18,374.65,6.94,23.58,157.69,5.91,0.0,1715.05,0,4377.94,2,4186.15,0,0,64.32,9.07,1.33,0
409.45,2.21,6.42,784.78,27.38,23.86,1269.05,35.39,33.76,2463.28,2,5138.86,2,14523.93,0,0,10.42,37.98,49.14,0
461.71,2.23,9.16,531.76,12.73,10.79,616.44,24.46,21.23,1609.9,3,2821.79,1,3901.49,0,0,18.63,11.17,33.38,0
949.47,5.25,19.82,777.31,28.85,24.04,476.97,22.36,28.12,2203.75,1,4965.19,2,13060.76,1,0,42.23,32.01,28.18,1
370.68,2.43,3.8,1535.9,58.71,52.06,999.73,29.34,23.8,2906.32,1,6800.54,3,14557.64,2,1,14.07,75.93,40.54,3
760.23,6.11,19.23,768.53,18.53,18.31,398.2,2.55,10.21,1926.96,2,4646.74,2,5530.93,0,0,31.4,26.92,12.71,0
516.33,3.68,13.92,361.32,11.24,18.25,682.49,21.89,21.72,1560.14,3,1088.02,0,5598.2,1,0,19.43,11.7,29.79,1
1248.54,9.29,29.31,479.44,15.15,17.37,68.14,0.0,4.17,1796.13,2,4763.0,2,13266.77,1,0,62.46,15.57,5.73,1
591.24,7.09,17.85,799.75,21.42,18.85,1217.7,32.25,19.82,2608.69,2,4608.38,1,7173.74,0,0,30.35,30.25,42.98,0
417.41,3.97,11.9,534.72,8.5,15.72,373.25,10.67,16.07,1325.38,2,1547.35,0,10629.1,0,0,20.71,16.99,12.57,0
1217.73,10.12,29.33,1400.11,32.44,41.69,1591.37,48.71,39.8,4209.22,1,6725.23,3,7009.24,0,0,67.43,52.08,67.74,0
370.29,1.0,11.93,989.79,31.08,26.61,238.5,5.83,3.99,1598.57,1,2268.91,0,5945.77,0,0,16.46,42.25,9.02,0
759.14,5.09,12.13,1627.01,51.45,51.86,542.33,23.26,13.34,2928.48,3,5250.94,1,13953.09,1,1,32.81,68.49,21.25,1
1111.2,7.18,24.75,767.96,13.89,30.4,1062.2,40.79,33.95,2941.36,1,5497.17,2,6666.65,0,0,54.71,22.46,45.43,0
257.44,1.3,8.52,1021.9,30.48,31.74,847.99,12.59,20.34,2127.32,2,2281.59,1,8461.85,0,0,13.3,47.91,28.21,2
677.61,3.26,20.65,773.02,13.53,17.94,1058.66,21.03,23.25,2509.29,0,4568.33,1,11489.98,0,0,28.9,22.28,32.75,0
198.7,1.29,8.56,776.1,21.79,19.19,697.72,28.73,17.87,1672.53,2,1481.58,0,10131.97,0,0,11.82,30.28,31.21,0
847.76,6.16,19.03,453.78,7.34,13.58,783.74,22.65,22.01,2085.28,1,3439.67,1,14445.64,0,0,41.18,6.04,26.57,0
1138.95,7.72,19.76,592.43,14.73,12.57,756.71,15.02,12.87,2488.09,2,3018.36,0,11126.83,0,0,52.63,18.92,22.98,2
408.63,5.6,12.05,1343.93,39.18,37.88,860.92,32.02,17.79,2613.49,1,3201.86,0,11500.2,0,0,23.48,55.94,38.8,2
647.05,4.77,9.42,773.67,26.01,19.39,292.74,5.13,6.79,1713.47,3,3357.14,1,6026.13,0,0,30.75,29.21,11.77,0
943.41,9.23,28.45,1456.98,50.68,45.38,450.41,12.45,13.06,2850.8,2,6679.53,3,6276.45,0,1,51.07,56.84,21.82,0
586.91,3.8,14.07,1337.18,43.67,40.72,786.25,24.1,16.68,2710.34,1,6525.45,3,1299.19,0,0,20.92,62.32,34.34,0
556.19,2.47,9.66,1013.61,39.67,32.17,407.89,14.86,8.65,1977.69,1,4018.01,2,11011.66,0,0,16.46,47.49,18.39,0
829.81,5.89,20.23,1708.27,46.16,50.47,846.97,26.58,18.44,3385.05,0,4034.97,1,592.64,0,1,39.19,69.87,35.41,3
769.1,6.58,14.15,945.72,30.76,30.98,626.6,22.23,23.14,2341.42,1,3909.84,1,2253.46,0,0,34.38,37.41,30.19,0
589.62,2.73,12.24,764.96,15.26,17.15,842.78,22.67,17.17,2197.36,3,2660.55,0,12059.33,0,0,22.24,26.5,31.48,0
1036.03,7.45,19.07,613.85,17.34,30.73,729.0,16.97,17.68,2378.88,1,5836.69,3,2900.11,0,0,49.71,26.79,25.22,0
646.44,5.11,12.7,862.2,26.7,30.58,482.02,12.28,14.86,1990.65,3,5531.41,3,3370.73,0,0,35.13,38.37,19.79,0
817.72,6.93,22.33,1119.74,26.37,38.56,1018.79,32.97,31.9,2956.25,1,2718.88,0,12760.64,0,0,42.96,48.66,47.08,2
926.42,7.12,21.85,985.55,15.06,28.77,543.54,15.12,14.46,2455.51,0,3401.85,1,5851.21,0,0,49.03,31.93,19.69,2
401.44,4.84,8.76,948.91,20.27,23.11,1503.53,40.92,39.07,2853.87,3,4338.87,1,6750.53,1,0,25.56,33.81,63.02,1
748.83,6.11,14.0,968.91,33.01,32.63,513.54,10.28,3.91,2231.27,2,3686.9,1,8138.63,0,0,32.81,39.59,22.48,0
548.82,4.48,19.98,1237.95,34.92,37.98,793.3,24.06,13.16,2580.06,3,3166.1,1,3435.02,0,0,31.61,51.25,33.87,0
587.99,4.35,11.42,496.53,15.42,23.24,1203.02,37.61,28.2,2287.54,1,3260.75,1,11437.35,0,0,24.54,16.8,52.7,0
506.91,3.64,16.3,271.31,1.13,9.03,1274.0,33.76,27.76,2052.22,1,4243.08,2,10376.79,0,0,26.95,11.01,50.21,0
977.12,8.28,20.58,1253.1,37.3,46.52,1305.25,35.9,29.95,3535.47,2,4364.51,1,11140.11,0,1,50.83,51.23,54.34,2
693.59,5.99,16.79,406.48,13.38,16.21,843.26,30.46,26.15,1943.32,1,2764.74,1,4470.48,0,0,31.61,16.6,42.54,0
512.53,2.84,12.61,292.31,3.46,9.42,1094.28,24.16,21.44,1899.12,0,1920.46,0,2650.71,0,0,17.24,10.43,34.79,0
332.1,1.54,6.57,557.33,24.23,12.91,1253.67,38.14,26.97,2143.1,3,2579.53,1,13311.25,0,0,10.14,23.97,54.87,0
290.51,3.79,8.88,786.07,12.98,19.39,501.54,18.56,12.56,1578.12,2,1594.67,0,5334.96,0,0,12.22,25.72,15.28,0
274.69,2.04,9.76,1363.54,42.6,38.82,493.81,5.33,12.09,2132.03,2,3741.87,1,1261.02,0,0,10.97,62.24,18.07,2
1161.45,9.78,26.16,1169.67,42.88,43.33,88.85,0.0,0.19,2419.98,1,3779.2,1,7834.53,0,0,65.31,47.22,2.23,2
936.44,6.42,20.03,1447.03,37.54,40.7,427.81,7.04,6.66,2811.27,1,4777.54,2,12644.64,0,0,44.75,59.07,11.01,0
629.35,6.76,12.98,719.12,19.3,25.71,1213.96,32.85,30.43,2562.43,0,4921.69,2,4342.92,0,0,30.88,31.13,42.88,0
1158.6,9.66,27.73,1080.94,19.98,29.49,189.16,3.93,6.17,2428.69,0,5042.82,2,949.32,0,0,64.06,27.65,9.59,0
893.11,6.11,22.83,814.08,14.85,23.84,839.62,21.6,24.87,2546.81,1,3297.93,1,13395.39,0,0,41.71,28.8,37.63,0
371.35,1.6,4.97,183.14,13.64,12.33,1165.56,28.6,19.72,1720.04,2,1740.0,0,4730.73,0,0,9.88,16.54,41.86,0
291.93,2.6,7.28,381.09,5.26,13.1,1366.05,33.3,28.7,2039.07,2,4087.65,1,9308.89,1,0,12.57,17.69,48.6,1
518.9,3.31,8.28,893.93,19.71,24.46,1405.27,33.79,33.03,2818.1,1,5513.43,2,2745.0,0,0,26.88,28.16,58.08,0
477.05,3.72,15.16,1020.72,35.96,34.29,786.56,19.56,13.07,2284.33,3,4846.68,2,8426.7,0,0,24.63,43.1,25.53,0
749.64,4.59,12.6,1201.51,40.1,41.26,261.98,6.36,5.27,2213.14,2,3610.98,1,6957.1,0,0,35.42,53.63,9.97,2
870.29,7.75,23.73,1389.86,39.45,44.42,980.38,35.67,29.93,3240.53,3,5485.41,2,14602.13,0,0,49.2,56.58,48.05,0
514.56,4.47,15.04,532.77,17.97,17.11,1790.53,56.12,47.4,2837.85,0,5682.64,2,2812.11,0,0,23.81,27.51,77.61,0
1499.03,12.7,35.95,423.49,6.97,19.69,985.11,14.94,21.83,2907.64,3,5786.2,3,9436.01,2,1,80.64,10.44,34.19,0
866.47,8.21,20.61,1260.72,41.1,48.05,1190.32,37.16,22.35,3317.52,2,6859.28,3,12386.59,0,1,41.45,60.36,53.29,0
869.86,5.93,14.93,527.82,14.57,21.08,915.89,20.68,19.44,2313.57,1,4345.75,2,1746.59,0,0,41.3,18.54,30.17,0
536.49,5.03,15.23,1033.59,27.49,25.86,738.03,14.79,16.55,2308.11,2,1822.38,0,8918.29,0,0,30.35,35.58,23.78,0
1076.28,9.43,23.92,592.08,11.26,23.16,553.31,15.31,7.51,2221.68,2,3452.14,1,10319.08,0,0,52.38,15.26,20.27,2
715.87,6.13,18.25,1264.58,39.44,35.46,1007.12,18.69,19.64,2987.56,2,2448.83,0,12151.57,0,0,33.29,52.34,28.63,2
408.88,5.17,13.4,645.85,22.51,17.94,1663.38,47.72,47.51,2718.12,3,3484.17,0,7652.97,0,0,19.12,29.22,72.21,0
689.81,5.99,16.25,1018.87,21.74,34.07,55.25,2.05,3.27,1763.92,3,3174.9,1,6849.66,1,0,35.79,38.18,4.33,1
779.75,5.81,18.94,798.6,14.6,34.06,173.27,0.39,2.24,1751.62,1,1306.96,0,10455.35,0,0,40.76,34.2,5.27,0
506.23,3.98,13.26,276.73,6.07,7.51,1565.1,46.12,39.19,2348.07,1,4418.64,2,13592.58,0,0,24.44,7.69,65.34,0
364.03,2.52,8.17,240.29,0.0,7.94,312.72,6.97,3.95,917.04,2,1749.16,0,5872.32,0,0,19.92,1.75,13.15,0
570.3,4.94,12.7,1080.0,33.27,37.36,1129.05,34.01,28.54,2779.34,2,4246.75,1,6672.19,0,0,30.28,46.36,50.35,2
721.12,6.54,16.93,721.51,22.64,21.17,1491.24,37.1,38.15,2933.87,2,5585.0,2,4645.09,0,0,34.71,22.8,61.51,0
770.59,7.1,16.8,1108.75,31.69,35.48,1418.32,35.01,39.58,3297.66,3,6251.56,2,9630.92,0,0,40.91,46.8,56.49,0
1007.26,7.53,17.28,864.66,19.3,22.59,794.9,22.94,21.67,2666.81,1,2836.58,0,1471.47,0,0,47.61,25.8,30.69,2
692.75,4.99,12.56,506.58,6.8,16.27,1267.65,42.65,24.71,2466.98,2,2916.58,0,4797.99,0,0,34.63,14.55,53.72,0
487.68,4.22,15.75,1102.05,38.58,35.31,346.79,9.99,4.6,1936.51,1,6253.01,3,4218.81,0,0,24.76,52.3,14.26,0
823.33,6.8,20.0,1818.31,55.79,62.7,612.02,25.57,13.95,3253.66,3,6093.23,2,8627.91,2,1,39.82,84.16,26.97,0
448.3,2.56,13.24,732.31,25.63,27.35,1199.31,38.38,32.79,2379.91,1,2783.4,0,8571.5,0,0,22.27,30.89,51.6,0
247.22,1.23,8.48,1156.68,33.84,30.94,1510.73,48.2,42.4,2914.63,3,3707.34,1,6122.4,0,0,12.76,47.63,70.29,0
446.63,3.27,10.91,816.49,16.82,21.4,651.93,25.88,28.36,1915.06,2,1609.25,0,8813.63,0,0,21.87,24.86,28.25,0
415.39,3.37,8.65,894.45,24.6,33.89,1042.52,26.12,27.75,2352.36,2,3401.18,1,2383.92,1,0,27.71,44.5,41.89,1
524.96,3.91,18.5,532.56,8.53,24.98,432.4,16.02,14.32,1489.92,0,3932.97,2,2363.25,0,0,33.48,20.04,20.81,0
480.25,3.39,12.99,892.25,24.04,23.89,1045.11,37.78,33.98,2417.62,2,3682.09,1,8462.32,1,0,26.33,31.03,52.81,1
651.25,6.23,19.83,668.48,21.9,23.79,568.76,7.12,15.08,1888.48,0,3056.95,1,10495.45,0,0,37.04,24.65,23.86,0
711.22,5.23,13.45,878.26,26.42,27.72,1216.24,38.54,38.69,2805.72,0,4517.79,2,8912.04,0,0,32.18,36.36,56.63,0
661.61,3.92,19.29,887.14,22.87,28.25,209.91,12.45,3.81,1758.66,3,3211.31,1,3896.31,0,0,26.71,33.98,7.86,0
298.03,0.96,9.3,312.06,12.26,10.62,762.68,16.77,11.56,1372.76,0,3680.14,2,1576.66,0,0,10.67,17.24,26.72,0
66.39,1.52,7.32,896.28,25.42,19.1,247.56,0.27,3.82,1210.23,3,1300.84,0,13903.94,1,0,7.67,37.13,3.34,1
185.11,2.19,6.18,575.22,12.53,23.55,1261.9,39.62,36.37,2022.23,1,3803.09,1,6686.47,0,0,12.1,21.91,53.53,0
527.04,4.72,13.64,576.48,9.19,14.47,721.72,9.31,16.33,1825.24,0,4535.83,2,1401.03,0,0,23.28,20.85,26.09,0
372.54,0.71,12.8,891.23,17.81,18.52,1746.6,49.57,38.46,3010.37,3,2604.29,0,11028.77,0,0,17.02,33.11,66.35,0
450.8,3.22,8.38,525.0,10.39,18.8,663.0,17.45,26.65,1638.8,2,3282.44,1,416.79,0,0,28.85,18.77,27.2,0
258.52,2.95,9.4,1188.29,37.93,35.15,679.82,17.64,13.85,2126.63,1,2209.4,0,10779.99,0,0,13.73,53.65,31.22,2
418.99,4.16,12.91,220.0,0.0,2.25,378.22,10.65,6.05,1017.21,1,1061.29,0,1486.74,0,0,23.61,3.06,10.06,0
381.19,2.39,9.94,447.7,19.02,19.22,1281.99,41.25,36.69,2110.89,3,2682.16,1,10655.25,0,0,10.26,27.59,56.47,0
401.63,1.64,5.12,1006.12,24.55,24.21,600.16,25.63,16.44,2007.91,1,2294.33,0,13496.86,0,0,14.73,39.36,28.12,0
809.43,6.38,22.03,1222.8,27.2,32.42,757.47,23.53,19.25,2789.69,3,6362.1,3,8201.34,0,0,41.8,48.4,31.47,0
925.15,6.33,23.29,899.04,19.73,30.19,695.78,18.65,14.3,2519.97,0,3959.18,2,740.26,0,0,45.94,31.86,25.75,0
410.77,0.97,13.53,1201.51,37.5,35.3,1141.78,33.24,30.12,2754.06,0,5428.91,2,6369.23,1,0,17.73,52.21,46.16,1
465.07,3.48,10.38,506.3,5.78,13.86,1164.57,38.03,33.93,2135.94,2,4586.44,2,2210.19,0,0,21.04,11.87,55.14,0
735.34,5.66,18.27,698.56,24.19,18.1,332.86,2.52,6.83,1766.76,1,2301.09,0,6074.58,0,0,28.29,26.12,9.08,0
1300.14,9.71,24.09,780.01,21.63,32.12,298.72,13.97,7.0,2378.86,0,3501.38,1,7161.71,0,0,61.52,27.34,16.13,2
724.33,4.07,8.82,583.99,25.23,19.94,1308.01,42.36,38.68,2616.33,2,6528.82,3,1403.37,0,0,29.02,30.02,61.23,0
380.53,1.54,11.26,890.45,43.99,30.28,948.76,26.52,13.1,2219.73,1,3350.12,1,8958.34,0,0,15.23,45.09,32.94,2
1046.97,9.73,24.14,300.61,1.05,12.11,1059.54,33.64,33.56,2407.12,2,4120.13,1,889.6,1,0,55.22,4.77,51.89,1
157.06,1.63,12.09,1248.89,34.15,32.68,329.99,11.92,23.62,1735.93,2,1734.45,0,11147.12,0,0,9.8,56.98,21.84,2
504.77,4.58,11.7,1029.61,29.57,36.04,963.76,26.81,24.55,2498.15,1,4650.59,2,10094.41,0,0,28.02,46.73,37.72,0
1236.69,8.41,24.88,438.43,7.69,20.38,842.35,26.06,22.05,2517.47,2,4122.2,1,5167.1,0,0,59.75,10.61,36.93,2
208.19,1.31,8.17,151.2,6.23,5.64,1167.62,36.38,32.93,1527.02,2,3247.11,0,1215.67,0,0,12.79,6.66,50.76,0
581.73,5.18,17.44,1768.76,53.88,50.49,572.36,10.09,9.38,2922.84,2,4257.98,1,12139.23,2,1,28.67,75.92,15.17,3
467.33,4.01,11.43,1055.45,30.79,33.63,548.58,15.76,16.31,2071.36,2,3359.79,1,10674.77,0,0,27.67,46.55,16.0,2
1442.02,11.65,35.45,743.99,13.13,25.39,416.01,0.26,11.26,2602.02,2,6491.82,3,5374.75,2,1,76.1,16.39,10.57,0
787.48,9.05,18.2,657.53,21.43,19.71,970.83,25.69,23.18,2415.84,2,4287.77,1,4524.26,0,0,44.02,24.08,39.91,0
1050.02,8.21,21.5,544.73,6.99,17.72,561.91,13.75,7.71,2156.66,1,5200.12,2,6257.2,0,0,50.94,14.29,19.12,0
761.69,6.1,18.76,1086.67,26.13,29.91,421.39,12.45,11.24,2269.74,2,4406.87,1,14509.85,0,0,38.96,42.65,17.26,0
864.77,7.44,18.47,1464.02,51.13,48.82,1178.57,35.51,32.22,3507.35,1,6309.49,2,5533.57,0,1,47.19,61.82,52.25,0
494.73,3.82,15.73,1121.8,33.31,28.7,718.12,16.12,18.79,2334.65,2,2274.31,0,3203.85,0,0,27.29,54.02,28.58,2
785.2,6.12,19.29,641.84,20.55,21.95,894.88,12.55,24.66,2321.93,1,5202.97,2,11528.8,0,0,38.58,24.51,33.83,0
294.66,3.42,7.24,852.2,32.63,33.65,522.61,12.01,14.89,1669.46,0,3644.5,2,10609.47,0,0,11.7,47.74,12.61,0
146.92,1.32,8.02,1094.61,35.41,27.25,234.72,1.88,0.0,1476.24,3,2074.87,0,2431.94,0,0,6.17,42.09,1.7,0
1485.55,11.44,33.76,1088.55,37.91,46.61,1388.26,42.82,28.09,3962.37,0,6698.44,3,12295.12,2,1,79.5,55.8,55.96,3
1268.02,10.56,30.58,1082.55,26.92,25.01,341.37,0.31,3.06,2691.93,2,5904.14,2,8887.72,0,0,68.19,36.19,11.95,0
944.73,9.32,28.51,1125.68,25.25,39.06,173.78,0.0,0.28,2244.18,2,2719.25,1,4569.63,0,0,57.72,43.58,5.0,2
810.56,5.32,20.52,843.9,26.17,36.68,194.99,1.84,6.51,1849.45,0,2402.06,1,5288.16,0,0,40.76,41.26,3.73,0
1365.49,12.16,33.87,853.81,19.28,30.82,640.86,10.91,7.29,2860.16,2,5028.54,2,12081.21,2,1,78.33,26.14,24.24,3
584.2,4.34,12.87,854.32,25.3,33.74,1328.08,41.31,37.28,2766.6,0,3981.05,1,4945.28,0,0,31.96,39.96,61.14,0
1392.19,11.12,25.41,1622.18,40.16,54.0,1241.55,41.36,27.58,4255.92,3,7153.8,3,10381.33,1,1,71.47,64.73,54.05,1
979.23,8.22,21.2,683.75,24.82,24.12,407.79,6.71,7.86,2070.76,2,4468.19,2,326.63,0,0,51.02,23.32,14.32,0
1119.92,8.72,23.83,1345.69,38.41,45.05,1687.44,53.72,39.9,4153.05,2,7238.5,3,4263.11,1,1,50.98,54.99,69.69,1
665.61,4.85,18.87,283.62,9.56,11.54,871.76,21.85,14.49,1820.99,2,2703.21,1,3881.7,0,0,36.08,7.11,35.83,0
1035.82,8.72,16.65,1758.21,56.29,57.73,650.77,14.81,12.42,3444.81,1,5867.02,2,13123.7,0,1,54.93,69.52,16.74,3
319.7,1.75,9.8,591.29,18.39,22.63,1137.79,32.05,26.43,2048.78,3,4484.25,1,14337.3,0,0,12.6,29.25,50.4,0
1036.96,8.36,27.04,953.86,27.35,34.62,930.48,31.41,23.33,2921.3,2,5029.36,2,13197.02,0,0,53.33,39.57,37.09,0
1092.99,7.6,29.85,746.65,19.17,33.72,377.45,10.91,15.66,2217.09,2,3471.74,1,3581.13,0,0,51.62,26.95,13.63,2
1296.62,10.32,31.98,435.9,8.25,16.29,544.1,14.9,7.42,2276.62,0,1727.26,0,4662.57,0,0,64.75,9.09,18.76,2
1120.0,8.65,21.5,641.73,23.02,28.19,398.94,5.9,10.7,2160.67,3,4170.18,1,12100.97,0,0,51.61,26.5,14.0,0
656.41,5.16,16.98,1044.16,40.87,41.67,875.42,23.26,19.3,2575.99,2,3454.61,1,343.3,0,0,39.2,52.8,37.11,2
1011.86,9.11,23.37,1388.56,42.71,47.93,404.42,9.87,0.81,2804.83,2,3581.06,0,14591.84,0,1,48.28,56.91,11.76,2
585.77,5.95,18.79,1383.79,40.14,43.44,1140.75,38.38,37.35,3110.31,2,6360.31,3,12757.15,0,0,32.46,59.18,51.48,0
537.22,2.49,16.57,1317.44,35.21,34.03,1183.46,35.08,34.12,3038.11,2,5584.83,2,1080.97,0,0,23.43,50.34,55.68,0
620.1,6.13,17.67,1531.31,38.49,43.34,630.69,19.26,13.65,2782.1,2,5431.0,2,5985.75,0,0,31.09,62.14,20.21,0
353.8,4.14,7.72,600.89,19.28,19.67,911.31,26.74,16.71,1866.01,1,3331.4,1,10264.64,0,0,18.27,23.47,37.23,0
829.86,5.43,13.58,1157.86,45.86,47.43,760.59,18.62,11.37,2748.31,2,1753.68,0,1283.68,1,1,36.44,52.3,23.63,1
807.85,7.83,26.14,780.04,16.92,17.21,459.21,13.1,8.16,2047.09,1,1361.46,0,10165.01,1,0,47.89,22.68,16.75,1
415.03,1.76,8.2,284.37,14.95,14.1,887.71,24.64,25.46,1587.1,0,4619.37,2,10133.28,0,0,10.56,13.38,42.86,0
872.57,5.49,16.52,1211.94,35.87,40.37,662.62,23.02,17.91,2747.13,2,5289.45,2,8354.89,0,0,41.23,46.45,24.11,0
473.87,4.2,9.0,548.07,17.36,24.31,817.76,34.77,26.67,1839.7,2,2980.27,1,5961.15,0,0,21.13,27.91,41.23,0
944.19,6.28,20.41,1635.84,39.27,46.69,685.29,22.82,18.79,3265.32,0,5210.65,1,1770.32,0,1,48.67,61.16,34.37,2
718.23,6.17,22.77,579.48,13.12,20.87,224.59,12.11,0.45,1522.29,2,4708.8,2,2833.92,0,0,37.1,25.25,6.02,0
830.7,7.59,18.14,989.08,31.96,33.0,1763.75,53.27,43.54,3583.53,1,5700.99,2,12242.85,0,0,39.62,44.96,75.16,0
92.56,0.0,9.58,366.6,18.56,19.2,347.37,8.56,5.94,806.53,2,548.76,0,13456.51,1,0,6.89,23.33,11.09,1
294.99,3.86,15.01,627.06,20.63,24.23,1187.39,36.56,30.1,2109.44,1,3343.5,1,9201.57,0,0,25.6,26.0,53.34,0
730.88,6.64,17.35,1432.12,37.85,37.22,1181.91,36.61,31.05,3344.91,2,7320.88,3,3735.05,0,0,35.78,60.56,53.24,0
857.89,7.77,15.36,1125.61,39.09,35.26,778.92,21.04,16.01,2762.42,0,4866.79,2,8014.98,0,0,46.53,48.79,19.05,0
602.62,5.96,19.1,757.19,21.47,26.42,488.65,19.67,11.78,1848.46,2,3181.5,1,3201.46,0,0,33.11,33.84,23.25,0
681.88,5.92,16.92,1366.19,46.68,45.68,369.42,12.02,6.32,2417.49,3,4602.91,2,5211.28,0,1,40.44,65.99,16.35,0
278.97,0.16,2.03,961.1,27.04,29.21,1754.64,46.45,42.87,2994.71,2,3574.33,1,9448.06,0,0,5.7,42.3,69.06,0
765.01,4.63,9.95,908.01,19.02,24.32,318.56,7.98,5.4,1991.58,2,2481.79,1,5288.72,1,0,29.96,33.93,14.05,1
1279.4,10.91,30.17,851.44,14.72,41.55,248.18,5.04,4.13,2379.02,2,4076.19,1,14366.05,1,0,66.86,28.22,8.37,1
798.48,6.98,21.63,914.62,25.72,25.92,1250.51,32.72,26.41,2963.62,3,4832.16,2,14497.91,0,0,40.61,32.68,52.56,0
521.28,3.98,6.07,367.76,12.26,11.6,781.93,23.98,20.17,1670.98,0,1755.79,0,2710.23,0,0,22.64,17.57,33.02,0
788.73,6.82,16.65,955.21,24.83,36.78,1320.04,41.45,29.34,3063.98,2,4393.28,1,6643.87,0,0,37.76,41.76,50.69,0
536.59,4.52,15.78,593.81,13.65,18.38,644.61,19.42,8.76,1775.02,3,2851.18,0,9747.45,1,0,27.68,23.04,20.61,1
961.8,6.14,20.72,1187.0,35.74,38.07,1506.21,34.91,34.24,3655.01,2,3221.75,0,11630.32,0,0,43.6,42.92,60.84,0
1070.23,6.91,20.95,555.42,10.82,21.54,494.56,8.69,5.81,2120.21,0,5790.19,2,8322.63,0,0,49.98,10.42,11.77,0
889.8,7.28,19.34,667.31,16.21,24.41,439.35,2.7,17.3,1996.46,1,2403.0,1,4117.37,0,0,41.69,19.65,16.41,0
948.95,7.26,21.97,958.03,32.59,27.05,276.98,5.31,0.0,2183.95,1,3247.14,0,14544.12,0,0,40.37,34.5,2.72,0
588.25,5.54,14.99,1563.08,58.43,43.75,1134.3,31.5,34.62,3285.64,3,7154.34,3,10213.91,0,0,24.8,74.88,45.33,0
413.12,5.37,14.44,739.0,20.95,28.71,307.59,18.11,9.63,1459.71,2,2306.46,1,3197.15,0,0,21.42,29.72,14.01,0
832.56,7.41,18.2,1027.0,32.8,32.99,567.1,15.35,7.02,2426.66,2,3519.59,1,10821.65,0,0,41.46,49.97,19.44,2
416.99,2.62,6.27,868.37,34.07,31.39,1378.29,38.61,37.18,2663.64,2,5535.92,2,10269.07,0,0,14.54,33.89,60.55,0
532.79,4.44,16.17,1045.68,36.71,32.78,1515.03,44.56,44.11,3093.5,2,6421.36,3,1754.81,0,0,29.83,45.56,71.63,0
984.78,7.54,25.42,1172.59,23.86,31.55,432.01,15.94,17.95,2589.38,3,4071.69,1,5692.69,0,0,51.48,37.2,22.4,0
1275.36,11.8,28.67,1396.2,32.47,45.03,168.62,6.72,3.57,2840.18,2,3109.61,1,14802.52,2,1,73.45,53.99,7.95,2
1245.78,8.85,25.24,722.45,10.63,28.29,1342.87,33.2,34.21,3311.09,2,5668.31,2,9367.22,0,0,55.83,28.02,49.85,0
1113.54,10.42,24.45,853.36,17.42,27.88,797.45,30.38,30.53,2764.35,3,4871.8,2,13657.3,1,0,55.61,32.19,44.53,1
260.66,1.65,2.6,209.95,4.41,8.69,552.21,12.55,8.77,1022.82,0,1924.46,1,7076.94,0,0,7.39,9.04,22.22,0
738.19,6.74,19.67,375.22,13.53,15.36,1136.26,32.33,22.63,2249.67,3,3302.85,1,6627.84,0,0,43.27,11.68,45.08,0
972.07,6.43,21.14,611.04,18.29,16.86,367.57,7.48,1.11,1950.68,2,3000.69,1,4681.98,0,0,44.62,20.47,13.28,0
505.22,3.99,11.39,766.12,26.56,22.49,412.42,9.2,13.42,1683.76,0,4109.24,2,7667.63,0,0,22.24,36.4,16.23,0
509.9,5.21,19.43,1120.73,36.09,34.02,1126.6,30.86,25.27,2757.22,0,4221.5,1,1981.09,0,0,31.88,48.05,50.79,2
865.83,6.3,15.83,801.7,25.02,23.69,337.89,10.02,7.39,2005.42,3,4122.16,2,9134.91,0,0,41.63,40.21,4.56,0
357.26,2.61,18.37,722.21,14.96,14.94,921.2,24.39,29.38,2000.67,1,1711.69,0,12453.58,1,0,19.75,28.84,39.84,1
1142.08,9.84,25.55,1523.08,46.42,57.35,1056.99,37.57,38.38,3722.15,1,5577.49,2,10652.1,0,1,58.75,67.64,49.53,3
1008.87,7.4,21.31,799.69,29.14,36.1,636.82,18.0,18.77,2445.38,3,2162.36,0,5944.92,0,0,48.26,35.99,27.1,0
660.7,4.76,18.73,1841.98,56.37,58.19,665.56,18.76,18.03,3168.24,2,4878.0,1,8154.12,2,1,31.39,80.27,24.95,3
961.23,8.76,20.52,211.86,7.99,18.56,949.04,29.57,25.38,2122.13,2,3655.16,1,11397.49,0,0,57.15,7.36,42.54,2
276.45,3.83,15.24,444.75,10.05,12.33,542.98,11.1,5.3,1264.19,2,1486.56,0,2787.03,0,0,9.74,14.15,18.72,0
522.88,3.46,10.24,450.73,4.31,14.17,858.41,23.79,16.44,1832.02,3,3639.64,2,3456.56,0,0,20.82,13.57,35.12,0
811.45,5.99,22.2,701.1,22.0,23.56,658.11,12.86,12.32,2170.67,1,5025.33,2,14690.03,0,0,41.53,29.79,24.15,0
1157.99,7.16,25.17,1166.17,31.74,44.22,1722.43,54.39,43.0,4046.59,1,7312.63,3,439.24,0,0,57.6,47.54,67.82,0
870.88,5.34,16.5,1504.48,49.25,43.04,576.17,19.97,16.32,2951.52,1,4546.39,2,618.56,0,0,41.57,64.16,30.21,0
734.71,7.02,23.93,672.93,9.21,32.51,416.75,14.22,7.85,1824.4,1,2907.78,1,10223.41,0,0,45.36,22.18,16.75,2
383.15,3.16,10.54,275.74,8.95,2.65,535.74,19.87,21.54,1194.63,0,1671.0,0,6850.81,0,0,11.28,4.03,24.3,0
848.56,9.06,29.97,1299.79,30.81,35.9,634.84,21.65,13.93,2783.19,2,6140.64,2,2695.63,0,0,45.19,51.05,28.06,0
1110.16,9.48,27.32,1011.49,21.85,44.93,584.21,17.37,8.42,2705.85,1,5215.57,2,315.95,0,0,60.45,32.83,21.91,0
1200.63,10.75,25.97,479.07,0.0,11.75,594.81,11.26,17.7,2274.5,1,2471.99,0,12136.99,0,0,65.35,4.9,23.03,2
536.92,3.05,6.41,275.29,8.75,11.21,461.55,10.42,18.77,1273.76,2,1265.65,0,14644.64,0,0,19.92,6.71,24.6,0
643.66,4.33,11.44,1289.22,36.63,41.57,1312.06,35.34,40.71,3244.94,3,6924.64,3,10143.54,0,0,24.76,58.7,61.02,0
688.04,4.88,16.86,1164.09,33.21,39.29,561.25,7.43,7.46,2413.38,0,2832.6,0,12338.41,0,0,31.68,50.56,16.38,2
1181.02,9.68,26.04,749.01,22.47,32.99,558.22,21.13,14.23,2488.26,2,2286.16,0,3452.35,0,0,63.31,26.16,27.5,2
394.25,0.2,8.87,748.19,16.16,19.71,552.54,23.09,16.76,1694.98,2,1549.58,0,14360.01,0,0,4.53,25.99,17.9,0
267.98,2.25,9.77,530.48,17.36,11.13,754.24,34.77,22.06,1552.69,3,3013.85,1,7622.41,0,0,10.52,25.24,38.97,0
360.35,4.0,7.72,1260.73,38.1,35.72,1322.23,50.05,38.86,2943.31,3,5197.32,2,3293.22,1,0,18.48,51.09,63.41,1
773.01,5.07,15.65,522.25,15.36,19.99,1260.92,31.23,36.64,2556.17,0,3901.01,1,8388.8,1,0,33.95,19.93,50.89,1
604.81,5.33,12.8,1341.17,38.36,41.19,850.76,23.61,13.92,2796.74,2,6210.52,2,3128.42,0,0,29.69,53.58,27.79,0
654.53,3.75,13.95,672.82,13.84,18.37,953.93,24.94,18.33,2281.29,1,4316.57,1,13967.12,0,0,22.63,23.11,34.89,0
254.47,1.85,11.0,665.61,18.0,16.15,1440.18,39.15,37.12,2360.26,0,2439.78,0,7047.69,1,0,13.45,27.96,63.75,1
835.63,7.39,18.17,976.71,28.08,27.56,1057.23,40.0,29.75,2869.57,2,5663.18,3,3752.85,0,0,42.78,37.62,47.38,0
762.77,6.06,10.97,747.41,23.18,26.61,887.96,21.84,16.02,2398.14,2,4588.33,2,8961.51,0,0,31.12,34.75,34.34,0
680.67,4.33,24.36,518.28,11.41,10.32,413.15,22.59,8.48,1612.11,1,2255.61,0,4121.01,0,0,31.2,14.85,22.1,0
1160.73,9.56,27.44,518.74,0.0,15.15,1538.76,47.24,36.47,3218.23,3,5640.61,2,13641.97,0,0,61.36,8.5,63.84,0
561.02,6.11,16.75,592.28,10.25,13.13,521.22,13.4,16.03,1674.52,1,1939.3,1,5963.52,0,0,30.82,14.8,22.13,0
592.24,5.33,11.1,893.79,28.58,28.34,405.49,0.0,5.93,1891.52,1,2989.74,1,2276.23,0,0,33.51,37.79,6.96,0
677.71,5.6,20.81,540.85,7.34,21.32,731.51,20.65,15.31,1950.06,2,4886.08,2,13308.62,0,0,38.96,6.7,27.81,0
873.69,6.5,22.11,529.39,12.17,15.28,501.8,18.56,13.88,1904.89,1,3051.62,1,5468.29,0,0,39.78,18.59,19.51,0
525.35,3.41,13.45,681.7,22.03,11.09,598.96,15.93,8.54,1806.01,2,4050.7,2,9700.83,0,0,21.25,29.65,22.1,0
1416.65,12.36,30.58,1049.02,24.88,39.15,630.86,22.46,15.99,3096.54,1,6598.19,3,12839.75,2,1,71.94,38.99,26.22,3
221.18,2.01,9.87,249.03,11.13,3.95,1114.44,30.99,26.52,1584.65,2,2337.89,1,7599.45,0,0,12.75,7.83,44.31,0
985.24,8.25,20.39,202.36,2.87,18.52,1219.4,36.86,38.5,2407.01,1,3270.3,1,13914.35,0,0,51.58,6.05,55.35,2
986.0,7.78,20.02,255.09,10.41,13.67,350.3,3.73,5.69,1591.39,1,2208.96,1,11301.2,1,0,48.88,7.58,6.95,1
709.7,4.83,14.59,450.37,14.06,18.69,1756.57,56.04,38.44,2916.63,3,4384.13,2,5725.06,0,0,29.38,20.72,77.4,0
692.74,6.4,19.65,409.05,2.99,7.68,577.36,11.06,5.98,1679.15,2,3737.86,1,1949.7,0,0,32.44,10.91,18.37,0
264.43,2.13,9.18,825.57,19.26,19.49,924.26,21.99,22.21,2014.27,2,5214.55,2,12675.61,0,0,9.66,28.85,34.45,0
996.45,7.97,22.04,1021.03,25.86,41.71,658.0,11.66,7.32,2675.49,1,5351.79,2,9968.89,0,0,55.04,42.64,25.13,0
793.18,5.92,15.52,823.98,22.01,30.46,834.4,22.19,18.19,2451.56,2,2645.81,0,10610.59,1,0,35.61,33.0,30.69,1
828.27,7.13,13.5,300.08,2.27,14.76,473.45,11.8,9.52,1601.79,3,911.59,0,2645.01,0,0,42.81,9.12,19.45,0
1104.24,10.41,28.46,1583.98,43.13,45.48,1797.5,46.94,44.63,4485.72,2,6680.32,2,656.45,0,1,63.17,62.92,74.69,0
251.01,0.97,9.07,431.32,14.24,13.49,1141.21,36.85,30.4,1823.55,2,3624.64,2,3676.05,0,0,13.43,14.72,55.07,0
615.22,4.39,14.9,673.63,20.82,19.81,1510.08,48.78,45.19,2798.93,0,3001.38,1,14737.75,0,0,26.7,21.56,69.35,0
995.17,7.17,30.77,1084.52,31.57,43.84,501.59,15.13,10.17,2581.29,2,2690.43,1,7110.6,0,0,47.66,48.61,19.53,2
314.28,2.79,12.38,681.89,21.83,22.42,700.87,27.93,23.66,1697.04,1,2466.3,1,10022.6,0,0,24.93,27.04,36.37,0
645.31,6.06,16.78,1358.28,48.65,45.15,950.49,27.7,24.98,2954.08,2,4800.75,2,2001.93,0,1,31.81,60.81,38.71,0
787.55,6.98,18.87,1287.77,33.83,40.5,958.78,17.58,13.02,3034.09,1,4372.33,1,9994.19,0,0,45.05,54.98,29.85,2
471.08,2.98,11.49,1233.69,28.3,31.86,428.56,14.62,12.31,2133.34,1,3097.51,1,13120.98,0,0,19.97,50.21,18.62,2
1080.44,9.18,20.62,1256.11,32.42,45.03,728.09,17.0,15.0,3064.63,0,5229.06,2,9970.98,0,1,52.96,54.21,28.8,0
776.08,7.77,16.91,818.89,23.03,29.63,593.66,16.66,17.92,2188.63,0,2505.72,0,5202.93,0,0,43.44,33.17,27.25,0
971.36,7.72,16.9,1231.37,29.52,43.75,1168.56,28.09,22.11,3371.29,2,3158.2,1,4603.68,0,0,49.48,54.6,44.12,2
713.05,5.06,12.76,761.82,17.95,18.29,189.77,1.98,2.08,1664.64,0,4950.78,3,1521.41,1,0,31.45,19.08,5.55,1
641.38,3.45,15.02,679.78,12.95,15.83,586.8,19.31,15.15,1907.96,3,3174.77,1,14465.34,0,0,26.64,31.26,22.64,0
1023.18,8.23,23.71,719.39,14.71,26.27,993.44,31.41,26.51,2736.0,1,4547.43,2,4283.22,0,0,56.16,21.07,42.03,0
282.01,2.07,6.59,1221.32,45.7,42.07,126.41,4.57,0.0,1629.73,1,3478.77,1,493.01,0,0,6.43,63.45,2.83,2
545.85,3.99,12.31,1582.15,51.48,44.32,217.32,12.63,7.96,2345.32,1,3072.28,1,14688.05,0,0,24.73,69.58,11.38,2
322.79,3.29,10.95,328.7,15.94,15.67,186.86,0.0,3.79,838.36,3,1420.89,0,13241.8,0,0,15.68,16.32,3.58,0
718.73,5.61,17.84,1179.0,41.08,36.11,969.77,28.9,19.05,2867.5,0,4194.93,1,11947.71,0,0,35.89,49.31,41.17,2
573.54,4.15,13.44,509.0,13.34,15.34,742.77,24.93,15.13,1825.31,2,3077.17,1,6385.88,1,0,23.86,16.81,36.43,1
905.38,5.38,18.85,829.08,20.0,24.91,95.19,7.31,7.56,1829.65,0,6185.75,3,8354.65,0,0,42.37,31.97,8.59,0
575.77,4.45,15.42,1651.62,51.17,47.82,1444.88,44.88,32.68,3672.26,3,7005.22,3,12435.91,0,1,23.51,72.02,62.35,0
674.03,5.74,11.58,505.48,11.42,9.25,1316.54,33.87,34.67,2496.04,1,5073.92,2,10998.32,0,0,35.99,14.05,57.13,0
408.75,2.39,8.75,430.01,14.14,13.57,577.08,24.64,16.23,1415.83,1,3214.8,1,963.31,0,0,17.27,18.83,28.13,0
688.94,6.09,14.82,1178.74,31.51,42.97,278.49,1.23,0.79,2146.17,1,4656.91,2,10635.06,0,0,34.9,47.74,4.81,0
229.25,1.97,9.51,1282.34,45.7,37.16,1013.96,31.82,32.87,2525.54,1,2508.74,0,8598.93,0,0,7.35,58.38,44.37,2
998.93,8.2,22.04,1795.49,49.89,53.47,1179.78,34.59,24.07,3974.2,1,6012.43,2,2719.81,0,1,53.3,73.49,47.0,3
965.92,5.79,16.84,361.45,10.38,16.31,778.24,24.48,17.78,2105.61,3,3667.61,1,8379.18,0,0,42.16,15.51,35.1,0
1181.98,11.14,26.97,1649.2,45.08,51.06,654.23,14.62,19.02,3485.42,2,5964.1,2,8744.17,0,1,61.3,69.2,27.36,3
621.17,4.74,18.14,1139.76,37.6,35.69,421.06,13.0,11.94,2181.99,1,4363.75,2,1614.82,0,0,30.68,48.41,17.8,0
1267.81,8.71,29.62,638.9,23.27,21.25,404.71,11.1,10.17,2311.42,1,5300.56,2,8172.04,0,0,64.02,20.7,16.05,0
1188.76,8.73,27.62,698.58,17.14,24.98,790.99,21.41,19.63,2678.33,0,5744.85,2,1276.41,0,0,56.67,17.63,30.85,0
904.03,7.65,21.31,763.59,17.68,31.38,1778.08,53.66,44.49,3445.7,1,4181.26,1,1262.47,0,0,45.58,31.4,77.98,2
897.85,7.43,22.23,890.18,18.06,30.38,765.17,22.19,12.46,2553.2,2,2849.01,0,10184.6,0,0,46.82,30.42,27.85,2
287.12,1.1,6.86,597.92,13.98,22.75,210.47,13.99,12.7,1095.5,1,2353.9,0,12710.83,0,0,7.55,28.88,10.75,0
800.48,4.88,15.32,762.76,17.44,24.14,458.75,21.13,7.49,2021.99,2,1983.39,0,6633.66,0,0,32.29,23.16,20.06,0
911.3,6.04,16.03,534.13,12.56,18.39,915.61,28.22,13.64,2361.04,1,3587.93,1,6253.25,0,0,39.87,15.2,35.99,0
157.91,0.37,10.13,259.32,8.46,16.68,428.34,10.6,3.86,845.58,1,253.27,0,6963.56,0,0,8.7,15.95,11.29,0
719.06,4.09,10.83,782.68,15.39,23.43,663.6,11.81,18.64,2165.35,2,2508.76,0,8745.26,0,0,32.07,25.14,25.68,0
769.84,6.47,14.6,891.68,15.12,24.88,584.83,13.92,3.4,2246.35,2,1604.41,0,13714.77,0,0,38.64,32.48,19.11,0
488.69,3.71,16.57,869.53,25.42,25.34,467.59,16.72,9.35,1825.81,2,1858.41,0,6382.29,0,0,17.04,36.96,21.21,0
967.61,6.37,19.06,669.7,16.12,28.01,1186.03,28.11,34.85,2823.35,2,3859.23,1,13347.86,0,0,41.16,27.01,52.03,0
431.48,5.92,15.95,471.99,11.15,19.81,1091.97,37.71,20.72,1995.44,2,2852.05,1,1118.9,0,0,30.08,19.86,42.94,0
839.88,7.62,16.12,723.05,25.82,20.61,523.03,14.6,13.52,2085.96,0,4187.17,1,679.57,0,0,42.16,23.8,21.33,0
691.68,5.66,19.06,203.77,8.97,12.8,1231.54,34.33,32.4,2127.0,2,4406.37,2,6711.51,0,0,36.01,8.99,53.97,0
409.64,3.95,16.64,756.01,24.01,21.91,723.96,17.25,18.58,1889.61,1,3664.4,1,10060.04,0,0,21.47,34.46,30.56,0
528.94,5.04,19.52,604.85,14.12,20.42,343.55,12.91,12.68,1477.35,2,1070.62,0,12278.1,0,0,29.04,18.9,17.02,0
802.08,6.33,15.19,256.95,5.03,19.81,1468.73,48.88,35.42,2527.76,2,4622.27,2,2549.36,0,0,42.1,10.07,67.45,0
390.12,1.24,14.99,1094.38,42.55,30.56,607.15,24.0,19.63,2091.65,1,2849.96,1,9829.49,0,0,18.52,55.25,26.64,2
856.74,7.26,20.68,985.1,24.42,32.46,665.17,10.26,6.99,2507.01,3,5134.21,3,12716.3,0,0,44.71,36.44,19.65,0
275.11,3.73,4.36,918.01,24.19,24.15,1008.34,30.36,24.27,2201.46,3,3167.83,1,7556.85,0,0,19.83,40.76,43.67,0
889.47,6.66,15.92,1155.23,34.02,26.89,656.09,18.45,14.99,2700.78,2,5652.46,2,780.22,0,0,44.4,39.28,27.34,0
1076.13,9.71,17.09,1538.28,43.99,55.75,1759.37,49.25,45.4,4373.78,1,6623.86,2,10623.07,0,1,50.65,67.34,72.86,3
307.62,3.25,12.1,643.21,32.11,28.03,627.45,14.13,8.38,1578.28,2,3094.77,1,13452.29,0,0,15.12,34.15,24.46,0
560.59,4.26,16.34,488.82,10.75,13.77,997.97,38.25,32.55,2047.39,1,6257.97,3,5413.95,0,0,34.0,10.18,43.46,0
859.93,6.71,18.06,834.79,29.64,29.64,1494.64,48.48,37.42,3189.35,1,6322.85,2,10480.23,0,0,42.91,38.45,64.25,0
963.45,6.43,20.24,225.26,0.47,11.44,519.55,16.95,17.36,1708.26,2,1246.57,0,808.5,0,0,44.37,6.16,23.65,0
688.67,5.0,21.86,857.65,31.15,25.84,865.44,30.18,19.49,2411.76,1,2605.65,1,8378.58,1,0,33.12,36.09,40.69,1
183.12,1.96,7.25,486.21,22.62,20.92,622.18,17.74,9.76,1291.51,2,1234.01,0,3245.37,0,0,8.96,18.65,19.8,0
857.14,7.45,22.73,707.21,11.89,31.03,1186.76,31.1,20.0,2751.11,0,3783.64,0,9358.91,0,0,47.84,22.78,48.43,2
843.6,5.83,20.64,855.18,19.67,28.29,480.22,14.86,19.27,2179.01,0,4631.33,2,2996.45,0,0,39.28,28.56,26.54,0
795.86,6.6,15.64,885.1,29.67,36.96,1246.27,33.16,25.26,2927.23,2,5388.94,2,3852.6,1,0,40.8,47.51,48.93,1
732.21,6.77,20.18,464.79,11.69,13.98,703.13,23.95,12.65,1900.13,2,3074.77,1,3283.7,0,0,38.54,18.67,28.83,0
1052.27,9.67,27.61,646.01,9.82,19.51,1079.13,41.21,29.85,2777.41,1,4163.75,1,8553.98,1,0,56.71,15.0,46.15,1
732.11,6.13,20.34,1245.59,45.76,41.91,499.55,9.28,0.0,2477.25,3,6160.95,3,676.82,0,0,35.25,57.96,14.42,0
770.89,7.15,17.81,911.36,19.95,26.85,282.46,4.8,7.04,1964.71,2,2099.72,0,11177.31,1,0,37.86,36.64,13.22,1
449.56,3.17,14.91,811.52,21.99,25.91,890.26,26.39,28.81,2151.33,2,4599.33,2,8645.5,0,0,20.29,27.3,36.13,0
811.29,6.9,22.19,858.15,26.5,36.56,1359.79,35.38,26.7,3029.23,2,5396.89,2,8433.74,0,0,44.92,33.53,51.21,0
200.78,1.68,9.15,556.65,13.1,16.02,1069.29,36.95,23.95,1826.72,2,2644.47,1,13825.48,0,0,11.27,23.95,45.85,0
812.76,6.33,23.01,449.14,9.35,20.78,361.76,10.43,12.28,1623.66,2,2799.98,1,3553.23,0,0,43.6,13.22,14.27,0
531.64,3.14,18.56,954.52,21.66,26.5,1052.38,27.4,17.0,2538.54,2,4828.49,2,10670.06,0,0,23.8,34.22,36.27,0
915.25,7.62,23.16,483.2,15.94,19.06,1354.03,40.32,41.65,2752.48,1,4925.63,2,10292.48,0,0,43.96,22.08,59.93,0
387.02,2.35,8.47,1371.14,45.58,39.51,1112.7,31.2,30.38,2870.86,1,6329.2,2,7741.94,0,0,10.54,54.54,43.35,0
58.15,0.0,4.41,436.42,9.87,18.28,352.4,7.4,12.73,846.97,3,1309.85,0,270.41,1,0,2.5,19.08,17.75,1
985.41,8.28,23.06,547.13,14.14,22.77,675.33,14.87,9.93,2207.88,1,2377.76,0,5367.61,0,0,47.08,18.5,23.0,2
399.4,3.73,14.35,282.11,3.92,9.86,129.36,0.07,2.19,810.87,0,1984.43,1,635.91,0,0,25.39,10.85,4.31,0
1040.18,7.78,26.49,1678.15,57.72,60.65,1011.69,27.36,21.55,3730.03,3,6687.74,3,826.38,2,1,51.79,78.31,37.75,0
720.11,6.5,16.95,620.75,24.31,27.24,898.99,26.5,23.92,2239.86,2,4583.28,2,9819.32,0,0,42.28,32.89,39.27,0
856.75,6.77,25.12,742.87,16.57,25.48,557.39,8.21,12.56,2157.01,2,1732.94,0,4054.5,0,0,48.6,20.27,18.86,2
1075.02,8.17,18.99,366.45,10.57,27.2,734.88,28.47,20.71,2176.34,2,2807.3,1,2091.87,0,0,51.93,18.11,38.06,2
633.56,6.34,15.0,230.85,0.0,5.75,1008.36,31.11,23.19,1872.77,2,1406.96,0,8817.58,0,0,30.07,3.79,42.25,0
1012.19,7.27,25.37,1246.41,30.78,44.87,707.99,23.25,19.54,2966.59,2,6138.29,2,12844.73,0,0,53.2,53.05,27.73,0
661.26,6.65,18.13,1450.84,43.3,43.68,758.0,23.49,30.2,2870.1,0,3273.2,1,6305.11,0,0,38.49,61.8,34.85,2
1208.94,10.55,27.69,1093.37,38.54,48.12,1684.43,48.54,38.5,3986.74,1,6458.95,2,8648.21,0,1,61.08,51.99,72.31,0
310.78,2.46,13.51,264.66,9.98,9.91,1148.89,22.02,24.59,1724.34,2,2100.21,0,9818.11,0,0,12.44,12.0,35.99,0
500.14,4.45,10.34,575.88,16.88,22.09,721.04,24.87,22.1,1797.05,0,3611.61,1,1938.9,1,0,20.13,19.9,33.31,1
447.25,5.28,10.63,485.21,8.78,24.98,1366.67,40.79,35.46,2299.14,1,4545.86,1,11247.16,0,0,28.12,15.62,55.97,0
865.36,7.08,15.9,878.49,25.95,27.6,299.85,6.53,8.29,2043.7,2,4903.16,2,8838.04,0,0,40.87,37.61,12.23,0
1032.68,9.68,24.1,702.16,6.57,26.1,1240.55,32.07,25.9,2975.39,3,6494.72,3,14780.6,0,0,55.34,22.79,46.82,0
495.82,4.28,16.37,1009.16,24.01,30.28,805.32,23.17,19.36,2310.3,1,4302.52,2,1291.95,0,0,21.81,35.07,31.31,0
772.06,5.92,17.61,691.65,20.84,18.93,973.35,29.59,24.28,2437.06,2,3740.8,1,14157.57,0,0,38.73,19.83,42.42,0
485.78,4.72,20.68,1002.78,27.22,30.59,435.32,10.81,11.29,1923.89,3,3738.99,1,5228.04,0,0,26.33,37.83,15.12,0
649.26,5.13,12.9,916.1,32.18,25.95,480.16,12.68,7.86,2045.53,2,2582.52,0,7081.17,0,0,33.46,34.54,10.04,0
1137.04,8.95,21.67,650.07,14.83,17.58,1571.93,43.59,32.08,3359.05,1,3544.42,1,2851.39,0,0,62.62,18.7,69.53,2
804.02,8.28,20.6,276.52,9.14,15.93,635.82,13.2,13.19,1716.36,2,3666.8,1,14846.36,0,0,42.56,7.36,20.76,0
996.2,8.35,22.53,1535.36,48.17,52.9,1226.46,45.59,34.85,3758.02,1,7066.23,3,4060.32,0,1,54.94,64.75,56.53,3
1137.83,9.99,22.69,1650.87,45.8,44.67,618.75,16.58,17.51,3407.44,2,5212.46,1,3167.1,0,0,56.98,60.66,22.15,2
278.84,2.81,10.27,756.05,20.54,18.1,846.6,21.02,20.93,1881.49,1,3653.43,1,287.84,0,0,14.87,27.47,34.82,0
564.56,3.19,9.86,660.65,22.77,20.84,527.54,11.35,7.03,1752.75,0,4130.49,1,10868.74,1,0,24.44,27.66,14.47,1
1037.74,5.57,20.18,371.49,11.79,22.42,813.15,24.44,23.62,2222.38,1,3372.0,1,393.77,0,0,38.69,19.75,33.12,0
801.22,6.91,20.01,1113.26,34.9,37.58,1063.41,30.77,20.09,2977.89,1,5760.1,2,3069.81,0,0,41.21,42.19,38.46,0
1330.83,12.56,30.71,944.95,25.55,33.98,1388.97,47.15,31.52,3664.75,2,7055.35,3,811.12,2,1,76.52,27.59,62.7,3
1435.1,10.25,28.71,1066.69,31.44,34.44,468.14,13.14,16.07,2969.92,2,5466.97,2,7654.81,0,0,65.93,42.66,22.63,0
843.69,5.27,25.04,417.81,8.78,15.78,688.55,22.6,24.18,1950.05,0,1280.01,0,9920.84,0,0,40.88,14.6,31.6,0
166.48,1.5,6.15,150.7,4.25,8.13,1833.01,56.28,44.84,2150.18,1,2667.01,0,10796.1,0,0,5.38,12.97,77.1,0
252.09,0.0,7.46,729.53,19.05,16.19,616.66,17.06,14.31,1598.27,1,660.13,0,5733.52,0,0,11.22,25.01,28.85,0
844.61,7.82,23.52,962.64,27.67,37.14,1465.58,51.07,48.41,3272.82,2,5293.85,2,2215.19,0,0,47.15,39.63,72.64,0
785.23,7.42,17.25,1553.73,44.16,53.47,667.8,12.81,18.73,3006.76,3,4136.8,1,8170.29,0,1,40.68,66.78,27.8,0
1056.04,7.75,26.64,1061.31,28.55,43.31,1549.01,46.56,38.26,3666.36,1,6287.79,2,424.43,0,0,57.69,46.41,65.59,0
152.34,1.32,10.07,811.68,26.04,33.08,481.24,14.69,12.91,1445.27,2,3124.56,1,5280.02,0,0,7.44,43.21,19.83,0
823.84,5.89,22.75,1101.61,27.05,31.04,195.29,5.22,2.0,2120.75,2,3585.48,1,13732.92,0,0,38.72,38.29,9.93,0
625.12,4.31,13.13,626.5,20.05,18.77,368.09,8.59,5.72,1619.71,0,2463.84,1,12040.29,0,0,25.97,25.88,7.34,0
387.64,3.68,7.37,483.08,17.28,12.06,656.53,19.56,5.34,1527.25,0,4207.48,2,5759.61,0,0,18.09,21.69,22.07,0
185.37,0.0,5.5,910.17,31.7,15.73,1125.02,28.02,23.86,2220.57,1,3840.95,1,9705.94,0,0,3.62,26.95,45.5,0
543.92,2.45,11.29,503.54,12.91,8.65,481.81,12.71,6.49,1529.26,2,1402.54,0,5813.39,0,0,16.46,14.28,11.9,0
1133.54,9.83,24.94,1094.81,36.31,47.15,257.93,8.45,7.67,2486.28,0,5605.56,3,9774.64,0,1,62.27,45.51,11.73,0
601.57,4.24,18.08,1096.1,29.55,36.04,253.0,2.72,3.43,1950.66,2,2163.66,0,13495.14,0,0,36.24,42.18,8.37,0
714.96,5.51,21.28,224.85,2.16,9.29,1827.23,56.63,48.07,2767.04,0,4024.4,2,9787.54,0,0,31.57,11.03,73.65,0
918.25,9.28,20.73,383.11,5.16,15.16,1360.62,40.32,34.92,2661.99,2,3331.78,1,6143.72,0,0,49.83,9.78,57.02,2
713.2,6.54,15.71,787.45,31.26,25.95,568.84,5.74,6.52,2069.49,3,2388.58,0,719.38,0,0,37.52,34.43,14.03,0
360.54,2.51,13.08,476.26,7.87,10.09,132.14,4.24,5.09,968.94,3,4703.95,2,3782.95,0,0,15.04,15.96,9.87,0
599.86,4.45,9.46,682.27,13.51,14.5,314.62,13.36,13.65,1596.74,2,3338.46,1,5387.81,0,0,23.37,18.82,18.47,0
775.4,5.61,18.36,548.87,18.89,22.35,1017.79,32.85,28.21,2342.06,1,4529.75,2,10476.18,0,0,38.05,26.71,44.43,0
520.4,4.72,15.29,772.09,20.69,17.56,1317.3,41.37,30.63,2609.79,0,2563.67,1,4359.1,0,0,33.89,20.74,53.13,0
953.37,7.92,16.46,419.77,6.87,13.64,1028.13,29.19,29.48,2401.27,3,3992.23,1,12790.23,0,0,46.93,6.7,39.41,0
958.31,7.83,21.29,693.43,22.74,25.8,461.2,7.81,7.05,2112.94,0,6077.99,3,13049.49,0,0,47.77,29.0,17.96,0
235.06,2.24,7.47,1178.41,40.34,42.2,760.46,15.77,21.51,2173.93,0,2650.58,1,8300.91,0,0,12.44,58.46,25.79,2
237.32,1.92,12.23,813.58,17.87,26.39,366.48,16.42,0.66,1417.37,2,3738.57,2,11722.98,0,0,16.31,38.31,10.68,0
439.39,2.26,13.18,719.71,21.93,24.48,786.92,29.69,13.86,1946.03,2,3007.34,1,8888.97,0,0,21.67,33.57,31.38,0
503.21,4.57,17.34,816.73,25.43,26.9,912.48,22.95,14.29,2232.43,1,5178.57,1,8961.16,0,0,33.75,36.45,31.34,0
174.77,1.43,6.78,1131.74,42.81,38.28,984.57,31.28,29.0,2291.07,2,2671.26,1,8572.32,0,0,13.21,60.18,40.37,2
199.36,0.39,7.73,495.28,11.52,9.65,230.25,8.55,3.47,924.89,1,1819.81,0,9370.5,0,0,12.64,20.34,9.68,0
586.02,5.77,17.54,1400.04,34.77,40.35,200.66,9.63,2.43,2186.71,2,2387.93,0,6549.29,0,0,33.68,57.72,6.02,2
585.95,2.84,10.8,1199.39,42.07,43.19,382.43,15.31,5.19,2167.77,2,2879.25,0,9268.67,0,0,24.2,55.71,17.93,2
1172.38,8.74,26.36,651.48,11.59,20.5,826.58,24.9,18.56,2650.43,1,1831.56,0,4803.15,0,0,61.36,18.38,34.38,2
277.86,1.3,9.35,623.97,14.43,15.62,579.7,23.55,14.62,1481.53,3,3072.33,1,10749.93,0,0,9.44,20.66,25.98,0
1377.24,10.66,32.15,687.54,12.44,35.74,100.95,6.29,6.29,2165.74,1,3884.88,1,6518.36,2,1,71.14,27.68,6.56,2
235.87,1.22,8.8,1154.3,37.7,37.36,1244.79,36.72,34.2,2634.96,3,6203.23,3,8879.46,0,0,15.5,55.23,54.66,0
846.81,6.04,19.61,860.98,31.08,31.9,815.78,30.99,21.24,2523.58,2,5628.07,3,12984.96,0,0,45.11,40.31,39.83,0
1361.54,11.98,30.86,668.69,19.54,32.7,593.61,16.6,6.29,2623.83,1,5067.05,2,914.04,2,1,72.21,26.11,19.49,0
430.69,2.94,9.83,950.7,22.31,24.44,1170.1,30.56,26.71,2551.48,1,4259.5,2,14570.43,0,0,20.07,34.22,46.2,0
947.01,6.16,16.96,673.74,15.91,28.21,668.88,20.31,20.24,2289.62,1,4777.73,2,13462.22,0,0,46.04,25.8,21.69,0
519.32,4.41,13.16,1276.36,37.73,38.31,1238.51,40.69,34.01,3034.19,2,2958.98,0,7742.62,0,0,20.3,54.96,54.62,2
762.81,5.24,16.92,1112.81,33.56,28.4,673.93,17.02,10.25,2549.55,2,5370.33,2,10196.23,0,0,36.29,45.87,24.48,0
1004.75,7.39,21.85,917.25,24.01,25.92,908.17,31.35,19.23,2830.17,2,3904.95,1,7570.56,0,0,43.55,32.29,42.38,0
945.74,7.3,19.43,562.24,14.1,20.37,946.58,33.82,20.95,2454.56,0,3695.14,1,11831.2,0,0,46.15,16.95,41.53,2
154.46,1.12,7.54,1367.89,47.65,43.57,738.81,17.88,13.67,2261.16,0,4327.18,1,2277.75,0,0,6.51,63.38,24.83,2
483.62,2.69,5.44,834.88,30.66,32.43,1221.86,31.15,32.5,2540.36,3,1732.71,0,4849.46,0,0,16.72,43.15,46.11,0
119.08,0.11,9.48,751.85,29.85,24.87,1310.12,35.04,22.33,2181.05,1,2584.37,0,10444.54,0,0,7.59,32.78,54.9,0
635.88,6.36,13.37,698.36,21.56,21.27,913.71,15.1,21.74,2247.95,1,4715.51,2,11426.96,0,0,28.51,27.02,34.36,0
1446.84,11.65,31.39,871.87,20.34,32.76,570.55,13.57,9.86,2889.26,2,2224.75,0,12258.26,2,1,76.6,33.31,22.9,2
1187.13,11.11,27.4,957.68,32.79,37.73,1461.73,38.36,37.44,3606.54,3,5779.85,2,5009.47,0,0,65.32,44.93,57.78,0
607.84,3.91,13.9,849.26,25.58,22.97,857.94,34.76,24.35,2315.04,2,5907.0,2,7822.8,0,0,28.39,33.48,39.04,0
318.42,1.44,10.27,620.19,16.49,23.21,774.89,15.0,26.85,1713.5,1,4393.34,2,3640.47,0,0,14.51,19.21,30.58,0
1256.3,12.86,30.78,241.01,2.75,25.87,330.45,2.94,3.85,1827.75,2,5084.31,2,8798.19,2,1,73.55,6.36,5.55,3
1384.93,12.71,30.74,741.15,8.74,23.76,483.02,8.25,18.46,2609.1,3,5332.76,2,10966.25,2,1,71.68,23.65,20.16,0
422.65,4.14,9.49,1262.11,52.86,46.71,508.3,11.36,8.03,2193.07,0,4351.93,2,235.14,1,1,23.62,67.23,19.08,1
342.67,2.89,12.23,660.35,16.52,16.82,846.45,33.02,18.27,1849.48,1,3264.07,1,185.49,0,0,14.05,24.16,32.42,0
584.39,3.57,14.63,369.36,0.0,7.39,1057.99,20.52,15.97,2011.74,2,2333.54,0,6350.02,0,0,28.59,4.76,39.73,0
299.29,2.17,9.62,1062.61,32.9,33.69,895.33,26.88,24.61,2257.23,0,4716.43,2,6289.28,0,0,10.27,48.58,39.97,0
314.15,4.22,12.7,1266.09,40.22,34.59,759.54,13.45,16.2,2339.77,3,4341.75,1,8415.07,0,0,23.11,53.21,28.73,0
101.05,1.24,3.75,469.51,8.89,10.53,1342.01,38.03,33.11,1912.57,1,4284.99,2,6023.96,0,0,5.57,18.82,52.46,0
367.71,3.8,18.02,901.68,26.54,31.59,881.72,26.01,18.26,2151.11,2,2470.14,0,10345.87,0,0,15.51,44.11,31.55,0
715.85,1.78,13.26,937.91,27.49,34.31,307.61,0.43,11.72,1961.37,2,2007.86,0,4756.8,0,0,22.51,40.69,10.09,0
1072.09,8.58,19.34,512.04,10.27,27.57,780.84,26.71,18.81,2364.97,2,4191.23,1,2920.01,1,0,54.5,14.06,32.99,1
653.0,6.59,16.55,485.61,9.18,18.78,635.71,22.79,17.06,1774.31,2,2900.24,1,11650.95,0,0,33.79,16.44,24.86,0
591.36,3.03,12.41,1128.64,31.71,29.93,957.57,33.82,32.1,2677.57,3,4793.71,2,3883.58,0,0,24.53,47.4,42.65,0
415.41,3.92,11.95,677.57,21.82,23.14,1202.01,34.92,35.92,2294.99,0,3738.83,1,9792.71,0,0,21.25,26.53,48.11,0
1368.69,10.76,24.48,1453.49,41.84,48.27,1701.53,45.35,45.18,4523.72,1,7955.14,3,1041.96,0,1,69.67,59.69,72.64,0
383.09,2.73,10.9,655.86,15.08,21.42,684.97,33.49,23.45,1723.92,2,3476.31,1,11838.53,0,0,16.61,30.01,38.14,0
227.9,0.0,3.59,1280.47,45.0,41.52,403.86,7.82,9.23,1912.22,1,2969.03,1,3611.53,0,0,3.45,57.51,12.61,2
1065.54,10.1,27.56,826.05,18.78,32.78,353.68,7.83,15.03,2245.27,2,4355.56,2,5992.71,0,0,51.81,27.88,14.21,0
509.6,3.24,13.78,1146.45,30.69,38.3,593.04,18.79,13.67,2249.08,2,3149.4,0,10107.59,0,0,26.0,49.04,22.12,2
352.49,3.39,14.79,656.41,20.39,29.21,557.28,9.23,9.21,1566.17,0,4592.89,2,1818.79,1,0,21.81,30.2,14.34,1
342.52,2.89,14.42,830.99,23.27,19.08,1150.57,33.44,28.06,2324.08,3,5240.03,3,3187.1,0,0,19.34,40.8,52.35,0
719.87,6.34,18.32,468.53,8.03,11.01,785.97,21.96,16.95,1974.37,2,3924.51,2,5935.03,0,0,34.23,11.41,33.43,0
960.69,7.92,22.69,610.38,19.07,26.97,951.44,27.6,26.41,2522.51,2,4482.42,2,4642.47,1,0,49.16,24.1,40.21,1
1004.26,6.93,26.22,795.66,18.91,28.35,648.96,27.41,15.19,2448.88,3,5433.22,2,4919.39,0,0,51.23,30.29,31.33,0
822.68,5.91,17.18,493.59,14.83,26.42,1337.81,40.25,35.04,2654.08,2,2672.45,0,466.88,0,0,40.13,22.94,56.26,0
1021.97,7.23,26.83,926.66,20.19,25.86,981.13,31.54,21.98,2929.76,2,3601.02,1,8108.89,0,0,55.97,32.22,38.53,2
359.6,2.62,9.35,1123.26,42.43,41.98,1045.0,29.71,24.55,2527.87,1,3942.11,1,2782.77,1,0,16.0,56.46,45.16,1
128.83,1.87,6.24,30.0,0.41,3.94,1330.14,34.09,28.94,1488.97,2,3555.4,1,14709.16,0,0,2.76,1.98,53.86,0
1112.75,10.04,23.69,392.97,5.74,20.27,1282.95,37.37,38.12,2788.67,0,4424.32,1,2137.06,1,0,63.77,11.53,47.46,1
473.36,4.2,9.69,1085.51,32.04,25.42,267.39,6.81,8.89,1826.26,1,2319.39,0,14193.62,0,0,24.57,44.94,11.2,0
1073.96,9.44,23.49,591.73,12.29,31.15,610.01,16.56,9.11,2275.71,2,3846.28,2,11493.34,0,0,53.48,19.15,24.33,0
297.61,0.88,11.36,526.09,16.68,11.95,307.84,11.99,16.72,1131.53,2,3572.28,2,4644.08,1,0,8.98,24.63,11.24,1
631.89,6.36,16.38,976.45,19.13,20.56,440.74,2.06,5.32,2049.08,0,2440.58,0,8777.86,0,0,34.25,31.92,7.88,0
438.34,4.36,16.26,941.33,29.3,29.13,1294.41,37.96,28.41,2674.08,2,4470.61,2,8266.84,0,0,17.69,38.3,52.14,0
606.37,3.7,17.38,750.81,25.82,34.48,1351.52,36.19,30.68,2708.7,2,4489.4,1,220.08,0,0,31.97,39.2,52.47,0
739.24,7.39,18.68,374.21,8.27,15.83,1024.66,31.86,32.43,2138.11,0,1985.14,0,11601.35,1,0,40.53,13.5,43.34,1
1071.55,6.27,25.75,694.18,24.63,26.49,691.9,16.3,8.67,2457.63,2,4756.7,2,12972.89,1,0,46.6,34.11,19.19,1
536.1,3.73,18.44,1391.59,52.92,42.31,554.29,19.69,8.26,2481.98,2,4457.41,1,14060.74,0,0,27.18,64.39,16.54,2
230.17,3.29,6.13,909.48,27.53,25.48,454.71,7.42,14.64,1594.37,1,1363.76,0,1160.72,1,0,14.9,34.56,20.65,1
513.09,4.42,13.99,477.54,7.98,12.1,1489.21,46.07,40.49,2479.84,3,4771.43,2,9251.46,0,0,26.01,15.23,69.02,0
1223.96,9.99,29.2,724.36,11.91,32.47,233.23,4.87,9.24,2181.54,2,5047.64,3,13156.49,0,0,64.74,24.18,6.25,0
776.38,7.33,19.28,285.04,6.83,8.53,325.12,5.13,1.92,1386.54,3,3284.39,1,7011.78,0,0,34.63,7.92,8.31,0
175.76,0.84,9.25,1349.57,40.59,31.91,380.4,8.2,6.18,1905.73,3,4770.58,1,1736.52,0,0,6.92,61.34,14.86,0
523.4,4.55,12.54,1671.27,58.64,62.03,630.97,12.13,15.28,2825.64,3,3184.05,1,3077.16,2,1,22.95,85.09,27.92,0
812.75,5.51,16.66,830.87,22.54,24.45,1164.49,28.57,25.59,2808.12,1,4009.14,2,11575.41,0,0,35.99,33.25,44.44,0
1079.24,9.66,25.02,750.14,16.67,28.33,1230.87,36.39,31.51,3060.25,1,4517.36,1,4592.68,0,0,58.11,24.45,50.21,2
1324.2,11.25,26.49,1399.78,43.02,53.39,1106.66,36.09,27.14,3830.63,0,6759.77,3,13616.92,0,1,67.83,62.68,46.57,3
908.65,7.47,17.12,806.97,22.12,27.3,1475.53,45.97,36.91,3191.16,2,6536.91,3,728.1,1,0,46.32,34.34,66.31,1
455.1,2.04,13.5,1349.88,27.25,37.21,1103.99,33.91,29.85,2908.97,2,7052.51,3,7668.8,0,0,19.84,51.18,46.39,0
418.18,3.16,13.15,685.19,18.5,17.22,1213.76,38.17,29.57,2317.13,1,4478.97,2,13054.39,1,0,18.34,25.37,54.51,1
676.89,4.74,21.65,1281.07,47.42,42.27,609.15,15.16,15.02,2567.12,2,4672.23,2,14784.18,0,0,32.51,64.2,19.42,0
630.8,4.73,14.38,555.86,12.51,20.16,451.87,4.15,0.15,1638.53,3,3242.27,2,3844.95,0,0,31.87,23.26,13.06,0
449.91,3.74,13.25,790.71,26.06,30.98,494.93,18.05,14.61,1735.55,2,5065.38,2,13028.37,0,0,20.44,33.12,22.71,0
217.65,1.84,7.34,903.0,21.38,20.31,1502.3,45.59,40.75,2622.94,2,3662.51,1,1824.27,0,0,8.86,28.78,68.36,0
1005.38,5.96,18.93,1205.26,32.79,39.62,930.35,20.54,20.88,3140.98,2,4870.85,2,4344.08,0,0,41.05,46.16,32.26,0
486.9,3.36,10.08,1038.19,28.72,28.29,1181.37,31.85,29.6,2706.46,3,3648.32,1,11236.75,0,0,19.92,39.97,45.96,0
841.29,6.78,19.94,513.44,12.65,14.68,1140.9,30.48,26.91,2495.63,2,3838.19,2,11852.64,0,0,42.28,13.84,44.61,0
752.29,5.53,22.75,811.3,27.49,30.87,1148.38,27.58,34.08,2711.97,2,5369.89,3,13794.92,0,0,38.85,36.16,42.92,0
1192.66,8.55,23.82,1130.85,19.2,32.83,674.71,26.12,21.17,2998.21,1,3915.45,1,2511.23,0,0,57.46,36.45,30.98,2
1285.02,10.66,30.91,1067.49,29.69,33.37,466.44,13.71,18.21,2818.95,2,5082.66,2,14738.21,2,1,70.57,35.02,18.09,0
161.69,1.63,6.8,1460.57,45.35,42.09,1097.5,23.78,23.48,2719.76,2,4296.38,1,8773.95,1,0,10.24,61.62,37.17,1
235.85,2.11,5.75,524.88,4.45,11.91,1070.95,24.57,20.19,1831.67,0,3532.84,1,2176.49,1,0,14.7,12.03,37.68,1
1360.36,10.63,27.41,774.57,5.2,21.17,658.21,16.33,5.62,2793.14,2,3880.88,1,8206.9,0,0,65.36,17.65,23.16,2
1083.14,7.33,28.31,1273.59,32.07,45.25,434.18,8.74,10.3,2790.91,3,4261.17,1,13138.62,0,1,50.19,52.73,14.69,0
340.3,2.06,7.37,1095.98,38.5,31.44,331.13,2.49,7.63,1767.41,2,2963.69,1,4683.03,0,0,13.75,47.87,8.45,2
1243.09,10.66,25.59,1568.22,44.27,55.13,1058.51,31.31,21.59,3869.83,2,5446.18,2,5629.72,0,1,67.11,63.88,44.36,3
200.04,1.72,5.56,283.63,6.42,1.98,382.3,11.37,10.04,865.97,2,2818.1,1,1557.32,0,0,9.11,4.67,16.45,0
439.07,2.92,14.23,1175.23,44.49,29.91,442.14,13.19,6.2,2056.44,0,2235.13,1,4040.47,0,0,10.87,51.97,19.68,2
540.63,5.02,17.41,1283.95,34.63,37.01,1635.58,47.71,39.52,3460.16,2,5423.99,2,8765.35,0,0,25.99,56.07,60.33,0
1055.37,8.37,25.33,1081.91,25.48,36.58,99.97,2.07,4.56,2237.26,3,1740.51,0,10454.98,1,0,52.66,43.22,3.11,1
481.4,2.61,17.55,805.21,23.64,24.42,343.15,1.06,0.0,1629.76,2,3539.12,1,9977.26,0,0,24.26,33.87,6.75,0
795.48,5.89,21.49,862.62,23.75,32.31,578.71,24.2,13.34,2236.8,2,3601.62,1,3017.19,0,0,39.35,32.22,32.01,0
202.44,1.56,6.47,724.26,20.88,13.11,1606.24,44.96,34.56,2532.94,2,2747.63,1,1697.67,0,0,5.12,25.45,71.29,0
1593.69,12.13,30.27,1067.08,26.53,33.23,1575.49,52.94,42.3,4236.26,2,7765.84,3,14438.65,2,1,76.07,43.2,68.04,3
468.3,2.51,15.77,1363.09,40.04,40.96,195.9,4.21,5.91,2027.3,3,3347.42,1,2802.59,1,0,21.96,61.0,7.3,1
873.8,6.52,19.97,766.14,24.29,26.46,635.54,16.94,20.46,2275.49,1,1869.01,0,10787.59,0,0,41.8,26.81,28.3,0
640.63,4.86,13.71,684.16,13.88,15.66,560.55,10.74,5.89,1885.35,2,2886.18,1,3012.08,0,0,32.73,17.52,17.12,0
702.75,6.41,18.39,1277.63,41.49,42.12,732.08,20.87,14.75,2712.46,3,4179.13,1,3544.41,0,0,33.77,57.48,27.61,0
366.05,1.83,9.07,1566.16,51.81,45.7,1093.42,24.9,25.77,3025.63,3,5765.13,2,1796.76,2,1,14.37,76.55,48.09,0
173.22,1.31,10.46,286.28,6.91,0.0,798.31,24.06,17.37,1257.81,1,2530.01,1,13785.34,0,0,6.09,2.35,35.08,0
444.87,3.63,8.82,1463.73,49.22,44.67,299.36,12.68,5.64,2207.96,2,4933.53,2,13569.13,0,0,19.22,64.26,15.68,0
809.72,6.0,22.0,751.06,20.61,28.97,739.07,29.33,15.57,2299.85,3,3105.13,1,2166.89,0,0,43.69,29.61,34.54,0
481.41,2.61,12.5,1003.42,20.21,29.38,1622.78,46.44,46.25,3107.62,3,3840.73,0,10252.15,0,0,20.07,38.38,74.52,0
972.78,7.55,22.82,1272.35,47.23,49.35,435.15,4.44,16.47,2680.28,3,3687.2,0,9223.95,0,1,49.35,62.1,17.73,0
918.46,7.96,23.0,1381.55,43.08,46.57,977.49,17.5,19.37,3277.5,1,3608.49,1,3440.76,0,1,49.04,58.49,26.4,2
195.61,0.64,6.85,780.33,23.47,20.62,819.72,26.55,19.77,1795.67,2,5044.36,2,4380.42,0,0,6.94,33.0,35.66,0
636.08,2.91,15.28,995.3,32.37,31.54,546.75,13.42,13.24,2178.13,3,4114.22,1,8009.49,0,0,25.08,39.55,22.8,0
808.98,5.75,20.18,689.96,22.11,22.28,1513.35,46.93,41.91,3012.3,2,3247.11,0,6711.58,0,0,40.96,28.98,67.23,0
439.85,3.65,11.68,1339.6,44.29,47.59,936.44,26.47,22.45,2715.89,1,3742.95,2,5437.0,0,1,18.09,64.98,36.42,0
1178.25,11.12,29.31,732.21,15.58,25.34,538.77,21.43,12.11,2449.23,2,5460.39,2,6369.22,0,0,59.13,16.54,26.2,0
600.26,4.46,10.18,1583.83,51.04,42.33,234.76,11.18,8.5,2418.85,2,6103.09,3,9048.98,0,0,26.33,71.66,11.16,0
85.99,1.7,8.59,847.09,29.78,26.68,700.86,11.74,15.73,1633.94,2,3190.04,1,159.73,0,0,5.24,37.27,22.78,0
844.78,7.82,22.14,660.96,18.85,28.37,1183.06,31.14,25.32,2688.8,2,4905.39,2,10876.71,0,0,47.09,26.13,48.48,0
329.23,3.31,12.52,172.87,7.25,17.36,580.66,9.16,13.41,1082.76,1,2333.18,1,4007.63,0,0,17.17,7.15,21.52,0
752.41,6.14,18.94,673.96,25.4,19.48,437.29,13.35,6.16,1863.66,2,1605.6,0,13882.04,0,0,34.66,27.84,11.74,0
998.95,8.52,24.44,839.44,23.1,19.69,518.26,10.43,13.47,2356.65,1,4780.73,2,13682.57,0,0,49.89,25.01,19.29,0
1215.05,10.22,25.59,1230.48,34.14,47.6,496.1,15.46,11.69,2941.63,2,2669.72,0,1177.58,0,1,62.12,51.82,23.88,2
138.39,0.72,4.37,364.43,14.45,11.75,419.49,6.64,15.35,922.31,3,3070.66,1,6527.71,0,0,3.78,15.34,12.73,0
647.13,5.66,19.5,1573.45,40.61,39.0,1157.57,36.23,22.0,3378.14,3,4974.31,1,6737.91,0,0,37.39,61.5,45.96,0
489.27,4.49,18.32,917.55,22.7,29.95,1080.58,32.59,38.42,2487.41,1,2391.38,0,7595.92,0,0,25.41,27.88,51.93,0
350.0,2.5,9.3,964.06,34.42,31.34,582.47,20.75,9.26,1896.53,3,2882.89,1,1282.29,0,0,14.06,49.93,21.0,0
267.32,1.06,5.87,1433.52,47.96,46.89,1084.02,23.68,27.55,2784.86,0,4230.44,1,7863.19,2,1,11.16,77.13,42.22,2
371.36,3.41,12.76,839.43,28.97,30.04,322.59,0.0,0.11,1533.38,2,4852.43,2,7871.97,0,0,15.39,39.73,7.41,0
284.15,3.72,8.89,520.5,21.48,27.51,628.74,11.65,9.4,1433.39,0,3144.17,2,12128.23,0,0,18.26,24.68,20.68,0
432.29,3.3,12.81,813.51,24.7,21.11,1518.2,52.32,34.23,2763.99,2,3529.48,1,12722.33,0,0,19.63,31.85,63.04,0
1047.86,11.03,24.06,368.94,0.44,18.34,1384.96,30.41,30.52,2801.76,1,4709.17,2,1517.65,0,0,63.05,5.56,54.33,0
377.29,4.15,11.94,451.03,12.52,10.31,683.97,23.66,15.11,1512.3,0,4172.81,1,7885.19,0,0,22.31,16.35,31.53,0
396.85,3.16,12.64,1391.47,40.35,39.26,1380.25,35.91,39.62,3168.57,2,5657.5,2,3596.57,0,0,21.92,58.4,51.61,0
847.99,6.68,21.91,1360.85,50.53,57.68,678.22,24.81,25.31,2887.07,2,5415.91,2,5075.86,0,1,50.86,67.55,35.32,3
274.34,0.82,10.73,549.24,21.57,23.76,790.85,26.7,15.62,1614.43,3,2929.85,1,9716.38,0,0,14.36,24.9,27.95,0
1519.7,13.61,33.52,1046.9,21.15,36.54,743.27,21.48,24.39,3309.86,3,6516.05,3,2047.72,1,1,78.75,37.61,34.03,1
514.81,3.01,10.11,752.48,18.67,23.1,299.34,4.44,11.36,1566.63,2,2472.71,1,13337.07,0,0,18.97,26.12,3.85,0
760.14,6.13,17.41,840.11,19.33,28.4,1212.33,33.46,32.86,2812.58,0,4248.62,1,13956.39,0,0,40.17,32.77,47.74,0
1125.69,9.23,30.14,986.61,25.03,32.66,898.47,25.38,29.62,3010.77,2,4767.9,1,3795.37,0,0,61.01,34.62,39.25,2
714.56,5.78,16.81,1171.64,30.39,30.84,538.3,12.57,17.99,2424.5,2,4672.17,2,4091.42,0,0,35.79,51.34,21.61,0
150.38,1.55,7.67,1020.1,32.62,27.51,970.19,30.67,31.03,2140.66,3,5513.09,3,2650.19,0,0,5.1,46.96,42.03,0
417.6,3.07,9.02,898.46,28.71,24.13,601.06,12.46,15.89,1917.12,2,1724.53,1,6151.59,0,0,23.26,39.4,19.9,0
884.75,6.84,25.19,1186.82,26.3,40.09,953.99,30.57,23.27,3025.56,2,6288.56,3,1416.22,0,0,42.3,50.65,45.67,0
162.34,3.07,8.43,726.59,21.03,16.89,354.88,5.19,14.0,1243.81,1,2316.62,1,1650.05,0,0,5.88,31.57,13.11,0
127.08,2.34,1.0,933.12,18.58,13.2,709.62,15.62,15.81,1769.82,1,1602.96,0,3741.13,0,0,5.54,35.09,25.97,0
1088.68,7.59,22.46,1315.07,39.3,43.94,127.74,9.24,7.5,2531.49,2,4873.53,2,4309.59,0,0,58.57,51.4,10.37,0
889.6,4.07,14.93,1285.86,31.88,43.23,637.07,19.34,10.19,2812.53,2,2534.64,0,14459.74,0,0,34.53,56.64,30.75,2
302.02,2.87,13.24,506.09,11.01,9.47,1401.89,39.96,29.41,2210.0,3,4748.04,2,506.55,0,0,8.89,17.75,54.15,0
404.97,3.85,19.42,944.91,33.19,18.59,66.59,8.49,9.51,1416.48,0,3128.5,1,10728.77,0,0,19.56,39.9,7.54,0
404.85,4.66,16.7,1092.32,26.51,30.83,1069.03,36.58,33.33,2566.2,3,2933.51,1,14991.53,0,0,28.88,43.85,48.91,0
616.63,6.4,21.37,978.53,26.32,29.16,844.63,23.42,19.31,2439.79,2,3654.29,1,8744.85,1,0,37.39,41.79,26.83,1
342.96,2.02,13.72,1863.64,59.26,48.23,666.07,21.1,8.95,2872.68,0,2379.92,0,7237.01,2,1,14.22,85.09,24.5,3
801.74,6.09,16.18,683.96,15.57,20.74,1204.75,34.91,27.85,2690.44,2,3264.16,1,13755.2,0,0,41.39,21.94,44.81,0
694.09,6.86,18.51,810.78,17.48,29.26,1177.39,36.06,31.61,2682.25,2,5156.11,2,7791.16,0,0,39.24,38.25,53.01,0
572.08,4.39,14.51,313.71,5.9,8.41,301.6,2.7,12.51,1187.39,1,3594.66,2,3258.32,0,0,27.92,9.92,15.99,0
468.09,4.67,17.85,704.36,22.96,23.53,1361.96,34.99,33.89,2534.41,1,3910.45,1,7319.47,0,0,24.87,28.84,57.37,0
443.96,3.25,19.36,545.0,23.95,18.21,1103.69,30.11,23.38,2092.65,2,3282.83,1,4512.12,0,0,23.07,21.92,44.06,0
741.0,6.57,24.77,275.7,3.82,11.74,803.61,29.77,21.47,1820.31,1,3676.47,1,13276.26,0,0,37.49,9.8,39.94,0
353.31,3.4,13.39,63.31,5.16,10.19,563.77,18.98,2.73,980.39,0,2229.87,1,6038.58,1,0,19.7,9.07,21.51,1
468.99,3.38,15.88,1538.59,46.51,43.69,1419.13,42.33,37.41,3426.71,0,5869.74,2,183.56,0,0,27.77,64.12,64.21,0
393.89,4.93,11.88,787.51,26.97,26.88,666.05,20.89,14.88,1847.46,0,3104.65,1,13412.71,0,0,23.46,43.19,25.88,0
547.06,3.31,14.89,531.74,12.25,11.29,334.25,4.69,0.0,1413.06,1,1382.24,0,531.45,0,0,27.75,9.03,6.5,0
645.16,7.21,21.65,476.88,10.89,19.55,776.12,23.44,17.45,1898.16,2,3487.95,1,9093.09,0,0,38.43,15.76,32.44,0
1099.79,7.87,24.28,852.45,25.68,29.75,1391.24,40.03,42.86,3343.48,3,5684.9,2,573.32,0,0,46.92,35.42,53.79,0
680.08,5.18,16.87,384.03,15.5,27.2,460.48,16.15,7.46,1524.59,1,2245.42,1,12048.12,0,0,29.19,19.07,17.91,0
1523.79,11.93,29.42,849.61,18.17,36.72,1182.06,29.18,31.37,3555.46,2,5614.18,2,8258.47,2,1,77.01,35.73,45.53,0
548.03,4.49,21.29,729.3,24.15,27.49,670.77,14.34,13.63,1948.1,3,3741.02,1,2601.54,0,0,29.94,32.93,22.47,0
421.78,3.64,14.38,473.63,8.55,14.87,549.39,19.85,11.65,1444.79,2,3228.52,1,6953.25,0,0,22.76,15.81,17.97,0
90.85,0.07,8.02,655.38,11.34,16.6,1363.44,32.74,37.72,2109.67,2,5177.98,2,13006.55,0,0,6.9,21.17,56.88,0
647.62,4.2,15.87,163.76,8.09,12.39,1226.8,36.27,16.82,2038.18,0,1494.34,0,7397.71,0,0,23.36,8.93,43.69,0
852.41,5.62,16.02,1157.02,37.43,33.23,845.26,21.19,22.33,2854.68,3,4037.73,1,5820.47,1,0,36.94,47.01,33.35,1
1268.53,8.39,24.87,1205.34,39.59,47.55,649.46,16.71,9.18,3123.33,0,5648.63,2,14706.85,1,1,63.04,56.56,22.1,1
636.77,6.55,14.91,232.14,11.69,9.86,728.85,29.04,24.15,1597.76,1,3570.5,2,9308.58,0,0,31.47,7.92,35.7,0
491.77,4.15,10.58,387.6,5.83,8.45,1845.0,60.98,47.36,2724.37,2,5130.33,2,4740.33,0,0,24.6,9.68,76.43,0
624.42,4.74,15.15,818.01,19.91,27.83,1292.54,34.56,23.27,2734.97,0,4415.77,1,8151.97,0,0,28.0,38.29,50.04,0
1455.69,10.54,23.16,1742.5,41.19,52.37,580.35,24.49,20.61,3778.54,1,4342.47,1,11155.46,0,1,69.33,65.51,24.08,3
986.42,7.87,20.19,812.52,24.46,30.48,703.79,10.66,16.24,2502.73,1,3667.07,1,12914.52,0,0,47.5,26.23,22.18,2
843.59,8.17,15.67,522.04,16.24,14.0,322.12,5.23,9.55,1687.74,1,1602.05,1,12064.15,0,0,47.37,13.02,15.03,2
471.41,2.86,13.03,866.24,28.63,29.31,1194.3,38.41,41.78,2531.95,2,3083.78,1,2328.68,0,0,25.15,38.83,54.53,0
1100.98,9.23,23.48,1614.6,48.89,55.89,686.05,11.77,12.01,3401.62,1,6231.14,2,8397.89,0,1,54.64,73.37,25.28,3
228.68,1.09,12.75,1046.78,33.29,30.99,1187.86,31.31,28.17,2463.32,0,2053.11,0,8030.99,0,0,12.1,49.31,48.35,2
1049.38,7.92,25.44,818.3,19.27,32.43,649.77,17.02,21.0,2517.45,2,2871.19,0,1513.81,0,0,55.95,27.77,27.9,2
598.64,2.83,10.4,915.98,26.47,29.17,30.0,2.47,3.97,1544.62,1,3613.87,1,3759.02,0,0,22.1,37.74,0.64,0
567.88,6.24,13.81,347.72,11.83,7.49,366.21,5.75,6.33,1281.8,0,1288.82,0,484.55,0,0,28.5,13.71,7.21,0
313.9,3.83,16.3,839.24,28.74,33.39,278.67,10.12,5.99,1431.8,3,3618.95,2,9325.59,1,0,20.0,39.09,15.74,1
1073.75,6.77,16.57,673.73,17.33,36.94,631.39,18.58,14.99,2378.87,3,4396.23,1,4736.09,0,0,42.38,31.57,22.6,0
876.35,7.67,25.21,1273.79,25.5,41.58,1466.39,45.53,51.62,3616.54,1,4560.71,1,4427.31,0,0,39.41,42.88,66.39,0
841.76,6.08,21.17,989.13,33.01,36.85,946.59,33.38,27.33,2777.48,0,4176.27,1,528.93,0,0,42.6,44.05,37.71,0
266.71,0.84,4.75,827.81,29.73,24.56,727.26,20.93,20.63,1821.78,3,4134.87,2,9746.52,1,0,10.41,44.75,29.54,1
196.58,1.82,7.47,670.88,27.74,27.9,1217.46,36.46,39.81,2084.91,2,3611.28,1,5621.02,1,0,15.93,40.09,43.76,1
666.24,6.99,19.51,1424.82,46.23,41.28,1525.08,42.31,39.88,3616.14,3,5205.18,1,13762.62,0,0,34.32,65.95,58.9,0
659.22,6.37,19.64,1419.26,39.91,47.25,1110.16,35.16,30.75,3188.64,0,4919.02,2,12667.35,0,1,35.49,60.11,47.15,0
752.05,5.25,19.21,632.17,16.7,23.49,738.96,4.4,13.4,2123.19,0,3732.24,1,2464.95,0,0,36.9,23.1,24.2,0
404.29,1.17,9.12,389.99,13.49,20.23,181.67,6.58,5.7,975.94,3,1759.32,0,9178.27,0,0,10.78,15.33,12.61,0
309.57,1.95,8.47,886.8,24.38,26.86,654.53,19.26,10.99,1850.9,2,1444.36,0,9007.81,0,0,10.8,35.57,26.28,0
853.27,4.52,14.54,933.96,30.12,24.61,692.01,17.79,16.88,2479.24,2,3668.24,1,5151.37,0,0,33.94,35.19,28.6,0
1404.96,12.63,34.1,1505.15,51.25,59.98,467.58,20.22,13.62,3377.69,2,4053.32,1,2136.46,2,1,79.81,64.28,26.46,3
184.2,1.23,14.28,932.08,24.55,26.22,678.42,13.66,16.65,1794.7,2,917.36,0,6429.99,0,0,12.64,39.9,28.79,0
349.63,1.46,8.22,1028.51,33.95,29.03,1102.43,25.92,25.45,2480.57,2,3592.21,1,7886.66,0,0,9.46,46.16,40.74,2
566.75,4.91,15.09,961.44,29.53,32.71,508.47,6.86,8.7,2036.66,0,3660.47,1,9013.77,0,0,26.58,43.55,18.19,0
1131.41,10.41,27.8,1723.02,43.89,49.64,795.52,20.61,21.58,3649.95,1,5766.72,2,1906.76,0,1,56.33,67.05,29.65,0
999.77,6.94,21.36,184.61,1.21,9.13,818.27,29.84,22.12,2002.66,3,5557.07,3,8521.38,0,0,51.22,1.93,38.08,0
618.46,5.13,16.4,194.89,0.0,18.43,994.84,37.68,25.23,1808.19,2,4555.11,2,14259.12,0,0,29.05,4.77,45.22,0
973.04,7.99,23.69,826.28,26.36,34.18,452.86,17.6,13.22,2252.18,0,3530.35,1,3105.27,0,0,46.56,33.21,17.06,2
344.42,1.99,7.55,296.39,6.73,8.06,846.03,26.29,20.09,1486.84,3,4350.0,2,7791.37,0,0,13.57,4.65,32.77,0
1082.74,8.85,21.49,1285.5,33.54,39.89,1188.79,34.33,23.93,3557.04,3,5711.43,2,14083.85,0,0,58.25,46.6,47.18,0
659.77,3.02,11.97,738.95,20.26,12.74,380.28,3.48,1.86,1779.0,2,2693.68,1,13179.99,0,0,21.85,23.42,13.03,0
707.53,4.03,19.62,530.69,7.0,19.39,1512.87,54.91,38.74,2751.1,3,6550.05,3,5490.54,0,0,34.44,14.0,67.23,0
655.31,5.88,12.09,487.79,0.39,14.43,1549.72,51.0,47.64,2692.81,1,4998.76,2,1619.63,0,0,32.85,16.46,68.7,0
739.65,5.5,19.09,1495.57,40.59,43.17,277.27,9.12,9.0,2512.5,1,4212.05,1,679.09,0,0,38.18,60.74,11.63,2
339.58,0.73,8.96,677.51,13.73,22.13,550.24,17.68,17.01,1567.34,3,2106.09,0,14214.93,0,0,12.91,26.56,24.27,0
1480.03,12.88,31.93,898.32,21.19,27.64,864.94,32.59,22.68,3243.29,2,5003.97,2,3520.57,2,1,78.86,30.21,39.14,3
228.66,3.02,11.95,395.04,16.95,12.55,213.42,0.0,3.34,837.11,2,3176.42,1,3885.42,0,0,17.28,15.98,3.16,0
1127.16,10.17,20.67,771.87,20.12,28.91,1402.92,40.0,38.96,3301.95,1,5495.7,2,2201.56,0,0,59.31,27.06,59.44,0
779.89,8.45,23.87,750.72,19.87,29.57,708.8,9.03,14.76,2239.41,0,1722.44,0,14731.65,0,0,43.7,29.86,25.72,0
549.66,4.02,11.04,637.62,20.24,16.75,1123.5,29.03,23.42,2310.78,2,5652.21,3,11215.93,0,0,24.9,22.57,48.31,0
239.72,1.2,9.24,269.65,13.55,1.5,881.43,32.98,18.62,1390.8,1,2719.81,1,10187.8,0,0,9.01,9.69,36.36,0
482.18,3.73,15.96,968.53,28.86,29.1,702.43,25.97,18.52,2153.14,0,3897.14,1,12570.79,0,0,25.29,38.69,36.2,0
319.26,1.22,12.57,266.19,1.54,1.89,643.65,11.86,23.06,1229.1,2,1611.01,1,9667.86,0,0,9.11,5.91,21.74,0
460.79,2.84,12.41,1489.38,47.89,47.1,811.89,21.89,19.89,2762.06,2,3148.08,1,7045.4,0,1,21.47,67.71,31.05,2
418.32,2.93,7.78,658.42,20.65,25.67,836.94,27.44,19.05,1913.68,2,3965.21,2,3879.32,0,0,20.47,28.61,33.37,0
198.23,0.73,3.09,406.37,13.34,14.48,738.51,18.38,9.79,1343.11,0,2361.28,0,10794.0,0,0,8.18,20.13,25.31,0
381.28,2.12,15.28,409.89,15.49,7.62,1303.7,36.57,31.7,2094.86,0,3869.14,1,13865.52,0,0,18.45,14.77,47.43,0
1236.52,11.31,25.02,1459.32,44.47,48.56,1038.35,27.81,29.87,3734.19,1,5476.44,2,1702.82,0,1,62.0,58.7,46.67,0
319.36,3.79,9.73,1262.33,40.13,42.57,880.07,25.13,18.24,2461.76,2,4519.64,2,146.86,0,0,16.76,63.93,29.48,0
447.51,1.73,8.65,850.85,26.39,28.03,1391.57,44.65,33.88,2689.93,1,3105.85,0,4111.8,0,0,20.11,44.92,53.42,0
205.63,1.73,7.07,783.22,22.29,28.12,635.42,13.12,11.44,1624.27,2,3115.0,1,3544.5,0,0,9.22,34.89,26.67,0
767.39,6.52,24.6,356.94,4.89,16.65,463.21,17.99,13.15,1587.54,2,1650.08,0,2603.89,0,0,41.05,12.67,21.93,0
573.43,4.17,13.96,878.57,20.24,24.84,1019.18,32.25,25.01,2471.19,1,3373.56,1,3913.6,0,0,25.31,31.59,40.96,0
536.37,3.56,12.9,723.29,15.19,19.06,930.32,24.8,22.92,2189.98,0,5612.89,3,784.28,0,0,29.51,21.71,33.05,0
676.61,3.45,18.94,288.47,7.23,19.99,522.35,18.34,19.18,1487.43,2,2755.11,1,12812.21,0,0,30.83,11.35,25.38,0
587.04,4.24,6.9,893.62,32.66,38.98,379.88,8.12,0.37,1860.54,0,4044.27,1,9498.24,0,0,26.79,45.68,18.85,2
1257.66,9.23,25.81,518.83,6.11,17.0,1131.31,30.13,25.89,2907.81,2,6092.47,2,5947.69,0,0,59.53,10.63,44.67,0
295.31,2.73,10.85,586.57,9.71,20.83,1164.06,34.28,32.5,2045.94,1,3788.42,1,8802.83,1,0,19.78,21.84,48.19,1
1053.42,7.76,21.52,633.27,9.27,21.04,819.13,30.58,24.31,2505.83,2,3668.46,1,285.95,0,0,49.55,18.76,29.26,2
322.82,2.85,5.88,595.5,9.93,17.96,1339.98,34.08,29.12,2258.3,1,4693.3,1,366.5,0,0,14.83,20.21,55.49,0
701.81,7.5,19.43,811.75,19.79,25.4,379.31,12.89,6.65,1892.86,1,4052.28,1,3707.39,0,0,42.49,32.81,11.47,0
130.14,0.13,5.8,693.23,23.53,19.16,571.32,17.08,15.34,1394.69,3,1652.69,0,13869.07,1,0,5.71,31.29,21.14,1
501.81,2.68,9.54,841.36,20.34,16.65,590.03,8.4,15.98,1933.2,1,3782.77,2,11324.73,0,0,21.16,31.33,22.55,0
758.06,6.21,17.11,1422.03,38.05,43.38,792.47,23.18,12.43,2972.56,2,4861.88,1,11314.55,0,0,38.05,59.66,28.95,2
651.07,5.1,8.19,948.33,20.52,19.58,633.24,20.44,14.09,2232.64,3,2740.63,0,6484.26,0,0,25.74,29.82,30.84,0
1420.14,11.98,38.11,1017.64,25.33,30.59,786.58,27.3,10.6,3224.36,2,6095.47,3,13316.35,2,1,75.96,34.52,31.87,0
699.66,5.65,6.82,847.59,23.71,26.81,723.0,21.28,16.65,2270.25,1,2796.61,0,5924.64,0,0,34.57,32.41,30.77,0
577.97,3.47,14.53,567.63,20.97,11.13,1893.78,63.1,47.21,3039.38,1,7830.39,3,10830.85,3,0,28.49,16.2,84.25,0
672.79,4.24,17.62,1476.05,35.67,37.49,332.66,1.56,0.0,2481.5,1,4109.19,1,9203.18,0,0,37.47,54.35,8.18,2
671.96,7.13,14.85,769.09,20.0,30.19,792.15,20.67,18.67,2233.19,1,3253.58,1,9997.95,1,0,33.01,26.43,28.21,1
444.59,3.62,11.71,983.7,35.02,26.68,788.94,20.92,15.84,2217.22,1,2701.24,0,5316.4,0,0,21.23,43.94,28.2,0
500.92,2.86,14.95,484.45,20.66,15.72,370.98,3.73,7.77,1356.35,2,1808.59,0,6239.43,0,0,23.0,20.58,9.08,0
874.02,5.3,16.57,1176.44,32.55,33.38,874.26,23.15,22.11,2924.73,2,2371.19,0,3962.6,0,0,43.85,47.93,34.38,2
742.6,7.05,12.56,420.46,5.06,23.49,538.08,17.35,19.4,1701.14,2,3910.85,1,6950.56,1,0,36.8,17.5,26.86,1
280.55,0.96,7.15,1233.48,36.11,35.03,798.63,27.41,18.73,2312.66,1,3428.86,1,251.75,0,0,10.71,53.34,33.34,2
795.86,4.83,9.05,377.12,7.46,16.7,868.41,22.55,19.99,2041.39,2,1573.92,0,13471.67,0,0,34.88,8.64,33.38,0
374.31,2.74,9.62,480.31,20.95,14.75,1543.13,45.93,38.5,2397.75,2,3625.1,1,14761.19,0,0,20.7,14.82,65.37,0
586.46,5.13,14.35,1573.28,49.99,54.75,415.13,11.95,10.25,2574.87,2,5066.43,2,2914.01,1,1,31.35,79.35,10.73,1
682.52,4.86,14.79,1284.64,34.73,37.67,902.54,27.01,24.19,2869.69,2,4350.21,1,5430.05,0,0,27.18,49.92,35.54,2
326.77,1.05,11.7,469.26,14.34,9.11,841.59,24.28,22.18,1637.62,2,2984.32,1,2471.44,0,0,8.06,24.36,33.72,0
875.68,6.05,20.96,682.26,24.97,22.3,1297.28,37.18,29.7,2855.22,1,3744.95,1,6636.01,0,0,43.05,30.45,58.49,0
1239.77,10.71,25.43,932.9,28.97,39.99,707.32,20.5,25.74,2879.99,3,5401.59,2,6868.49,0,0,55.44,44.92,29.58,0
1201.2,9.23,23.86,858.8,17.28,33.34,1472.27,42.84,33.02,3532.28,3,4388.61,1,11496.45,0,0,60.12,33.45,58.18,0
478.15,2.22,8.0,1316.32,33.41,34.05,1430.92,50.56,36.21,3225.39,2,4194.89,2,7910.31,0,0,13.79,59.48,62.34,0
585.42,2.25,10.8,506.23,14.39,16.17,1130.97,21.35,32.9,2222.62,1,1405.2,0,6957.48,0,0,21.59,19.09,43.67,0
505.83,3.09,10.36,820.5,22.42,21.17,676.46,22.69,21.17,2002.79,2,3174.66,1,7749.21,0,0,16.42,31.58,34.64,0
319.5,3.82,10.11,1048.19,29.92,31.59,1682.18,51.11,44.19,3049.87,1,5288.7,2,6866.48,0,0,18.41,39.77,76.14,0
637.04,3.79,15.76,972.86,24.44,27.1,740.82,22.76,25.05,2350.72,2,5004.23,2,704.34,0,0,27.98,34.14,36.92,0
567.4,2.92,16.46,622.66,18.58,21.85,492.06,13.15,13.13,1682.11,1,4583.56,3,8001.62,1,0,27.45,24.8,28.63,1
1027.3,9.07,29.34,828.35,22.75,26.71,307.57,16.43,4.15,2163.22,0,5630.06,3,12857.13,0,0,58.58,29.86,18.2,0
469.1,4.03,11.31,765.82,19.86,21.7,894.58,28.96,19.46,2129.5,0,4525.47,2,14794.33,0,0,15.68,33.13,37.32,0
1124.42,7.92,24.42,1437.65,43.78,44.72,1003.2,26.98,27.98,3565.27,2,7098.01,3,8686.97,0,0,52.72,62.54,34.9,0
762.95,8.2,21.98,841.92,17.91,21.41,629.25,21.35,15.58,2234.12,1,4212.89,1,6992.2,0,0,38.59,22.68,31.8,0
1100.91,9.07,27.97,1441.07,36.84,46.72,1187.38,32.74,28.44,3729.37,1,7197.81,3,6051.4,0,1,59.46,58.07,49.78,0
679.67,3.83,15.49,1346.78,32.4,43.21,234.33,1.45,5.24,2260.78,3,2833.82,1,1039.0,0,0,33.06,56.34,7.59,0
333.25,3.13,9.62,1217.14,36.83,39.71,884.79,26.79,23.82,2435.18,1,4179.01,1,2436.36,0,0,22.13,50.64,35.9,2
42.36,0.0,4.93,538.82,11.01,10.61,366.3,6.05,9.61,947.48,3,1901.3,0,10662.74,0,0,3.9,16.79,13.57,0
338.21,1.93,8.0,656.81,25.05,11.08,617.91,21.69,12.61,1612.94,2,3685.43,2,13872.3,0,0,15.68,28.14,27.07,0
401.85,2.73,10.66,954.33,30.2,32.08,224.32,7.14,16.02,1580.5,3,1973.11,0,1880.14,0,0,15.14,39.38,16.3,0
415.46,2.74,13.28,1122.87,31.48,34.6,1589.58,52.04,38.89,3127.91,1,6583.56,2,14203.04,0,0,19.46,46.78,65.58,0
539.75,5.36,13.59,861.99,24.83,28.12,1205.16,31.82,32.33,2606.89,2,5646.93,2,6737.64,0,0,28.01,43.2,46.04,0
820.86,6.75,19.59,1082.73,37.83,53.58,533.71,12.47,7.57,2437.3,2,5774.05,3,4589.5,0,1,44.84,46.35,20.31,3
1136.82,6.47,13.8,502.34,13.81,19.06,1531.04,43.6,40.98,3170.2,1,5215.93,1,2342.13,0,0,47.87,15.26,65.27,2
557.91,5.13,14.25,592.11,16.67,13.63,1054.76,39.81,32.4,2204.79,3,4614.62,2,11594.85,0,0,31.32,16.46,50.03,0
118.87,1.53,18.01,828.78,17.11,11.69,1140.42,36.68,26.9,2088.07,2,3665.21,1,4592.83,0,0,10.28,18.94,50.02,0
609.5,5.1,19.56,748.9,17.06,29.18,447.44,17.86,11.2,1805.83,2,6926.37,3,7457.43,0,0,31.98,31.33,13.84,0
653.19,3.71,19.33,903.02,29.58,27.28,444.65,18.86,6.79,2000.86,2,4691.0,2,11723.03,0,0,29.54,39.61,20.73,0
702.42,5.67,18.39,602.93,17.34,12.51,793.54,19.31,15.39,2098.89,0,4081.36,1,12926.63,0,0,34.1,19.32,32.48,0
1071.4,10.46,28.23,1205.96,40.11,50.73,1455.29,36.27,34.2,3732.64,2,5961.05,2,570.12,0,1,58.42,56.66,52.3,3
281.54,0.6,7.59,963.53,35.14,33.21,1057.99,30.75,19.92,2303.06,0,5469.61,3,3036.02,0,0,10.34,52.05,43.03,0
651.9,2.77,11.96,1311.47,39.25,38.61,251.5,9.5,10.33,2214.87,2,4013.68,2,6817.25,1,0,26.84,58.73,12.46,1
263.46,0.25,12.71,1572.13,50.44,51.32,1891.18,53.82,37.22,3726.77,1,3585.37,1,787.39,1,1,9.29,76.42,69.21,1
476.85,3.4,9.2,656.33,13.94,17.1,438.85,8.62,11.53,1572.04,2,2947.37,1,4180.9,0,0,21.36,20.53,14.16,0
267.64,0.27,9.88,877.1,23.52,25.13,263.82,4.76,0.0,1408.56,0,3047.28,1,5221.36,0,0,9.73,40.76,11.64,0
677.86,6.11,23.13,519.45,9.16,20.42,527.61,16.81,10.98,1724.92,0,4921.7,3,1911.31,0,0,36.53,23.52,20.35,0
988.64,8.04,24.87,212.81,1.27,14.16,1084.75,39.11,33.87,2286.2,2,4671.39,2,14666.58,1,0,48.48,4.96,52.95,1
771.59,5.7,16.06,802.52,15.59,26.65,825.45,23.66,29.82,2399.56,0,3881.01,1,2612.4,0,0,33.79,25.61,37.16,0
338.46,3.41,11.76,1582.73,63.57,50.26,914.03,16.24,16.95,2835.22,2,2360.18,0,1413.77,2,1,8.35,78.03,33.49,3
550.74,2.39,14.14,1511.1,54.56,54.05,1146.35,45.59,24.91,3208.2,2,6650.25,3,1958.21,0,1,24.24,70.14,53.64,3
420.23,1.65,11.19,556.22,15.28,12.12,351.11,18.46,6.38,1327.57,1,2777.29,1,8465.16,0,0,18.84,23.0,18.3,0
324.46,1.86,9.06,556.56,18.4,13.25,729.31,13.99,17.34,1610.33,2,611.51,0,9012.98,0,0,5.24,26.45,24.78,0
1232.01,10.58,24.57,762.05,20.7,19.65,427.84,3.2,11.02,2421.9,3,3971.06,2,7676.72,0,0,63.47,23.56,5.37,0
1153.55,10.81,22.31,848.56,14.5,23.11,1319.89,37.27,29.36,3322.0,2,6200.38,2,14716.38,0,0,61.79,20.8,53.4,0
266.15,0.51,8.99,887.58,24.52,31.07,955.94,24.37,22.62,2109.67,2,3229.41,1,6092.02,0,0,13.4,36.11,31.32,0
770.59,5.62,17.72,1193.14,31.02,38.39,180.28,5.4,5.94,2144.01,3,2158.15,0,4776.51,0,0,41.94,45.76,9.32,0
550.96,5.33,10.57,781.04,24.7,30.59,1094.65,28.85,27.93,2426.64,1,4788.5,2,7523.2,0,0,28.4,36.11,43.56,0
719.3,4.18,14.53,241.88,0.0,8.31,1303.73,34.56,29.1,2264.91,1,2795.81,1,14601.08,0,0,26.95,2.69,50.04,0
1423.47,13.53,30.68,667.62,12.53,19.73,581.31,13.54,10.47,2672.39,0,4026.57,1,436.31,2,1,78.0,11.34,24.64,3
925.58,6.1,16.21,728.91,18.6,30.83,858.92,31.3,28.73,2513.42,2,5128.64,2,325.35,1,0,40.19,28.08,39.27,1
359.99,2.47,10.71,323.98,12.21,7.27,550.14,17.45,11.03,1234.11,1,1837.94,1,2799.7,0,0,16.47,10.25,21.39,0
660.23,6.25,11.82,542.09,15.27,14.22,1546.02,41.25,35.64,2748.34,1,6530.7,3,3407.41,0,0,27.6,15.65,64.58,0
425.06,3.0,16.87,875.72,22.21,29.87,973.32,30.18,25.49,2274.1,1,3419.83,1,1294.52,0,0,23.96,29.04,41.18,0
806.13,7.06,24.49,666.26,17.41,20.98,565.9,11.92,11.89,2038.29,2,3306.76,1,530.28,0,0,40.42,17.82,20.68,0
364.1,2.42,15.14,77.71,1.47,10.07,128.94,5.78,12.68,570.75,1,1191.71,0,11097.03,0,0,22.97,3.28,7.46,0
902.58,6.6,19.68,985.78,23.86,29.64,1055.42,21.77,25.92,2943.78,2,5424.43,2,12619.46,0,0,45.6,37.27,42.52,0
754.35,6.02,18.12,304.88,4.19,7.09,420.43,7.15,6.97,1479.66,2,1868.28,0,197.07,0,0,33.97,9.68,11.57,0
216.14,0.0,4.14,205.76,5.82,0.05,1069.77,35.52,30.05,1491.67,0,1506.67,0,2236.83,1,0,3.27,7.9,43.28,1
301.88,2.68,11.32,481.45,20.46,15.12,53.01,0.0,1.28,836.34,3,1345.81,0,350.93,0,0,12.35,25.24,1.86,0
367.09,2.63,13.31,641.19,20.62,18.74,645.98,21.4,22.17,1654.25,3,3098.89,1,6169.17,0,0,17.54,27.26,32.6,0
575.0,3.56,16.85,910.12,37.2,30.71,1104.91,37.02,28.83,2590.02,3,2965.43,0,7186.13,0,0,27.11,42.19,45.7,0
297.43,2.25,9.01,685.03,22.58,21.44,843.53,32.63,26.06,1825.99,1,1538.03,0,14639.94,1,0,14.62,29.36,36.85,1
272.11,1.65,11.75,1013.62,27.71,28.74,1748.67,50.69,45.09,3034.4,3,5539.57,2,11330.79,0,0,13.22,42.73,68.03,0
845.58,6.53,22.0,799.64,20.54,28.59,1202.51,37.11,22.99,2847.73,3,5218.66,2,3059.94,1,0,44.35,28.42,44.12,1
953.89,7.21,22.43,754.94,19.49,24.23,1102.33,42.84,28.34,2811.16,1,5040.65,2,10959.61,0,0,47.54,22.69,54.5,0
670.61,3.11,14.52,992.38,29.32,36.03,504.79,7.21,7.4,2167.78,0,3201.8,0,2938.66,0,0,26.43,44.59,20.06,0
627.56,2.53,10.41,223.3,6.16,14.12,263.63,10.19,8.35,1114.49,3,1696.22,0,2477.06,0,0,24.65,12.42,11.34,0
500.31,2.26,14.92,342.64,5.95,6.69,1384.96,45.94,44.41,2227.92,1,2001.6,0,12532.9,0,0,24.77,1.93,64.26,0
1125.18,10.27,25.75,523.5,10.58,16.07,786.53,18.56,12.4,2435.21,1,3548.8,1,6885.38,0,0,61.69,10.68,32.43,2
261.64,2.48,5.82,902.87,25.82,26.85,367.99,4.54,17.17,1532.5,2,2566.54,1,6703.3,0,0,13.35,36.67,16.23,0
1293.27,11.2,28.77,1105.99,24.54,32.51,966.78,34.11,29.98,3366.04,2,4396.96,1,3757.84,2,1,73.98,38.01,44.01,2
474.51,2.89,12.83,760.38,20.15,27.0,1026.1,32.55,23.54,2260.99,2,4920.51,2,8284.6,0,0,18.68,30.43,47.18,0
430.53,5.21,12.54,335.29,4.31,11.86,1890.96,53.62,44.05,2656.78,1,3499.99,0,5282.03,0,0,25.67,4.46,75.83,0
340.8,3.42,11.86,490.1,17.36,16.24,861.51,27.69,17.9,1692.41,1,3171.39,1,8767.27,0,0,24.52,20.61,35.97,0
416.34,2.26,4.17,906.8,29.05,22.85,467.57,19.07,15.4,1790.71,1,1874.7,0,4281.05,0,0,15.45,35.58,17.45,0
268.43,2.74,10.87,725.81,21.63,23.25,805.11,16.18,19.04,1799.35,1,4313.77,2,1210.93,0,0,7.42,29.9,26.77,0
373.17,3.68,9.07,470.88,6.53,13.72,265.89,5.18,4.32,1109.95,3,1706.29,0,9125.72,0,0,21.09,16.22,9.43,0
636.68,5.46,15.53,1026.52,37.88,37.01,554.82,12.49,11.73,2218.01,3,1951.55,0,10438.36,0,0,29.58,45.84,19.67,0
983.85,9.54,23.22,696.86,19.9,28.46,943.8,26.82,28.44,2624.51,2,4551.54,2,10483.57,0,0,56.07,21.68,42.1,0
541.71,4.58,14.93,507.0,17.19,13.58,1198.22,44.25,30.53,2246.94,1,4536.49,2,4880.06,0,0,26.08,18.98,52.63,0
643.44,4.17,16.14,966.11,30.72,21.6,1232.51,39.88,27.55,2842.06,2,4149.16,1,804.73,0,0,29.71,36.07,51.38,0
578.78,3.16,13.01,548.82,19.08,18.05,1279.09,39.81,31.43,2406.69,0,3554.87,0,584.39,0,0,24.63,22.56,53.14,0
974.7,8.21,22.62,1435.81,46.84,52.91,1395.85,41.49,34.81,3806.37,1,5183.0,2,2225.34,0,1,47.94,66.25,55.97,3
392.61,4.54,14.08,897.55,19.89,25.77,600.01,12.41,6.81,1890.17,3,5463.34,3,9853.94,0,0,25.79,34.68,18.31,0
865.43,6.95,15.68,1130.88,22.2,34.25,801.67,13.59,18.34,2797.98,1,2929.37,0,5434.58,0,0,42.29,36.16,32.59,0
602.52,3.33,15.39,819.09,21.75,19.3,538.37,19.45,9.07,1959.98,2,4068.22,1,11361.4,0,0,19.34,33.27,15.47,0
666.63,4.32,20.35,215.36,5.47,0.85,470.9,13.55,12.71,1352.89,2,2879.48,1,7431.14,0,0,30.84,3.37,21.05,0
947.75,7.76,21.39,1228.55,34.94,35.67,907.63,27.23,25.43,3083.92,3,5774.41,3,7004.09,0,0,54.36,40.83,33.95,0
494.46,3.6,9.52,820.67,27.45,19.87,322.7,13.86,10.6,1637.83,3,2424.37,1,11861.59,0,0,26.18,31.31,13.92,0
165.19,0.92,11.21,242.78,4.02,4.55,386.8,11.2,11.95,794.78,2,1184.26,0,7737.32,0,0,7.01,8.33,16.67,0
506.74,4.98,13.71,439.15,2.83,8.97,632.3,22.62,7.54,1578.18,2,2688.01,1,3604.95,0,0,34.07,4.77,19.96,0
525.9,5.15,17.4,996.29,27.04,36.88,175.31,14.3,6.45,1697.5,2,3581.02,1,6230.62,0,0,24.33,46.35,14.03,2
530.18,5.43,17.79,656.02,25.56,24.56,1165.17,29.37,28.6,2351.37,2,3375.43,1,1395.85,0,0,26.57,26.98,45.86,0
672.94,6.17,16.53,842.38,16.42,24.15,763.69,24.55,17.55,2279.01,2,3237.97,1,10581.58,0,0,34.29,31.78,29.72,0
1048.84,9.68,23.5,1944.74,49.32,58.34,823.97,27.65,22.99,3817.55,3,4783.21,1,9198.85,0,1,54.38,71.45,32.6,0
340.96,1.8,8.22,686.82,28.51,31.74,983.36,23.3,22.58,2011.14,1,2325.49,0,8694.97,1,0,17.71,32.81,33.25,1
684.04,5.34,15.61,188.35,6.56,10.3,570.91,21.46,7.8,1443.3,3,2866.16,1,7354.21,0,0,29.76,7.12,26.74,0
769.83,5.97,19.6,1028.12,31.07,37.28,779.77,25.09,22.99,2577.72,2,4760.42,2,5289.0,0,0,37.51,41.15,36.7,0
856.0,6.91,22.01,1529.18,42.07,52.74,453.61,6.31,8.82,2838.79,1,4477.84,2,2855.4,0,1,45.48,58.69,11.48,3
436.93,2.63,13.09,671.79,9.09,20.25,124.65,2.46,0.0,1233.38,1,1862.25,1,4955.63,0,0,17.85,22.9,2.53,0
578.46,3.96,17.32,757.61,25.47,24.39,651.47,14.71,13.4,1987.54,0,4370.44,2,10707.52,0,0,26.11,33.83,20.01,0
222.49,1.64,9.11,729.45,28.29,26.74,474.52,9.29,19.71,1426.46,1,2272.07,1,8552.31,1,0,12.16,36.89,14.48,1
604.02,4.29,23.92,400.64,8.48,11.52,879.62,15.84,18.59,1884.28,2,2170.56,0,12830.3,0,0,29.88,15.33,34.39,0
750.17,5.01,19.65,1434.34,46.38,42.18,272.64,12.87,3.65,2457.16,0,4537.97,2,11937.44,0,0,38.01,61.99,9.25,0
282.13,0.96,11.04,1184.71,34.61,32.44,1546.83,52.47,41.32,3013.68,2,2838.01,0,6051.96,0,0,13.83,52.09,67.37,2
721.4,6.99,20.75,470.77,16.0,17.48,747.75,11.41,16.67,1939.92,2,4812.17,2,3209.94,0,0,41.66,15.0,20.87,0
811.2,4.69,21.39,1206.87,36.0,40.83,727.43,21.17,22.72,2745.51,2,5121.12,2,381.56,1,0,43.36,51.67,31.76,1
761.19,6.71,17.47,484.16,14.34,12.94,1368.45,33.54,28.79,2613.8,1,3999.24,1,10056.75,0,0,32.22,17.25,53.38,0
131.4,0.42,10.15,758.26,22.56,26.21,771.38,18.44,22.41,1661.04,2,1980.75,0,1913.23,0,0,5.74,30.53,35.17,0
848.72,4.75,11.03,1220.46,37.87,37.32,146.02,0.63,2.48,2215.2,0,3177.6,1,14506.91,1,0,38.71,49.97,6.6,1
239.6,1.86,7.43,956.27,28.33,23.98,1526.08,45.67,36.34,2721.95,2,3545.49,1,10519.74,0,0,9.02,39.85,64.45,0
721.56,5.48,12.27,1277.35,40.27,45.44,1520.13,47.64,42.86,3519.04,3,6471.96,2,8434.77,0,1,34.9,53.42,65.7,0
575.94,4.52,20.64,201.25,10.51,16.56,267.25,0.0,11.9,1044.45,2,1669.57,0,141.13,0,0,32.99,10.96,3.69,0
747.98,4.65,11.95,1194.29,31.07,38.86,674.51,18.46,15.84,2616.79,2,5967.34,3,6222.34,0,0,31.94,51.37,27.83,0
387.44,1.2,5.4,699.76,26.17,23.42,1047.17,33.33,25.12,2134.37,1,3215.92,1,8854.84,0,0,7.92,33.65,45.87,0
577.25,5.78,13.76,485.61,3.97,11.44,363.68,10.3,6.56,1426.54,1,3485.44,1,11023.29,0,0,30.73,8.26,18.22,0
912.04,4.35,15.51,916.55,28.77,33.31,1031.15,24.6,23.81,2859.75,3,6492.6,3,7382.88,1,0,40.43,42.0,32.16,1
265.13,2.8,9.66,551.3,20.87,22.82,1664.97,51.11,55.69,2481.41,1,3656.94,1,1972.34,0,0,15.93,31.24,78.32,0
911.95,8.75,14.97,482.04,5.16,18.4,967.15,26.2,9.42,2361.15,2,2757.48,1,6961.08,0,0,46.46,9.68,25.71,2
205.65,1.3,13.85,436.4,16.26,8.85,606.55,11.95,10.93,1248.6,2,2337.94,1,853.49,1,0,12.19,15.26,20.43,1
733.73,6.14,18.39,812.49,16.37,27.73,1190.38,32.38,19.98,2736.6,2,3169.8,0,4012.91,0,0,34.64,31.24,47.97,0
1122.53,9.95,23.3,1111.16,17.95,34.04,1018.94,30.17,31.98,3252.63,2,5638.77,2,11691.26,0,0,58.83,41.21,49.07,0
570.07,5.9,16.33,764.64,19.51,30.03,1134.22,23.37,24.35,2468.92,2,4107.06,1,1136.19,0,0,27.45,31.07,44.98,0
327.94,1.46,8.75,1211.41,39.97,35.31,642.4,24.16,15.4,2181.74,2,3582.06,1,8452.49,1,0,7.94,58.18,32.16,1
1018.78,8.02,18.49,741.01,14.77,23.11,752.06,16.73,16.03,2511.86,2,5003.47,2,9554.06,0,0,46.63,25.72,30.84,0
630.21,5.87,18.09,378.3,7.42,8.55,1093.14,29.37,18.98,2101.65,2,4653.96,2,13378.06,0,0,31.33,16.02,40.6,0
1337.43,10.88,27.09,1281.14,33.16,37.16,1310.64,41.19,42.08,3929.21,3,6291.46,2,12054.91,0,0,64.94,43.4,62.04,0
465.41,1.89,14.11,1608.95,54.89,53.84,837.77,26.63,21.79,2912.14,2,5909.2,2,9682.92,1,1,16.3,77.76,31.02,1
882.49,5.76,17.42,234.01,15.93,18.95,1443.1,44.09,43.31,2559.6,2,6066.09,3,2268.01,0,0,39.65,8.33,63.15,0
894.32,7.35,16.55,538.31,7.2,10.35,311.63,0.0,2.4,1744.26,1,4036.99,2,6835.79,0,0,44.58,14.79,7.51,0
282.31,2.26,11.35,469.66,17.39,11.06,1178.93,39.46,34.88,1930.91,2,3806.98,1,10320.75,0,0,9.77,22.65,55.6,0
398.88,3.31,10.95,1269.27,38.02,36.53,2066.31,68.7,52.06,3734.46,3,6101.42,2,12783.76,3,0,18.98,51.14,83.8,0
522.75,1.45,9.9,583.59,22.31,21.38,298.21,3.65,5.79,1404.55,3,829.59,0,9412.75,1,0,14.22,33.52,6.31,1
1051.96,8.16,24.08,775.2,20.68,41.47,694.16,19.9,16.86,2521.31,1,5567.98,2,493.58,1,0,52.22,35.68,31.29,1
646.25,3.98,13.19,989.76,29.77,34.62,356.23,13.44,11.75,1992.24,1,3039.87,0,10415.64,0,0,31.82,43.07,15.63,0
890.01,7.31,19.09,606.91,16.06,25.02,986.65,22.09,24.47,2483.57,2,4589.83,1,1391.79,0,0,42.76,19.78,34.98,0
964.53,9.25,20.17,739.32,18.32,32.16,790.86,23.94,21.24,2494.72,3,3785.92,1,7571.22,0,0,47.93,29.97,33.8,0
304.55,0.95,4.97,307.15,7.91,8.27,572.27,18.81,16.42,1183.96,3,954.4,0,755.47,0,0,3.31,12.69,25.75,0
1263.73,8.97,31.8,1148.6,24.28,31.44,1039.16,24.51,31.65,3451.49,2,6295.8,3,12222.19,0,0,65.86,35.4,40.77,0
439.1,2.73,8.46,1166.26,35.92,46.35,894.14,26.89,23.3,2499.51,1,5256.88,2,3872.05,1,1,16.55,55.84,33.63,1
935.47,7.68,19.34,708.5,28.1,27.01,760.26,27.56,16.58,2404.23,2,2427.57,0,1775.58,0,0,48.06,32.77,32.99,2
961.25,8.61,28.96,1215.21,35.61,38.92,655.97,10.4,10.25,2832.43,1,3721.89,1,11737.99,1,0,56.46,49.96,19.22,1
207.5,0.0,4.52,846.25,29.59,28.64,846.45,27.11,27.24,1900.2,2,4317.76,2,3143.28,0,0,7.08,43.41,34.39,0
1103.05,8.87,23.76,516.94,11.32,16.23,1031.64,30.49,33.85,2651.63,2,3642.11,1,7873.44,1,0,53.04,11.52,38.65,1
535.96,4.71,15.71,658.16,16.86,15.14,950.07,24.43,18.69,2144.18,1,4298.42,2,6071.07,0,0,24.73,23.21,34.96,0
670.79,5.37,20.32,1475.98,50.5,47.63,914.76,36.44,28.29,3061.53,0,2940.42,0,3486.49,0,1,37.96,65.27,43.51,2
819.01,4.73,12.69,1442.67,39.64,44.74,1421.93,45.27,34.75,3683.6,2,5732.85,2,3621.93,1,0,34.01,61.64,55.28,1
130.09,1.04,5.68,593.94,23.64,20.6,509.26,7.82,10.54,1233.3,2,1832.19,0,4479.27,0,0,8.07,30.33,14.41,0
913.19,9.35,17.17,459.1,5.0,8.65,1575.62,48.08,36.37,2947.92,2,3977.89,0,6847.94,0,0,49.72,7.27,66.01,2
1049.55,9.19,28.1,829.07,27.75,25.49,685.49,28.75,25.14,2564.11,0,4132.18,2,3322.96,0,0,58.86,31.96,38.03,0
561.9,4.41,19.13,836.69,21.53,21.21,917.16,29.16,18.73,2315.75,2,1607.1,0,2324.72,0,0,31.38,25.23,36.53,0
160.68,0.37,9.52,542.87,18.39,20.46,355.46,13.49,2.69,1059.01,1,2579.21,1,5393.84,1,0,4.28,24.62,16.2,1
599.75,4.65,14.08,697.29,21.98,27.01,1149.49,41.87,35.98,2446.53,2,4713.77,2,13566.01,0,0,26.16,29.69,54.36,0
885.55,5.96,20.88,366.96,5.78,14.83,348.75,10.11,14.83,1601.25,1,2823.6,1,7496.19,0,0,47.36,8.73,12.47,2
1157.94,8.99,23.4,463.89,10.24,11.76,481.17,28.87,15.01,2103.0,2,2895.79,0,2237.15,1,0,57.38,8.16,27.69,1
622.57,4.0,9.79,1052.27,24.37,31.93,1914.65,58.55,50.1,3589.49,3,4136.44,1,1188.52,3,0,26.72,37.87,83.41,0
298.78,2.09,11.33,223.75,2.46,12.82,868.48,17.71,14.62,1391.01,3,2138.63,0,10129.15,1,0,13.62,3.86,30.42,1
758.36,6.55,17.63,849.83,17.69,25.25,1269.86,39.34,31.44,2878.05,1,4812.39,1,4903.3,0,0,44.41,21.65,51.13,0
1082.19,6.77,15.99,957.52,25.84,41.46,773.87,17.0,14.96,2813.57,0,6602.55,3,10423.84,0,0,48.95,41.14,25.76,0
1144.36,10.68,30.68,1035.48,23.93,39.67,1050.92,29.67,23.66,3230.75,1,6412.05,3,14612.76,0,0,62.11,39.98,45.12,0
750.2,6.06,19.62,1780.37,62.43,66.31,2048.41,60.89,49.8,4578.97,1,6889.86,2,7577.47,3,1,47.06,84.0,86.96,0
565.26,5.84,15.77,924.12,22.9,31.85,457.03,16.82,5.01,1946.41,1,4980.47,2,4144.03,0,0,28.69,40.92,21.63,0
375.25,2.49,9.4,1068.34,39.53,27.76,384.4,13.08,6.5,1827.99,3,2486.16,0,10403.63,0,0,13.81,51.15,22.23,0
309.73,2.07,11.72,892.29,31.57,30.82,1223.6,42.73,26.04,2425.62,1,5080.59,2,11205.23,1,0,9.5,47.02,56.58,1
749.99,6.81,15.38,453.25,0.86,15.59,535.92,14.77,11.4,1739.16,1,1817.3,1,13384.44,0,0,42.27,8.15,23.63,0
409.11,5.18,16.56,889.83,29.3,21.23,448.59,17.23,10.67,1747.53,1,3398.83,1,11000.3,0,0,26.5,34.06,19.84,0
1093.89,9.22,24.1,1107.74,24.75,29.41,270.35,2.1,2.96,2471.98,2,4257.75,1,865.1,0,0,54.97,45.64,2.62,2
933.88,8.27,22.16,505.38,13.85,17.6,581.73,17.82,17.73,2020.99,2,5017.35,2,10721.22,0,0,45.14,13.39,23.04,0
516.04,3.76,10.53,549.4,27.76,18.77,1314.1,27.63,21.74,2379.54,3,4911.5,2,3606.96,0,0,19.26,23.15,45.9,0
1305.9,11.08,26.16,1016.16,34.03,36.2,1588.58,36.57,40.73,3910.64,2,6070.39,2,2675.41,0,0,63.65,38.88,61.19,0
971.31,7.25,24.86,917.99,21.55,35.09,343.61,13.4,8.38,2232.9,2,2332.71,0,2470.28,0,0,48.87,32.54,16.11,2
738.16,6.2,16.98,556.62,18.97,23.02,508.15,18.18,11.21,1802.92,1,4510.11,2,219.96,0,0,40.65,18.32,14.34,0
801.25,6.77,18.19,1213.06,40.07,43.8,795.77,16.36,18.98,2810.08,0,4323.4,1,2307.61,0,0,42.21,50.74,27.32,2
1250.7,10.58,27.41,752.95,20.35,37.76,1397.6,50.14,37.57,3401.25,2,3976.7,1,11624.49,0,0,66.12,33.79,61.07,2
666.23,6.32,13.48,932.14,19.56,26.14,1087.03,33.68,28.75,2685.4,0,3166.88,0,13368.73,0,0,36.64,33.51,45.23,0
677.26,3.94,14.13,1524.35,44.36,41.77,148.32,2.24,6.17,2349.93,2,4471.64,2,4820.65,1,0,28.38,61.94,5.65,1
713.15,4.89,15.09,716.56,18.0,16.86,999.27,20.21,28.39,2428.97,3,4335.61,2,6426.96,0,0,30.61,22.61,30.5,0
878.99,8.6,24.77,615.4,19.81,26.58,1385.98,38.11,42.21,2880.37,1,4827.54,2,782.59,0,0,50.59,22.35,51.56,0
672.06,3.96,15.43,727.95,19.99,13.7,943.0,34.31,22.72,2343.01,1,3438.57,1,8841.54,0,0,34.32,22.86,40.1,0
888.17,6.56,11.85,775.31,20.31,22.73,1382.09,38.32,36.67,3045.57,2,4198.45,1,310.93,0,0,35.73,27.74,51.63,0
369.08,3.38,8.91,397.27,11.33,12.7,648.35,19.26,16.68,1414.71,1,4685.72,1,7094.63,0,0,10.89,19.06,27.4,0
219.9,0.38,6.0,775.67,28.67,21.35,764.0,20.13,18.3,1759.57,0,3083.59,1,3024.11,1,0,6.94,35.75,26.31,1
556.18,4.64,8.99,727.34,25.6,22.68,861.18,19.83,17.55,2144.71,2,5018.76,2,7889.57,0,0,21.58,30.13,33.89,0
567.08,3.34,12.87,813.57,32.68,28.17,906.71,23.83,27.26,2287.37,1,4082.79,1,14699.46,0,0,19.73,45.88,37.53,2
1006.38,7.46,23.95,1312.3,36.68,46.86,257.63,10.02,9.74,2576.31,0,5465.93,3,3281.85,0,1,51.04,53.49,12.25,0
273.51,3.35,12.7,693.32,22.06,27.88,1020.14,32.41,31.87,1986.96,1,3728.09,1,1084.23,0,0,16.78,34.26,44.92,0
612.7,5.68,15.15,1022.73,28.41,38.03,869.75,22.86,16.93,2505.19,1,5893.94,2,4939.96,1,0,25.77,49.05,32.67,1
1042.39,7.58,24.5,1361.1,36.56,47.11,527.53,14.59,0.91,2931.02,2,3359.41,1,862.76,0,1,49.42,56.36,19.57,2
579.64,4.3,17.29,853.04,31.01,38.15,119.14,1.33,9.8,1551.83,3,2207.08,0,2530.66,0,0,32.23,36.04,2.84,0
429.88,1.14,17.47,1430.64,49.37,46.6,707.3,10.65,10.2,2567.83,1,4825.96,2,763.89,0,1,18.28,70.29,21.44,0
96.98,0.6,10.98,957.26,27.68,26.51,285.71,2.3,4.59,1339.95,2,2781.67,1,10186.89,0,0,4.46,42.93,8.31,0
561.5,5.58,17.63,1007.39,32.13,42.6,659.96,20.68,23.11,2228.86,0,2723.2,0,5894.93,0,0,34.06,46.05,25.9,2
932.34,8.87,16.05,147.64,0.0,8.67,1489.51,52.99,35.59,2569.5,3,2397.49,0,7792.44,0,0,46.37,1.23,66.06,0
1118.44,9.69,28.54,740.65,15.73,19.91,506.18,14.16,12.86,2365.27,1,2158.68,0,9983.97,1,0,51.24,19.96,17.58,1
1233.77,9.5,26.13,1200.25,31.0,43.4,1537.19,40.65,46.22,3971.21,2,5678.29,2,2410.7,1,0,62.67,46.31,63.09,1
940.69,8.17,23.34,1733.85,51.94,54.63,1281.29,41.66,33.35,3955.83,0,5580.66,1,11360.04,0,1,47.03,74.49,53.48,3
1002.53,8.23,26.43,554.11,0.0,24.12,1157.42,32.39,35.99,2714.06,2,3063.25,0,6285.24,0,0,57.17,7.79,45.84,2
382.78,2.3,9.56,804.79,21.13,25.82,445.36,16.43,11.87,1632.92,2,807.22,0,9593.32,1,0,14.03,35.8,19.15,1
1308.6,11.21,28.31,915.95,25.64,33.75,319.99,11.26,13.48,2544.53,1,3544.73,0,13794.36,2,1,70.72,34.86,15.38,2
880.42,6.97,20.74,1193.01,35.84,44.47,1451.56,48.57,37.36,3525.0,0,6346.93,2,1304.8,0,0,47.93,52.05,63.06,0
1007.26,7.52,13.62,1533.34,42.08,38.85,664.59,20.22,11.46,3205.19,1,4567.9,2,12848.92,1,0,47.59,56.77,24.18,1
646.14,6.57,14.39,901.56,26.57,27.37,776.05,13.55,16.77,2323.75,0,5123.97,2,8737.56,0,0,36.86,36.53,26.49,0
418.14,4.03,10.43,695.38,28.69,27.26,643.79,13.99,0.0,1757.31,0,2044.08,1,6172.91,0,0,19.73,32.96,15.01,0
270.25,2.39,10.64,1227.99,26.8,32.02,1332.5,38.05,28.3,2830.73,2,5160.35,2,10691.67,0,0,15.67,54.88,53.55,0
376.38,2.78,13.01,212.16,5.04,6.75,69.05,5.42,4.26,657.59,2,908.48,0,1934.5,0,0,17.8,7.55,8.27,0
580.64,4.54,16.42,1444.2,48.15,50.5,968.41,26.9,22.27,2993.25,0,4403.5,1,9840.67,1,1,37.56,65.13,34.6,1
821.84,6.43,20.63,1091.64,26.3,34.95,471.11,12.78,16.31,2384.58,3,4316.61,1,4220.22,0,0,38.81,37.12,15.43,0
1166.1,9.16,24.83,1086.11,27.93,40.02,398.45,9.76,9.22,2650.65,2,3887.0,1,2673.28,0,0,58.6,41.38,17.17,2
1028.56,6.81,18.98,684.82,19.72,17.06,1817.32,54.16,41.94,3530.7,2,4748.63,1,1795.02,0,0,43.02,30.68,74.77,0
1152.45,8.98,25.63,657.52,13.39,26.97,482.07,5.31,10.68,2292.05,2,2473.84,0,14166.16,0,0,58.5,22.8,15.9,2
423.19,2.93,15.28,300.86,10.38,20.05,941.71,32.27,21.96,1665.76,2,2432.22,1,8600.05,0,0,23.08,17.34,40.91,0
804.95,5.04,16.85,1544.87,46.84,58.58,668.84,19.79,8.89,3018.66,1,5046.11,2,10792.26,0,1,35.87,72.16,25.76,3
1474.12,11.16,31.7,959.32,18.87,27.14,883.69,30.16,21.37,3317.13,1,5269.24,1,11826.52,1,0,73.14,28.48,40.15,1
395.96,0.82,11.35,1537.51,49.33,42.45,906.24,24.81,18.39,2839.7,1,2444.14,0,3610.7,2,1,11.75,75.23,38.01,2
278.17,3.39,13.54,840.16,20.02,18.57,167.25,19.06,8.72,1285.58,2,1960.48,0,1939.09,0,0,19.72,22.34,9.45,0
1224.19,11.12,26.34,494.71,13.57,22.49,1436.87,45.87,32.7,3155.77,1,6046.18,3,12700.62,0,0,66.68,24.3,59.29,0
798.28,6.92,18.94,1140.19,40.69,37.54,601.9,14.44,15.98,2540.38,2,3332.15,1,4696.78,0,0,43.94,49.14,21.58,2
1299.83,9.9,28.09,685.59,18.56,26.84,408.48,8.98,2.87,2393.9,3,4860.86,2,1856.52,0,0,60.97,21.07,9.32,0
544.34,3.37,12.37,1088.84,37.83,36.77,1087.52,30.82,25.78,2720.71,3,3989.84,1,8257.07,0,0,22.22,47.31,40.78,0
378.19,2.76,6.7,230.38,2.31,6.49,695.55,23.1,20.59,1304.12,1,1064.32,0,8103.79,0,0,11.54,3.47,30.52,0
438.62,4.0,13.79,770.29,18.33,28.52,725.07,5.85,13.54,1933.97,2,2185.58,1,11053.82,0,0,24.75,32.68,27.11,0
1263.58,10.65,30.14,789.84,7.16,28.72,908.06,25.95,17.17,2961.48,2,5946.66,2,4651.05,0,0,65.17,19.95,35.27,0
1167.93,11.47,31.43,329.42,9.63,19.97,387.31,16.19,13.34,1884.66,2,5192.1,3,14767.88,0,0,67.67,8.97,17.15,0
438.43,3.95,16.75,661.1,18.53,22.56,1141.9,28.72,22.77,2241.43,2,4802.44,2,4364.36,0,0,24.81,27.02,43.69,0
1146.74,10.51,25.65,1368.21,41.38,55.34,690.56,14.09,11.48,3205.51,2,5278.13,2,10923.4,0,1,58.71,61.68,28.74,3
1053.61,7.96,24.73,385.93,9.84,19.79,1441.13,43.03,35.2,2880.67,2,3667.8,1,11342.37,0,0,53.1,10.31,64.35,2
798.63,7.49,21.68,853.56,34.85,31.74,153.34,3.1,0.0,1805.54,0,1675.79,0,11220.24,0,0,38.18,34.74,3.64,0
